PROVINSI,KABUPATEN,KECAMATAN,KELURAHAN,Nama_Sekolah,NPSN,Alamat,Status,Bentuk_Pendidikan,Latitude,Longitude
SULAWESI BARAT,MAMUJU TENGAH,BUDONG-BUDONG,LUMU,SMKS SALUMANURUNG,69774916,SALUMANURUNG,SWASTA,SMK,-2.1625,119.3095
SULAWESI BARAT,MAMUJU TENGAH,BUDONG-BUDONG,KIRE,SMKN 1 BUDONG BUDONG,69786950,Dusun Rantekombiling,NEGERI,SMK,-2.1374,119.2238
SULAWESI BARAT,MAMUJU TENGAH,BUDONG-BUDONG,SALUGATTA,SMAN 3 BUDONG-BUDONG,60728421,Jalan Pendidikan,NEGERI,SMA,-2.1766,119.2302
SULAWESI BARAT,MAMUJU TENGAH,BUDONG-BUDONG,LUMU,SMAN 2 BUDONG-BUDONG,60728430,Jl. Poros Babana-Lumu,NEGERI,SMA,-2.1731,119.1663
SULAWESI BARAT,MAMUJU TENGAH,BUDONG-BUDONG,BABANA,SMAN 1 BUDONG-BUDONG,40600230,JL. PENDIDIKAN BABANA,NEGERI,SMA,-2.0851,119.2029
SULAWESI BARAT,MAMUJU TENGAH,BUDONG-BUDONG,PONTANAKAYANG,MAS AN-NAHDHAH,40605967,JL. KIHAJAR DEWANTARA RT. 01/RW.03,SWASTA,MA,-2.1605,119.2599
SULAWESI BARAT,MAMUJU TENGAH,BUDONG-BUDONG,BARAKKANG,MAS Al-Chaeriyah Ma`arif Barakkang,69889101,Jln. Trans Sulawesi,SWASTA,MA,-2.1508,119.2451
SULAWESI BARAT,MAMUJU TENGAH,BUDONG-BUDONG,BABANA,MA NURUL ILMI,70025982,Jln. Poros Polohu Babana Dusun Karondang Desa Babana,SWASTA,MA,-2.08681207036116,119.233653539959
SULAWESI BARAT,MAMUJU TENGAH,KAROSSA,TASOKKO,MAS AL-AMANAH WAIKAYA,60404204,WAIKAYA DESA TASOKKO KOROSSA,SWASTA,MA,-1.8924,119.3626
SULAWESI BARAT,MAMUJU TENGAH,KAROSSA,KAROSSA,MAS AL-MAARIF,69788086,KPP. LOTU RT 01 RW 01 DESA KAROSSA,SWASTA,MA,-1.8003,119.4055
SULAWESI BARAT,MAMUJU TENGAH,KAROSSA,KAROSSA,MAS KAROSSA,69734324,DUSUN DURIKUMBA DESA KAROSSA,SWASTA,MA,-1.8002,119.3951
SULAWESI BARAT,MAMUJU TENGAH,KAROSSA,KAROSSA,SMAN 1 KAROSSA,40605623,"JL. LARA III, DUSUN LOTU",NEGERI,SMA,-1.8037,119.3927
SULAWESI BARAT,MAMUJU TENGAH,KAROSSA,TASOKKO,SMAN 2 KAROSSA,60728425,Tomemba,NEGERI,SMA,-1.9238,119.3571
SULAWESI BARAT,MAMUJU TENGAH,KAROSSA,KAROSSA,SMKN KAROSSA,40600211,MORA KM. 6 KAROSSA,NEGERI,SMK,-1.802,119.3914
SULAWESI BARAT,MAMUJU TENGAH,KAROSSA,LARA,SMKS BINA HARAPAN,69940183,Jl. Poros Lara,SWASTA,SMK,-1.8644,119.8549
SULAWESI BARAT,MAMUJU TENGAH,TOPOYO,BUDONG-BUDONG,MA NURUL HASAN TUMBU,69849494,JL.Poros Topoyo Tumbu,SWASTA,MA,-2.0243,119.2388
SULAWESI BARAT,MAMUJU TENGAH,TOPOYO,TOPOYO,MAS DARUL ISTIQAMAH TOPOYO,60404226,"JL. PESANTREN NO.3 DESA TOPOYO, TOPOYO",SWASTA,MA,-1.865163,119.425886
SULAWESI BARAT,MAMUJU TENGAH,TOPOYO,TOPOYO,MAS DDI TOPOYO,60404223,TOPOYO 2,SWASTA,MA,-1.945403,119.450595
SULAWESI BARAT,MAMUJU TENGAH,TOPOYO,SALULEBO,MAS HUSNAYAIN SALULEBO,60404225,DESA SALULEBO TOPOYO MAMUJU SUL-BAR,SWASTA,MA,-2.0408,119.4422
SULAWESI BARAT,MAMUJU TENGAH,TOPOYO,TOPOYO,MAS Plus YPUI Al-Ikhwan,60404224,JL. PESANTREN NO. 4 TOPOYO,SWASTA,MA,-2.066,119.2727
SULAWESI BARAT,MAMUJU TENGAH,TOPOYO,BUDONG-BUDONG,MAS SINAR ILMU BUDONG-BUDONG,69788161,"Jl. Pue ballung, Patulana, RT 002",SWASTA,MA,-1.903127,119.566419
SULAWESI BARAT,MAMUJU TENGAH,TOPOYO,SALUPANGKANG,SMA NEGERI 2 TOPOYO,69905907,Salupangkang,NEGERI,SMA,-1.9984516,119.4704854
SULAWESI BARAT,MAMUJU TENGAH,TOPOYO,WAE PUTEH,SMAN 1 TOPOYO,40604355,JL. POROS TUMBU TOPOYO,NEGERI,SMA,-2.0532,119.2726
SULAWESI BARAT,MAMUJU TENGAH,TOPOYO,SALULEBO,SMAS AL-MUJABIR NUR,70038703,Dusun Karomana,SWASTA,SMA,-2.0468,119.4137
SULAWESI BARAT,MAMUJU TENGAH,TOPOYO,TABOLANG,SMKN TOPOYO,40604711,JL. POROS TABOLANG,NEGERI,SMK,-2.0519,119.3125
SULAWESI BARAT,MAMUJU TENGAH,TOBADAK,POLONGAAN,MA Baiturrahman,69849493,Anggrek,SWASTA,MA,-1.922302,119.612748
SULAWESI BARAT,MAMUJU TENGAH,TOBADAK,BATU PARIGI,SMA NEGERI 2 TOBADAK,69905126,Dusun Pandoang-Doang,NEGERI,SMA,-2.0756,119.42
SULAWESI BARAT,MAMUJU TENGAH,TOBADAK,MAHAHE,SMAN 1 TOBADAK,40604354,TOBADAK II,NEGERI,SMA,-2.1151,119.3591
SULAWESI BARAT,MAMUJU TENGAH,TOBADAK,TOBADAK,SMKN 1 TOBADAK,60728435,TOBADAK,NEGERI,SMK,-1.9923,119.5544
SULAWESI BARAT,MAMUJU TENGAH,PANGALE,KUO,MA MIFTAHUL MARDIYAH KUO,69849491,Jalan Santri No.02,SWASTA,MA,-2.2515,119.2286
SULAWESI BARAT,MAMUJU TENGAH,PANGALE,KUO,MAS AWALUDDIN KUO,60404215,Jl. Santri No. 01,SWASTA,MA,-2.2523,119.23
SULAWESI BARAT,MAMUJU TENGAH,PANGALE,POLO PANGALE,SMAN 1 PANGALE,40600231,JL. POROS MAMUJU - PASANGKAYU,NEGERI,SMA,-2.2718,119.2
SULAWESI BARAT,MAMUJU TENGAH,PANGALE,LEMO-LEMO,SMKS BINA KARYA,69940185,Jl. Poros Lemo-Lemo,SWASTA,SMK,-2.238367,119.225167
SULAWESI BARAT,MAMUJU TENGAH,PANGALE,PANGALE,SMKS JUAN PATTAROPURA,69907901,Dusun Karama,SWASTA,SMK,-2.2933174,119.1627468
SULAWESI BARAT,PASANGKAYU,PASANGKAYU,PASANGKAYU,MAS DDI PASANGKAYU,60404235,JL.CAMAR,SWASTA,MA,-1.309355,119.4349
SULAWESI BARAT,PASANGKAYU,PASANGKAYU,PASANGKAYU,SMA NEGERI 2 PASANGKAYU,69833165,PASANGKAYU,NEGERI,SMA,-1.1802,119.3437
SULAWESI BARAT,PASANGKAYU,PASANGKAYU,PASANGKAYU,SMAN 1 PASANGKAYU,40601851,JL. ANDI DEPU,NEGERI,SMA,-1.1764,119.3607
SULAWESI BARAT,PASANGKAYU,PASANGKAYU,PASANGKAYU,SMK Bintang Sembilan,70042868,Jl. Moh. Hatta,SWASTA,SMK,-1.1742,119.3503
SULAWESI BARAT,PASANGKAYU,PASANGKAYU,GUNUNG SARI,SMKN 1 PASANGKAYU,40602429,Jl. Poros PT. PASANGKAYU,NEGERI,SMK,-1.2035,119.4427
SULAWESI BARAT,PASANGKAYU,PASANGKAYU,PASANGKAYU,SMKN 2 PASANGKAYU,69877308,JL. TRANS SULAWESI,NEGERI,SMK,-1.1807,119.3483
SULAWESI BARAT,PASANGKAYU,PASANGKAYU,PASANGKAYU,SMKS KARYA BANGSA PASANGKAYU,69755558,Jl. May Jend. A. Yani Lorong Tanjung Babia 1,SWASTA,SMK,-1.2457,119.3524
SULAWESI BARAT,PASANGKAYU,PASANGKAYU,PASANGKAYU,SMKS PEDULI BANGSA PASANGKAYU,69984990,JL.LING. TANJUNG BABIA,SWASTA,SMK,-1.1755,119.366
SULAWESI BARAT,PASANGKAYU,SARUDU,SARUDU,MAS DDI SARUDU,60404237,JL. TRANS SULAWESI - TANAMONI KECAMATAN SARUDU,SWASTA,MA,-1.170315,119.504845
SULAWESI BARAT,PASANGKAYU,SARUDU,SARUDU,SMAN 1 SARUDU,40601859,JL. TRANS SULAWESI,NEGERI,SMA,-1.6901,119.2879
SULAWESI BARAT,PASANGKAYU,SARUDU,BULU MARIO,SMKN 1 SARUDU,40605628,Jl.Banteng Desa Bulu Mario,NEGERI,SMK,-1.6827,119.3437
SULAWESI BARAT,PASANGKAYU,BARAS,BARAS,MAS AL BANA ASING HAMZANWADI NW,60404229,JL. TRANS SULAWESI DUSUN MAJENE,SWASTA,MA,-1.5122,119.3397
SULAWESI BARAT,PASANGKAYU,BARAS,BARAS,MAS AL-KHAIRAAT BARAS,60404228,Jalan Trans Sulawesi (Bukit Vina) Kelurahan Baras,SWASTA,MA,-1.576,119.3275
SULAWESI BARAT,PASANGKAYU,BARAS,BULU PARIGI,SMAN 1 BARAS,40601857,JL.TRANS SULAWESI,NEGERI,SMA,-1.6099,119.3133
SULAWESI BARAT,PASANGKAYU,BARAS,KASANO,SMK-ALFALAH,69990259,Desa Kasano,SWASTA,SMK,-1.5501,119.3585
SULAWESI BARAT,PASANGKAYU,BARAS,KASANO,SMKN 1 BARAS,40604625,Jl. Dg. Mattahang,NEGERI,SMK,-1.5351,119.3401
SULAWESI BARAT,PASANGKAYU,BARAS,BALANTI,SMKN 2 BARAS,40604636,"Jl. Pendidikan, Dusun Sidomaju",NEGERI,SMK,-1.5745,119.403
SULAWESI BARAT,PASANGKAYU,BAMBALAMUTU,BAMBALAMOTU,SMAN 1 BAMBALAMUTU,40601852,JL. SAWI BAMBALAMOTU,NEGERI,SMA,-1.0976,119.4606
SULAWESI BARAT,PASANGKAYU,BAMBALAMUTU,RANDOMAYANG,SMKN 1 BAMBALAMUTU,40605630,JALAN TRANS SULAWESI,NEGERI,SMK,-1.0366,119.481
SULAWESI BARAT,PASANGKAYU,DAPURANG,DAPURANG,MA AS'ADIYAH DARUSSALAM BELAWA RAHMAT,70026979,Dusun Belawa Rahmat Desa Dapurang,SWASTA,MA,-1.7657,119.3353
SULAWESI BARAT,PASANGKAYU,DAPURANG,BENGGAULU,MAS DARUL ULUM BENGGAULU,60404231,Dusun Funju,SWASTA,MA,-1.7387,119.4097
SULAWESI BARAT,PASANGKAYU,DAPURANG,BENGGAULU,MAS YADI CABANG FUNJU,60404232,JL.SP.5 LOR III DUSUN MAROS BARU,SWASTA,MA,-1.686844,119.398188
SULAWESI BARAT,PASANGKAYU,DAPURANG,BULU BONGGU,SMA INTEGRAL DARUL HIJRAH,70041179,Desa/Kel: Bulubonggu,SWASTA,SMA,-1.7136,119.4275
SULAWESI BARAT,PASANGKAYU,DAPURANG,DAPURANG,SMAN 1 DAPURANG,40604958,Jl. Trans Sulawesi Poros Palu-Mamuju Dusun Kampung Baru,NEGERI,SMA,-1.7438,119.3494
SULAWESI BARAT,PASANGKAYU,DAPURANG,SARASA,SMKN 1 DAPURANG,40605629,Kasalai,NEGERI,SMK,-1.7492,119.5546
SULAWESI BARAT,PASANGKAYU,DAPURANG,BENGGAULU,SMKS SMART JAYA,69978089,JL TRANS SULAWESI DESA BENGGAULU DAPURANG,SWASTA,SMK,-1.655757,119.5790031
SULAWESI BARAT,PASANGKAYU,DURIPOKU,TAMMARUNANG,MAS NURUL JADID,60404233,JL. PENDIDIKAN NO.10,SWASTA,MA,-1.105608,119.474159
SULAWESI BARAT,PASANGKAYU,DURIPOKU,TAMMARUNANG,SMA NEGERI 1 DURIPOKU,69899277,Dusun Mata Allo,NEGERI,SMA,-1.653067,119.418831
SULAWESI BARAT,PASANGKAYU,BULU TABA,KARAVE,MAS Al-Hikmah,60404230,Jl. Masjid No. 5,SWASTA,MA,-1.4908,119.4076
SULAWESI BARAT,PASANGKAYU,BULU TABA,LILIMORI,SMAN 1 BULUTABA,40601855,JL. SULTAN HASANUDDIN,NEGERI,SMA,-1.4752,119.4189
SULAWESI BARAT,PASANGKAYU,LARIANG,BATU MATORU,SMAN 1 LARIANG,69786227,JALAN PENDIDIKAN,NEGERI,SMA,-1.3395,119.3928
SULAWESI BARAT,PASANGKAYU,LARIANG,BAJAWALI,SMK NEGERI 1 LARIANG,70027297,Bajawali,NEGERI,SMK,-1.4914,119.3643
SULAWESI BARAT,PASANGKAYU,TIKKE RAYA,JENGENG RAYA,SMAN 1 TIKKE RAYA,40604959,JL. TRANS SULAWESI,NEGERI,SMA,-1.3398,119.369
SULAWESI BARAT,PASANGKAYU,TIKKE RAYA,PAJALELE,SMKN 1 TIKKE,69877290,DESA PAJALELE,NEGERI,SMK,-1.2991,119.3458
SULAWESI BARAT,PASANGKAYU,PEDONGGA,MALEI,MAN 1 PASANGKAYU,60404236,JL. TRANS SULAWESI PEDANDA,NEGERI,MA,-1.1976,119.3388
SULAWESI BARAT,PASANGKAYU,BAMBAIRA,KALUKU NANGKA,MAS DDI KALUKUNANGKA,60404227,KALUKUNANGKA,SWASTA,MA,-1.154392,119.54294
SULAWESI BARAT,PASANGKAYU,BAMBAIRA,BAMBAIRA,SMAN 1 BAMBAIRA,69786226,Jln. Pendidikan,NEGERI,SMA,-0.9845,119.5007
SULAWESI BARAT,PASANGKAYU,SARJO,SARJO,SMA NEGERI 1 SARJO,69899684,"Dusun Balabonda, Desa Sarjo, Sarjo, Pasangkayu",NEGERI,SMA,-0.8753,119.5514
SULAWESI BARAT,PASANGKAYU,SARJO,LETAWA,SMKN 1 SARJO,40604626,JL.TRANS SULAWESI,NEGERI,SMK,-0.9036,119.5386
SULAWESI BARAT,MAMUJU,TAPALANG,KASAMBANG,MAS AL-AMIN DDI TAPALANG,60404220,JL.JEND.SUDIRMAN NO. 4 TAPALANG,SWASTA,MA,-2.769369,118.95343
SULAWESI BARAT,MAMUJU,TAPALANG,KASAMBANG,SMAN 1 TAPALANG,40600228,JL. POROS TAPALANG - MAJENE,NEGERI,SMA,-2.8774,118.8844
SULAWESI BARAT,MAMUJU,TAPALANG,TAAN,SMAN 2 TAPALANG,40605658,Taan,NEGERI,SMA,-2.9171,118.8832
SULAWESI BARAT,MAMUJU,TAPALANG,TAKANDEANG,SMKN 1 TAPALANG,69786951,Jl. Poros Mamuju-Majene Km. 29,NEGERI,SMK,-2.8295,118.8611
SULAWESI BARAT,MAMUJU,MAMUJU,KAREMA,MAN 1 MAMUJU,60404205,JL. SOEKARNO HATTA,NEGERI,MA,-2.700503,118.90039
SULAWESI BARAT,MAMUJU,MAMUJU,BATU PANU,MAS Al-Ishlah,69881535,Poros Desa Batu Pannu,SWASTA,MA,-2.664,118.9343
SULAWESI BARAT,MAMUJU,MAMUJU,MAMUNYU,MAS AL-MUNAWWARAH SALUTALAWAR,60404209,JL.POROS MAMUJU-KALUKKU KM 19,SWASTA,MA,-2.644,118.9586
SULAWESI BARAT,MAMUJU,MAMUJU,MAMUNYU,MAS AMALIYAH GUPPI MAMUJU,60404208,JL. IR. H. JUANDA NO. 3 MAMUJU,SWASTA,MA,-2.725712,118.857097
SULAWESI BARAT,MAMUJU,MAMUJU,KAREMA,SMA MUHAMMADIYAH MAMUJU,70014908,JL. SUKARNO HATTA NO 35,SWASTA,SMA,-2.6926,118.8818
SULAWESI BARAT,MAMUJU,MAMUJU,KAREMA,SMAIT BUAHATI ISLAMIC SCHOOL MAMUJU,70030608,Jl. Hapati hasan No. 7,SWASTA,SMA,-2.6923114744209,118.876426643105
SULAWESI BARAT,MAMUJU,MAMUJU,BINANGA,SMAN 1 MAMUJU,40600227,JL. KUMBANG LOLLO NO. 1,NEGERI,SMA,-2.6753483,118.889505
SULAWESI BARAT,MAMUJU,MAMUJU,KAREMA,SMAN 2 MAMUJU,40600229,JL. SOEKARNO HATTA,NEGERI,SMA,-2.6911317,118.8836783
SULAWESI BARAT,MAMUJU,MAMUJU,KAREMA,SMAN 3 MAMUJU,40604655,JL. SOEKARNO HATTA NO. 165,NEGERI,SMA,-2.692865,118.8856233
SULAWESI BARAT,MAMUJU,MAMUJU,KAREMA,SMK MUHAMMADIYAH MAMUJU,69859685,JL. SOEKARNO HATTA,SWASTA,SMK,-2.6924233,118.88186
SULAWESI BARAT,MAMUJU,MAMUJU,BINANGA,SMK NEGERI 1 MAMUJU,69859684,Jl. Muh. Husni Thamrin,NEGERI,SMK,-2.6791,118.8993
SULAWESI BARAT,MAMUJU,MAMUJU,TADUI,SMKS 1 TANRATUPATTANABALI,40600223,JLN.H.JUANDA NO.77 MAMUJU,SWASTA,SMK,-2.6432165,118.9429067
SULAWESI BARAT,MAMUJU,MAMUJU,KAREMA,SMKS GAFUR YAHYA MAMUJU,40604484,JL. H. HAPATI HASAN (BTN) BUKIT KAREMA INDAH,SWASTA,SMK,-2.6922033,118.876385
SULAWESI BARAT,MAMUJU,MAMUJU,KAREMA,SMKS KEPERAWATAN ST. FATIMAH,69774917,Jl. Soekarno Hatta No.09 Mamuju,SWASTA,SMK,-2.697,118.8721
SULAWESI BARAT,MAMUJU,MAMUJU,MAMUNYU,SMKS KOMPUTER TIWIK RAMA,40600233,IR.H.JUANDA KM 3 NO.77 MAMUJU,SWASTA,SMK,-2.6731157,118.9019634
SULAWESI BARAT,MAMUJU,MAMUJU,KAREMA,SMKS PELAYARAN SAMUDRA MAMUJU,40600212,JLN. MUSA KARIM II NO.17 MAMUJU,SWASTA,SMK,-2.6915,118.8787
SULAWESI BARAT,MAMUJU,MAMUJU,MAMUNYU,SMTK SETIA MAMUJU,69888541,Jl. Poros Mamuju-Kalubibing,SWASTA,SMTK,-2.6757,118.9132
SULAWESI BARAT,MAMUJU,KALUKKU,SONDOANG,MA MANDALA NUSANTARA,69976565,JL. POROS KALUMPANG,SWASTA,MA,-2.5628,119.0871
SULAWESI BARAT,MAMUJU,KALUKKU,BELANG-BELANG,MAS AN-NUR MAARIF BAKENGKENG,60404203,DESA BAKENGKENG KALUKKU,SWASTA,MA,-2.4837,119.1265
SULAWESI BARAT,MAMUJU,KALUKKU,SINYONYOI,MAS DDI LOMBANG-LOMBANG,60404202,Jl. TRANS SULAWESI,SWASTA,MA,-2.5762,119.0363
SULAWESI BARAT,MAMUJU,KALUKKU,KALUKKU,SMAN 1 KALUKKU,40600226,JL. Pahlawan No. 17 Tasiu,NEGERI,SMA,-2.5401,119.0712
SULAWESI BARAT,MAMUJU,KALUKKU,BEBANGA,SMAN 2 KALUKKU,40605302,JL. POROS MAMUJU KALUKKU,NEGERI,SMA,-2.6174,119.0025
SULAWESI BARAT,MAMUJU,KALUKKU,K E A N G,SMAN 3 KALUKKU,69830629,TEBELALANG,NEGERI,SMA,-2.6462,119.1405
SULAWESI BARAT,MAMUJU,KALUKKU,KALUKKU,SMAS BUDI MULIA,40600210,JL. VETERAN KALUKKU,SWASTA,SMA,-2.5424,119.0655
SULAWESI BARAT,MAMUJU,KALUKKU,SINYONYOI,SMAS Darul Ilmi Sampoang,69965180,JL. Poros - Mamuju-Pammulukang Kel. Sinyonyoi Selatan Kalukku KodePos 91561,SWASTA,SMA,-2.5823,119.047
SULAWESI BARAT,MAMUJU,KALUKKU,KALUKKU,SMK NEGERI SULBAR,69931900,Jl. Pahlawan Kalukku,NEGERI,SMK,-2.5375,119.0705
SULAWESI BARAT,MAMUJU,KALUKKU,POKKANG,SMK NURUL MUKMININ KALUKKU,69950249,Jl. Poros Pokkang,SWASTA,SMK,-2.5381,119.0858
SULAWESI BARAT,MAMUJU,KALUKKU,KABULOANG,SMKS BINA BAKTI,69774922,KABULOANG,SWASTA,SMK,-2.4927,119.1109
SULAWESI BARAT,MAMUJU,KALUKKU,KALUKKU,SMKS BUDI MULYA KALUKKU,40604360,JL. VETERAN TASIU,SWASTA,SMK,-2.5426,119.0656
SULAWESI BARAT,MAMUJU,KALUKKU,BEBANGA,SMKS DARUL QURAN WAL-HADITS NW,69774921,Jl. Poros Wisata Gentungan,SWASTA,SMK,-2.6023,119.0274
SULAWESI BARAT,MAMUJU,KALUKKU,SINYONYOI,SMKS PUNGGAWA MALOLO,69774915,Jl. Punggawa Malolo Lr. Kapandeang Lombang-Lombang,SWASTA,SMK,-2.5647,119.0368
SULAWESI BARAT,MAMUJU,KALUMPANG,KARAMA,SMAN 1 KALUMPANG,40605303,KARAMA,NEGERI,SMA,-2.3954,119.6457
SULAWESI BARAT,MAMUJU,KALUMPANG,KALUMPANG,SMKN KALUMPANG,40604356,JLN. ANOA,NEGERI,SMK,-2.4804,119.487
SULAWESI BARAT,MAMUJU,TAPALANG BARAT,DUNGKAIT,MAS AL-ARSYAD DUNGKAIT,60404221,DESA DUNGKAIT TAPALANG BARAT,SWASTA,MA,-2.8526,118.7987
SULAWESI BARAT,MAMUJU,TAPALANG BARAT,LEBANI,MAS LEBANI,60404222,LEBANI UTARA,SWASTA,MA,-2.871301,119.022744
SULAWESI BARAT,MAMUJU,TAPALANG BARAT,AHU,MAS REZKI ANUGERAH AHU,69788115,JL. POROS TAPALANG BARAT DUSUN KABAENA,SWASTA,MA,-2.8472,118.8101
SULAWESI BARAT,MAMUJU,TAPALANG BARAT,LABUANG RANO,SMA NEGERI 1 TAPALANG BARAT,69900176,Labuang Rano,NEGERI,SMA,-2.7988252,118.7997903
SULAWESI BARAT,MAMUJU,TAPALANG BARAT,PASABU,SMKN 1 TAPALANG BARAT,40604358,PASABU TAPALANG BARAT,NEGERI,SMK,-2.8517,118.8241
SULAWESI BARAT,MAMUJU,PAPALANG,PAPALANG,MA AZ-ZAHRA PAPALANG,70033000,Jl. Poros Batuampa Papalang Dusun Limbong Tea,SWASTA,MA,-2.43074429168702,119.162062468262
SULAWESI BARAT,MAMUJU,PAPALANG,TOPORE,MAS AT-TAUFIQ PATTAROPURA,60404217,JL. POROS TARAILU - MAMUJU DESA TOPORE,SWASTA,MA,-2.4231,119.1582
SULAWESI BARAT,MAMUJU,PAPALANG,T O A B O,MAS DARUL ABRAR NW,60404218,DSN.SUKAMAJU DS.TOABO,SWASTA,MA,-2.366916,119.255076
SULAWESI BARAT,MAMUJU,PAPALANG,T O A B O,MAS MIFTAHUL ULUM TOABO,60404216,Jl. Lorong 10 Desa Toabo Papalang,SWASTA,MA,-2.3906,119.1736
SULAWESI BARAT,MAMUJU,PAPALANG,T O A B O,SMAN 1 PAPALANG,40605304,JL. ANDI MAKKASAU NO. 24,NEGERI,SMA,-2.382,119.178
SULAWESI BARAT,MAMUJU,PAPALANG,PAPALANG,SMAS PGRI PAPALANG,40600224,"JL. Poros Kapaasang Mamuju Kec, Papalang",SWASTA,SMA,-2.4218,119.16
SULAWESI BARAT,MAMUJU,PAPALANG,PAPALANG,SMKN PAPALANG,40604357,POROS MAMUJU TARAILU KM 75 PAPALANG,NEGERI,SMK,-2.4292,119.1549
SULAWESI BARAT,MAMUJU,SAMPAGA,TARAILU,MA DARUL MUHAJIRIN MARIRI,70031374,JL. GAJAH DUSUN MARIRI,SWASTA,MA,-2.32317163734214,119.176488652897
SULAWESI BARAT,MAMUJU,SAMPAGA,KALONDING,MAS Ma arif NU Kalonding,69941844,Desa Kalonding,SWASTA,MA,-2.33528219914112,119.232859395225
SULAWESI BARAT,MAMUJU,SAMPAGA,TARAILU,MAS Nurul Iman Bunde,69941845,Desa Tarailu,SWASTA,MA,-2.33173556768508,119.176365671794
SULAWESI BARAT,MAMUJU,SAMPAGA,BUNDE,SMAN 1 SAMPAGA,40604353,JL. Poros Bunde-Toabo,NEGERI,SMA,-2.3531,119.1749
SULAWESI BARAT,MAMUJU,TOMMO,KALEPU,MA DARUL BARAKAH,69976566,Dusun Tallang Gading Desa Kalepu,SWASTA,MA,-2.3065,119.2165
SULAWESI BARAT,MAMUJU,TOMMO,CAMPALOGA,SMAN 1 TOMMO,40604642,TOMMO,NEGERI,SMA,-2.3157,119.2977
SULAWESI BARAT,MAMUJU,TOMMO,KAKULLASAN,SMAN 2 TOMMO,69774910,Desa Kakullasan Tommo,NEGERI,SMA,-2.2801,119.3618
SULAWESI BARAT,MAMUJU,TOMMO,RANTE MARIO,SMK NEGERI 1 TOMMO,69774912,TOMMO,NEGERI,SMK,-2.3098,119.328
SULAWESI BARAT,MAMUJU,TOMMO,TOMMO,SMKS TRANS PRIMA TOMMO,69774918,TOMMO V,SWASTA,SMK,-2.2465,119.1225
SULAWESI BARAT,MAMUJU,BONEHAU,BONEHAU,SMAN 1 BONEHAU,40604570,Pabettengan,NEGERI,SMA,-2.5012,119.3515
SULAWESI BARAT,MAMUJU,BONEHAU,HINUA,SMAN 2 BONEHAU,60728431,HINUA,NEGERI,SMA,-2.5331,119.3104
SULAWESI BARAT,MAMUJU,BONEHAU,BUTTU ADA,SMAS BUTTUADA SUL-BAR,40605476,BONEHAU,SWASTA,SMA,-2.6608,119.1926
SULAWESI BARAT,MAMUJU,BONEHAU,BONEHAU,SMKN 1 BONEHAU,69774911,TAMALEA,NEGERI,SMK,-2.4765,119.4353
SULAWESI BARAT,MAMUJU,SIMBORO,BOTTENG,MA Al Istiqamah II Kombiling,69849492,Dusun Kombiling Km.20,SWASTA,MA,-1.798875,119.462813
INDONESIA,SULAWESI BARAT,MAMUJU,SIMBORO,MA Syahid Al Hidayah,70014229,Jl. Pamombong Induk,SWASTA,MA,-2.70151682376356,118.853872279886
SULAWESI BARAT,MAMUJU,SIMBORO,SIMBORO,MAS AINUN SAHAB LANDI,60404213,RANGAS KEL. SIMBORO,SWASTA,MA,-2.6606,118.8537
SULAWESI BARAT,MAMUJU,SIMBORO,SIMBORO,MAS AL-CHAERIYAH MA`ARIF SIMBORO,60404210,KOMPLEKS BTN SIMBORO MAMUJU,SWASTA,MA,-2.6867,118.8675
SULAWESI BARAT,MAMUJU,SIMBORO,SUMARE,MAS DDI SUMARE,60404206,JL.PETTA SINRANG,SWASTA,MA,-2.877644,118.92353
SULAWESI BARAT,MAMUJU,SIMBORO,SALLETTO,MAS ISTIQAMAH DOLANGAN,60404207,DOLANGAN KM 10 DESA SALLETTO,SWASTA,MA,-2.7242583,118.8516243
SULAWESI BARAT,MAMUJU,SIMBORO,TAPANDULLU,MAS TAPANDULU,60404214,DESA TAPANDULLU,SWASTA,MA,-2.6785,118.7862
SULAWESI BARAT,MAMUJU,SIMBORO,SALLETTO,SMAN 1 SIMBORO,60728432,SALETTO,NEGERI,SMA,-2.734655,118.85187
SULAWESI BARAT,MAMUJU,SIMBORO,SIMBORO,SMK S YAPIZ,69900168,Simbuang,SWASTA,SMK,-2.6942599,118.8336261
SULAWESI BARAT,MAMUJU,SIMBORO,SALLETTO,SMK YAPMA SULBAR,69961932,JL. POROS MAMUJU TAPALANG,SWASTA,SMK,-2.7298783,118.85002
SULAWESI BARAT,MAMUJU,SIMBORO,RANGAS,SMKN 1 RANGAS,40600221,H. ABD. MALIK PATTANA ENDENG,NEGERI,SMK,-2.6597,118.848
SULAWESI BARAT,MAMASA,SUMARORONG,RANTE KAMASE,SMAN 1 SUMARORONG,40601053,Jalan Pendidikan No. 27 Sumarorong,NEGERI,SMA,-3.1335,119.3029
SULAWESI BARAT,MAMASA,SUMARORONG,SIBANAWA,SMK MITRA BANGSA,69963880,Jl. Poros Sibanawa-Miallo Mamasa,SWASTA,SMK,-3.2041,119.3332
SULAWESI BARAT,MAMASA,SUMARORONG,RANTE KAMASE,SMKN 1 SUMARORONG,40601049,JL. POROS POLEWALI MAMASA KM. 37 SUMARORONG,NEGERI,SMK,-3.1284,119.3081
SULAWESI BARAT,MAMASA,SUMARORONG,SUMARORONG,SMKS YPLP PGRI SUMARORONG,40602681,MAWAR NO.1 SUMARORONG,SWASTA,SMK,-3.1382,119.3095
SULAWESI BARAT,MAMASA,PANA,MANIPI,SMA Negeri 1 Pana,70027751,Manipi,NEGERI,SMA,0,0
SULAWESI BARAT,MAMASA,PANA,PANA,SMKN 1 PANA,40601050,JL. PENDIDIKAN NO. 1 PANA,NEGERI,SMK,-3.0575,119.5627
SULAWESI BARAT,MAMASA,MAMASA,MAMASA,SMAN 1 MAMASA,40601024,JL. PENDIDIKAN NO. 277,NEGERI,SMA,-2.9441,119.3813
SULAWESI BARAT,MAMASA,MAMASA,LAMBANAN,SMK NEGERI LAMBANAN,69852826,LAMBANAN,NEGERI,SMK,-2.872245,119.448004
SULAWESI BARAT,MAMASA,MAMASA,BUNTUBUDA,SMK NEGERI PARIWISATA MAMASA,69949488,Kalimbuang,NEGERI,SMK,-2.9369,119.368
SULAWESI BARAT,MAMASA,MAMASA,MAMASA,SMKN 1 MAMASA,40601052,JL. PENDIDIKAN NO. 244 LEMBANG BANGGO MAMASA,NEGERI,SMK,-2.9445,119.3778
SULAWESI BARAT,MAMASA,MAMASA,BUNTUBUDA,SMKS BUDI BHAKTI MAMASA,40601048,KAMPUNG BARU MAMASA,SWASTA,SMK,-2.9406,119.3764
SULAWESI BARAT,MAMASA,MAMASA,OSANGO,SMKS KEHUTANAN MAMASA,69786289,KARIANGO,SWASTA,SMK,-2.8815,119.4318
SULAWESI BARAT,MAMASA,MAMASA,OSANGO,SMKS KEMILAU BANGSA,69787167,Jl. Poros Mamasa Polewali,SWASTA,SMK,-2.947808,119.366451
SULAWESI BARAT,MAMASA,MAMASA,OSANGO,SMKS KOMPUTER KIPRAH BANGSA,40604267,"OSANGO, MAMASA MAMASA PROPINSI SULAWESI BARAT",SWASTA,SMK,-2.9584,119.3575
SULAWESI BARAT,MAMASA,MAMASA,OSANGO,SMKS TALENTA,40602682,JL. RANTEKATOAN,SWASTA,SMK,-2.9571,119.3677
SULAWESI BARAT,MAMASA,MAMASA,BUNTUBUDA,SMKS YPK MAMASA,40601025,JL. KAMPUNG BARU MAMASA,SWASTA,SMK,-2.9388112,119.3765563
SULAWESI BARAT,MAMASA,MAMASA,MAMASA,SMTK MAMASA,40602677,"tatoa, belakang polsek mamasa",SWASTA,SMTK,-2.9429311,119.3808532
SULAWESI BARAT,MAMASA,MAMBI,SALUMAKAK,MA SALUMAKA,69994519,SALUMAKA,SWASTA,MA,-2.9956,119.1559
SULAWESI BARAT,MAMASA,MAMBI,TALIPPUKI,MAS AL-FAUZIAH TALIPPUKI,69788178,"JALAN PEPANA, DESA TALIPPUKI",SWASTA,MA,-2.9531061,119.1491039
SULAWESI BARAT,MAMASA,MAMBI,MAMBI,SMAN 1 MAMBI,40604671,MAMBI,NEGERI,SMA,-2.9522,119.1756
SULAWESI BARAT,MAMASA,MAMBI,SALUALO,SMK HARAPAN,69893698,Salualo,SWASTA,SMK,-2.9882,119.1719
SULAWESI BARAT,MAMASA,TABULAHAN,LAKAHANG UTAMA,SMAN 1 TABULAHAN,69954846,Jl. Poros Lakahang Utama,NEGERI,SMA,-2.6989,119.1819
SULAWESI BARAT,MAMASA,TABULAHAN,LAKAHANG,SMAS NUSA BANGSA,40602680,Jl. Poros Tarinding,SWASTA,SMA,-2.6706,119.1909
SULAWESI BARAT,MAMASA,TABULAHAN,TABULAHAN,SMK TORY JENE PONGKAPADANG,69822482,Tabulahan,SWASTA,SMK,-2.8022,119.309
SULAWESI BARAT,MAMASA,TABULAHAN,LAKAHANG,SMKN 1 TABULAHAN,69760704,SALUNATA,NEGERI,SMK,-2.6752,119.1801
SULAWESI BARAT,MAMASA,TABULAHAN,MALATIRO,SMKS PERTANIAN MALATIRO,69758198,MALATIRO,SWASTA,SMK,-2.7896,119.3318
SULAWESI BARAT,MAMASA,TABULAHAN,PANGANDARAN,SMKS SALURANTE,40604622,Pangandaran,SWASTA,SMK,-2.7722,119.0896
SULAWESI BARAT,MAMASA,TABULAHAN,LAKAHANG,SMKS TUNAS BHAKTI,69954841,Bakeng,SWASTA,SMK,-2.6989,119.1837
SULAWESI BARAT,MAMASA,TABANG,TABANG,SMKS PELITA HARAPAN,69786288,Ladi,SWASTA,SMK,-2.9731,119.5664
SULAWESI BARAT,MAMASA,MESSAWA,MATANDE,SMAN 1 MESSAWA,69950666,Jalan Poros Paladan Sepang,NEGERI,SMA,-3.2337683,119.3585635
SULAWESI BARAT,MAMASA,MESSAWA,MESSAWA,SMAS KATOLIK MESSAWA,40602676,MESSAWA,SWASTA,SMA,-3.2662,119.3489
SULAWESI BARAT,MAMASA,MESSAWA,MESSAWA,SMK BUNTU MASAKKE,69899154,JL. Lingkar Kel. Messawa,SWASTA,SMK,-3.2693044,119.3315018
SULAWESI BARAT,MAMASA,MESSAWA,PASAPA MAMBU,SMKN 1 MESSAWA,69979153,"Pasapa Mambu, Kecamatan Messawa, Kabupaten Mamasa",NEGERI,SMK,-3.2611,119.3385
SULAWESI BARAT,MAMASA,SESENAPADANG,OROBUA,SMAN 1 SESENA PADANG,40601054,OROBUA,NEGERI,SMA,-2.9714,119.3921
SULAWESI BARAT,MAMASA,SESENAPADANG,OROBUA,SMKN 1 SESENAPADANG,40601037,OROBUA,NEGERI,SMK,-2.9641,119.3862
SULAWESI BARAT,MAMASA,TANDUKALUA,MALABO,SMAS ESRI MALABO,40604844,MALABO,SWASTA,SMA,-3.0164,119.3102
SULAWESI BARAT,MAMASA,TANDUKALUA,SINDAGAMANIK,SMAS PERINTIS SINDAGAMANIK,40600989,SINDAGAMANIK,SWASTA,SMA,-3.0175,119.2776
SULAWESI BARAT,MAMASA,TANDUKALUA,BALA BATU,SMK Negeri 1 Tanduk Kalua,69854729,Jl. Poros Mamasa Polewali Km. 19,NEGERI,SMK,-3.0359,119.3081
SULAWESI BARAT,MAMASA,TANDUKALUA,SINDAGAMANIK,SMKS ARMAJAYA,69815428,SINDAGAMANIK,SWASTA,SMK,-3.0182,119.232
SULAWESI BARAT,MAMASA,TANDUKALUA,MINAKE,SMKS KONDOSAPATA,69754228,BALAMBANG,SWASTA,SMK,-3.0314,119.2543
SULAWESI BARAT,MAMASA,ARALLE,UHAILANU,MA YAHMA UHAILANU,69993225,Uhailanu,SWASTA,MA,-2.9231704,119.163631
SULAWESI BARAT,MAMASA,ARALLE,UHAIDAO,MAS UHAIDAO,40605965,JL. POROS SALUKERO,SWASTA,MA,-2.9187641,119.1212524
SULAWESI BARAT,MAMASA,ARALLE,ARALLE,SMAN 1 ARALLE,40604617,Jl. Salulemo Aralle,NEGERI,SMA,-2.8821,119.1497
SULAWESI BARAT,MAMASA,ARALLE,UHAIDAO,SMKN 1 ARALLE,69758234,UHAIDAO,NEGERI,SMK,-2.9188,119.1239
SULAWESI BARAT,MAMASA,ARALLE,ARALLE,SMKS AWARA ARALLE,69759072,ARALLE,SWASTA,SMK,-2.775,119.1573
SULAWESI BARAT,POLEWALI MANDAR,TINAMBUNG,LEKOPADIS,MAS DARUL MAHFUDZ,70008709,JL. MARADIA TOKAPE NO. 101 LEKOPADIS,SWASTA,MA,-3.5005388113075,119.013109022221
SULAWESI BARAT,POLEWALI MANDAR,TINAMBUNG,BATULAYA,MAS DDI TINAMBUNG,40605771,JL. Daeng Rioso Talolo,SWASTA,MA,-3.491938,119.023002
SULAWESI BARAT,POLEWALI MANDAR,TINAMBUNG,GALUNG LOMBOK,MAS HPC MAFTUH ASSIDDIQY,60728196,"GALUNG LOMBOK, TINAMBUNG",SWASTA,MA,-3.500569,119.027668
SULAWESI BARAT,POLEWALI MANDAR,TINAMBUNG,BATULAYA,SMKN 1 TINAMBUNG,40600655,JL. PENDIDIKAN NO. 171 TINAMBUNG,NEGERI,SMK,-3.5018,119.0241
SULAWESI BARAT,POLEWALI MANDAR,CAMPALAGIAN,PADANG,MAS AL-IRSYAD PADANG,40605764,JL. POROS PADANG ONGKO,SWASTA,MA,-3.470876,119.093615
SULAWESI BARAT,POLEWALI MANDAR,CAMPALAGIAN,LAPEO,MAS Attahiriyah Lapeo,69941847,Jl. Trans Sulawesi No. 101 Lapeo,SWASTA,MA,-3.48737688126922,119.131734666399
SULAWESI BARAT,POLEWALI MANDAR,CAMPALAGIAN,PAPPANG,MAS DARUL FALAH TOMANDAR,40605763,JL.KANCIL NO.8,SWASTA,MA,-3.4331,119.1545
SULAWESI BARAT,POLEWALI MANDAR,CAMPALAGIAN,SUMARANG,MAS MAFTUH MAARIF SURUANG,60728195,JL. SUMUR PIUN DESA SURUANG,SWASTA,MA,-3.500229,119.111904
SULAWESI BARAT,POLEWALI MANDAR,CAMPALAGIAN,PADANG TIMUR,MAS Nurul Ilmi Panggalo,69941846,Jl. Poros Ongko Desa Padang Timur,SWASTA,MA,-3.05,118.5
SULAWESI BARAT,POLEWALI MANDAR,CAMPALAGIAN,BONDE,MAS PERGIS CAMPALAGIAN,40605762,JL.AMMANA MAJJU NO.85 DESA BONDE,SWASTA,MA,-3.460264,119.118904
SULAWESI BARAT,POLEWALI MANDAR,CAMPALAGIAN,PARAPPE,MAS S. HASAN YAMANI,40605761,JL.S. HASAN YAMANI NO. 7 DESA PARAPPE CAMPALAGIAN,SWASTA,MA,-3.43204,119.102195
SULAWESI BARAT,POLEWALI MANDAR,CAMPALAGIAN,KATUMBANGAN,SMA NEGERI 2 CAMPALAGIAN,69950235,Katumbangan,NEGERI,SMA,-3.4712604,119.1702799
SULAWESI BARAT,POLEWALI MANDAR,CAMPALAGIAN,LAPEO,SMAN 1 CAMPALAGIAN,40600649,JL. POROS MAJENE,NEGERI,SMA,-3.4799,119.1456
SULAWESI BARAT,POLEWALI MANDAR,CAMPALAGIAN,LAMPOKO,SMAS PPM AL IKHLAS,40600747,JL. MAJENE KM. 27 LAMPOKO,SWASTA,SMA,-3.4428,119.1498
SULAWESI BARAT,POLEWALI MANDAR,CAMPALAGIAN,LALIKO,SMKN LABUANG,40604382,JL.POROS MAJENE,NEGERI,SMK,-3.4609,119.1419
SULAWESI BARAT,POLEWALI MANDAR,CAMPALAGIAN,LALIKO,SMKS MADANI MANDAR,69949537,Jl. Poros Majene Laliko,SWASTA,SMK,-3.437589,119.1133869
SULAWESI BARAT,POLEWALI MANDAR,CAMPALAGIAN,LAMPOKO,SMKS PESANTREN AL IKHLASH,40605152,Jl. POROS MAJENE KM 27,SWASTA,SMK,-3.443,119.1497
SULAWESI BARAT,POLEWALI MANDAR,WONOMULYO,SIDODADI,SMAN 1 WONOMULYO,40600652,JL. GATOT SOEBROTO NO.3,NEGERI,SMA,-3.4037,119.2194
SULAWESI BARAT,POLEWALI MANDAR,WONOMULYO,SIDODADI,SMAS YPPP WONOMULYO,40600633,JL. GATOT SUBROTO,SWASTA,SMA,-3.4139,119.314
SULAWESI BARAT,POLEWALI MANDAR,WONOMULYO,CAMPURJO,SMKS DARUL HASANAH,69760851,JL. POROS MAJENE,SWASTA,SMK,-3.4007,119.2299
SULAWESI BARAT,POLEWALI MANDAR,WONOMULYO,SIDODADI,SMKS MUHAMMADIYAH WONOMULYO,40600657,JL. SULTAN HASANUDDIN NO. 72 WONOMULYO,SWASTA,SMK,-3.3952,119.2138
SULAWESI BARAT,POLEWALI MANDAR,WONOMULYO,TUMPILING,SMKS SUPARMAN WONOMULYO,40600659,JL. GALESO,SWASTA,SMK,-3.4036,119.241
SULAWESI BARAT,POLEWALI MANDAR,WONOMULYO,SIDODADI,SMKS YPPP WONOMULYO,40600635,GATOT SUBROTO NO. 01,SWASTA,SMK,-3.402,119.2195
SULAWESI BARAT,POLEWALI MANDAR,POLEWALI,MADATTE,MAS DDI POLEWALI,60730014,KELURAHAN MADATTE POLEWALI,SWASTA,MA,-3.414509,119.313141
SULAWESI BARAT,POLEWALI MANDAR,POLEWALI,PEKKABATA,SMAN 1 POLEWALI,40600650,JL. H. ANDI DEPU NO. 116,NEGERI,SMA,-3.416,119.3193
SULAWESI BARAT,POLEWALI MANDAR,POLEWALI,PEKKABATA,SMAN 2 POLEWALI,40600653,JL. HOS COKROAMINOTO,NEGERI,SMA,-3.4101,119.3184
SULAWESI BARAT,POLEWALI MANDAR,POLEWALI,DARMA,SMAN 3 POLEWALI,40600654,JL. KH. AGUS SALIM POLEWALI,NEGERI,SMA,-3.405,119.3144
SULAWESI BARAT,POLEWALI MANDAR,POLEWALI,DARMA,SMAN 4 POLEWALI,69760850,Jl. Pameran Pembangunan,NEGERI,SMA,-3.3954,119.3287
SULAWESI BARAT,POLEWALI MANDAR,POLEWALI,POLEWALI,SMK SURYA HUSADA,69895794,JL. MESJID JAMI NO 24 POLEWALI,SWASTA,SMK,-3.4325,119.3507
SULAWESI BARAT,POLEWALI MANDAR,POLEWALI,DARMA,SMKN 1 POLEWALI,40600656,JL. K.H. AGUS SALIM NO. 1 POLEWALI,NEGERI,SMK,-3.4087,119.3192
SULAWESI BARAT,POLEWALI MANDAR,POLEWALI,DARMA,SMKN 2 POLEWALI,69760852,JL. PAMERAN DARA Kel. DARMA POLEWALI,NEGERI,SMK,-3.396,119.3265
SULAWESI BARAT,POLEWALI MANDAR,POLEWALI,MANDING,SMKS DDI POLEWALI,40605150,JL.GATOT SUBROTO KAMPUS DDI POLEWALI,SWASTA,SMK,-3.4422,119.3879
SULAWESI BARAT,POLEWALI MANDAR,POLEWALI,MADATTE,SMKS MA ARIF HUSNUL KHATIMAH,40605749,JL. GATOT SUBROTO NO. 34,SWASTA,SMK,-3.4006,119.3103
SULAWESI BARAT,POLEWALI MANDAR,POLEWALI,POLEWALI,SMKS YAKNAS POLEWALI,40605146,JL. BAHARI NO. 172 POLEWALI,SWASTA,SMK,-3.4179,119.1626
SULAWESI BARAT,POLEWALI MANDAR,LIMBORO,TANGAN BARU,MAS HAJARATUL AKBAR,69788217,Jl.Poros Desa Tangan Baru - Desa Saragian,SWASTA,MA,-3.454566,119.038426
SULAWESI BARAT,POLEWALI MANDAR,LIMBORO,LIMBORO,MAS MAHFUDZ ASSIDDIQY,40605765,JL. POROS KAMBAJAWA,SWASTA,MA,-3.486129,119.011782
SULAWESI BARAT,POLEWALI MANDAR,LIMBORO,PALECE,SMKN LIMBORO,40600647,JL. POROS TINAMBUNG - ALU,NEGERI,SMK,-3.4802,119.0078
SULAWESI BARAT,POLEWALI MANDAR,BALANIPA,PAMBUSUANG,MAS NUHIYAH PAMBUSUANG,40605756,JL. MAKASSAR KM. 285 PAMBUSUANG,SWASTA,MA,-3.5025,119.0804
SULAWESI BARAT,POLEWALI MANDAR,BALANIPA,BALANIPA,SMAN 1 TINAMBUNG,40600651,JL. Poros Majene Balanipa,NEGERI,SMA,-3.5015,119.0369
SULAWESI BARAT,POLEWALI MANDAR,BALANIPA,TAMMANGALLE,SMKN BALANIPA,40605523,BULUDUA,NEGERI,SMK,-3.4998,119.0517
SULAWESI BARAT,POLEWALI MANDAR,LUYO,SAMBALI-WALI,MA Al Irsyad Karoke,69849495,Jl. Poros Desa Sambaliwali,SWASTA,MA,-3.401396,119.161708
SULAWESI BARAT,POLEWALI MANDAR,LUYO,LUYO,MA JAHARA,70031612,Jalan Poros Luyo-Pendulangan,SWASTA,MA,-3.42102653982817,119.162438601592
SULAWESI BARAT,POLEWALI MANDAR,LUYO,TENGGELAN,MAS NUR MA`ARIF SEPANG,40605766,JL. SAMBALIWALI DESA TENGGELANG LUYO,SWASTA,MA,-3.345722,119.078877
SULAWESI BARAT,POLEWALI MANDAR,LUYO,PUSSUI,MAS NURUL MAARIF PARIANGAN,40605767,JL.POROS PUSSUI DESA PUSSUI,SWASTA,MA,-3.38836,119.160893
SULAWESI BARAT,POLEWALI MANDAR,LUYO,BARU,SMKN CAMPALAGIAN,40600658,JL. POROS TENGGELANG,NEGERI,SMK,-3.4177,119.1628
SULAWESI BARAT,POLEWALI MANDAR,LUYO,LUYO,SMKN LUYO,40602557,POROS TUTAR DESA MAMBU LUYO,NEGERI,SMK,-3.3616,118.9646
SULAWESI BARAT,POLEWALI MANDAR,LUYO,BATUPANGA DAALA,SMKS 02 RAHMAT TOMAKAKA,69974220,"Dusun Batu Panga Rw. 03, Desa Batu Panga Daala",SWASTA,SMK,-3.3800367,119.1001396
SULAWESI BARAT,POLEWALI MANDAR,ALLU,MOMBI,SMAN 1 ALU,40600648,JL. PENDIDIKAN,NEGERI,SMA,-3.4103,119.3187
SULAWESI BARAT,POLEWALI MANDAR,ALLU,PETOOSANG,SMK NEGERI ALU,69857919,PETOOSANG,NEGERI,SMK,-3.4282,118.9923
SULAWESI BARAT,POLEWALI MANDAR,MAPILI,UGI BARU,MA Teknologi Industri Mandar,69894927,Jl. Assamaturusengnge,SWASTA,MA,-3.4030431,119.199389
SULAWESI BARAT,POLEWALI MANDAR,MAPILI,BONNE-BONNE,MAN 1 POLEWALI MANDAR,40605768,JL. RAYA MAJENE NO. 175 MAPILLI,NEGERI,MA,-3.4014,119.1868
SULAWESI BARAT,POLEWALI MANDAR,MAPILI,MAPILLI,SMAS DHI MAPILI,40605005,JL. Poros Majene No.194,SWASTA,SMA,-3.402,119.185
SULAWESI BARAT,POLEWALI MANDAR,MAPILI,BONNE-BONNE,SMK SWASTA CIPTA INSANI NUSANTARA,69962881,Bonne-Bonne,SWASTA,SMK,-3.4040002,119.1794351
SULAWESI BARAT,POLEWALI MANDAR,MATAKALI,MATAKALI,MAN 2 POLEWALI MANDAR,40605769,JL. POROS POLEWALI MAJENE KM. 10,NEGERI,MA,-3.3915,119.2888
SULAWESI BARAT,POLEWALI MANDAR,MATAKALI,BUNGA BUNGA,MAS AL ASHRIYAH BUNGA BUNGA,40605770,JL. POROS BUNGA-BUNGA,SWASTA,MA,-3.3875,119.3016
SULAWESI BARAT,POLEWALI MANDAR,MATAKALI,PATAMPANUA,SMA IT WAHDAH ISLAMIYAH,69894294,JL. POROS MAJENE REA BARAT,SWASTA,SMA,-3.3945,119.2898
SULAWESI BARAT,POLEWALI MANDAR,MATAKALI,MATAKALI,SMAN MATAKALI,69822830,JL.POROS MAKKOMBONG,NEGERI,SMA,-3.3844,119.2811
SULAWESI BARAT,POLEWALI MANDAR,BINUANG,BATETANGNGA,MA Ma'arif NU Kanang,70031396,BATETANGNGA,SWASTA,MA,-3.43746936777308,119.401693552906
SULAWESI BARAT,POLEWALI MANDAR,BINUANG,KUAJANG,MAS AL-WASILAH LEMO,40605758,JL. POROS LEMO,SWASTA,MA,-3.410665,119.364233
SULAWESI BARAT,POLEWALI MANDAR,BINUANG,BATETANGNGA,MAS DDI KANANG,40605757,JL. MANGONDANG NO. 35 KANANG,SWASTA,MA,-3.4368,119.4051
SULAWESI BARAT,POLEWALI MANDAR,BINUANG,MIRRING,MAS IZZATUL MAARIF TAPPINA,69788218,Jl. Poros Polman-Pinrang KM. 10 Tappina Desa Mirring,SWASTA,MA,-3.4549,119.4286
SULAWESI BARAT,POLEWALI MANDAR,BINUANG,TONYAMAN,MAS MA`ARIF QASIMIYAH,40605759,JL. SALU MANDALAN NO. 52 TONYAMAN,SWASTA,MA,-3.409022,119.385048
SULAWESI BARAT,POLEWALI MANDAR,BINUANG,TONYAMAN,MAS MAARIF SARAMPU,40605760,JL. MASJID AL MAARIF SARAMPU,SWASTA,MA,-3.4399,119.3591
SULAWESI BARAT,POLEWALI MANDAR,BINUANG,BATETANGNGA,MAS Program Keagamaan Al-Risalah Batetangnga,69955802,"Jl. Permandian Biru, Salusoang Desa Batetangnga",SWASTA,MA,-3.4238283834841,119.405191883591
SULAWESI BARAT,POLEWALI MANDAR,BINUANG,MIRRING,SMKN PAKU,40600646,JL. POROS PINRANG KM.15 DESA MIRRING,NEGERI,SMK,-3.4775,119.4552
SULAWESI BARAT,POLEWALI MANDAR,BINUANG,REA,SMKN REA TIMUR / SPPN POLMAN,40602562,POROS POLMAN MAKASSAR KM 4,NEGERI,SMK,-3.4424,119.3876
SULAWESI BARAT,POLEWALI MANDAR,ANREAPI,ANREAPI,MAS AS - SYAM LEBANI,40605755,"JALAN BELUAK,NO. 05 KEL. ANREAPI",SWASTA,MA,-3.3842,119.3485
SULAWESI BARAT,POLEWALI MANDAR,TAPANGO,TUTULA,MA FITRAH INSANI TUTTULA,69975864,JL. POROS TANASI DESA TUTTULA,SWASTA,MA,-3.334,119.1936
SULAWESI BARAT,POLEWALI MANDAR,TAPANGO,TAPANGO,SMA NEGERI 1 TAPANGO,69958933,Jl. KUA Desa Tapango,NEGERI,SMA,-3.3244,119.251
SULAWESI BARAT,POLEWALI MANDAR,TAPANGO,RAPPANG,SMK SWASTA ARMIDA ABDULLADIN,69956618,Jl. Poros Rappang Barat,SWASTA,SMK,-3.3475,119.1936
SULAWESI BARAT,POLEWALI MANDAR,TAPANGO,BANATO REJO,SMKN TAPANGO,40600634,JL. PENDIDIKAN NO. 4 BANATO REJO,NEGERI,SMK,-3.3459,119.243
SULAWESI BARAT,POLEWALI MANDAR,MATANGNGA,MATANGNGA,SMA NEGERI 1 MATANGNGA,69976960,Jl. Poros Matangnga,NEGERI,SMA,-3.127,119.2142
SULAWESI BARAT,POLEWALI MANDAR,BULO,PULLIWA,SMKN BULO,40605505,POROS KANUSUANG,NEGERI,SMK,-3.328,119.1687
SULAWESI BARAT,POLEWALI MANDAR,TUBBITARAMANU,POLLEWANI,MAS AL BALAD KAMANDE,40605772,Jalan. Poros Tubbi no.3 Kamande,SWASTA,MA,-3.495437,118.983814
SULAWESI BARAT,POLEWALI MANDAR,TUBBITARAMANU,TARAMANU,SMA NEGERI 1 TUBBI TARAMANU,69950236,Padang Mawalle,NEGERI,SMA,-3.3377,119.0254
SULAWESI BARAT,POLEWALI MANDAR,TUBBITARAMANU,AMBOPADANG,SMK NEGERI 1 TUTAR,40604724,POROS TUBBI TARAMANU,NEGERI,SMK,-3.2941,119.0618
SULAWESI BARAT,POLEWALI MANDAR,TUBBITARAMANU,TUBBI,SMKS BINA GENERASI MANDIRI,69939407,Dusun Perandangan,SWASTA,SMK,-3.1849,119.0362
SULAWESI BARAT,MAJENE,PAMBOANG,TINAMBUNG,MAS BPII PAMBOANG,40605959,JL.ABD.HAE NO 3 TINAMBUNG PAMBOANG MAJENE KP. 91451,SWASTA,MA,-3.4945,118.8969
SULAWESI BARAT,MAJENE,PAMBOANG,LALAMPANUA,SMAN 1 PAMBOANG,40601309,Jl. Pendidikan Pamboang,NEGERI,SMA,-3.4854,118.8988
SULAWESI BARAT,MAJENE,PAMBOANG,LALAMPANUA,SMKN 3 MAJENE,40601313,JL. POROS MAJENE MAMUJU KM. 14 MAJENE,NEGERI,SMK,-3.4853,118.8978
SULAWESI BARAT,MAJENE,ULUMANDA,TANDEALLO,MAS DDI TAUKONG,40605964,TAUKONG,SWASTA,MA,-3.108478,118.896804
SULAWESI BARAT,MAJENE,ULUMANDA,KABIRAAN,SMKN 9 MAJENE,69964199,JL. Poros Salatambung - Aralle Km. 10,NEGERI,SMK,-3.0785967,118.8663854
SULAWESI BARAT,MAJENE,ULUMANDA,ULUMANDA,SMKS KOTA TINGGI,40605637,Jl. Poros Majene-Mamuju KM 85 Kota Tinggi,SWASTA,SMK,-3.0407,118.8591
SULAWESI BARAT,MAJENE,TAMMERODO SENDANA,TAMMIRODO UTARA,MAS AL-CHAERIYAH MA`ARIF TAMMERO`DO,40605962,TAMMERODO SENDANA,SWASTA,MA,-3.380603,118.862273
SULAWESI BARAT,MAJENE,TAMMERODO SENDANA,SEPPONG,SMA NEGERI 1 TAMMERODO,40601193,Jalan Poros Seppong-Manyamba Dusun Punaga Desa Seppong,NEGERI,SMA,-3.2354,118.849
SULAWESI BARAT,MAJENE,TAMMERODO SENDANA,ULIDANG,SMKN 7 MAJENE,40605754,JL POROS MAJENE - MAMUJU KM 47,NEGERI,SMK,-3.232971,118.833294
SULAWESI BARAT,MAJENE,TUBO SENDANA,TUBO TENGAH,MAS DDI LOMBO`NA,40605963,JL. POROS MAJENE - MAMUJU KM. 70,SWASTA,MA,-3.126746,118.82094
SULAWESI BARAT,MAJENE,TUBO SENDANA,BONDE-BONDE,SMKN 4 MAJENE,40601490,JL. POROS MAJENE-MAMUJU KM. 65 DESA BONDE-BONDE,NEGERI,SMK,-3.4995,118.8948
SULAWESI BARAT,MAJENE,BANGGAE,BANGGAE,MAS KHAIRUNNAS,70008784,LINGKUNGAN RUSUNG DESA BANGGAE,SWASTA,MA,-3.53357278797442,118.954984834468
SULAWESI BARAT,MAJENE,BANGGAE,RANGAS,MAS PPPA GUPPI RANGAS,60404187,JL. PENDIDIKAN NO.3 RANGAS,SWASTA,MA,-3.538913,118.956776
SULAWESI BARAT,MAJENE,BANGGAE,PALIPI SOREANG,SMK MEGA LINK MAJENE,69795846,Poros Majene Mamuju Km. 07 Soreang,SWASTA,SMK,-3.5426,118.9251
SULAWESI BARAT,MAJENE,BANGGAE,TOTOLI,SMKN 5 MAJENE,40601491,JL. BALAI LATIHAN KERJA. KM. 4 POROS MAJENE MAMUJU,NEGERI,SMK,-3.5588,118.942
SULAWESI BARAT,MAJENE,SENDANA,BANUA,MAS DDI BANUA,40605960,JL. PENDIDIKAN BANUA SENDANA,SWASTA,MA,-3.314295,118.899695
SULAWESI BARAT,MAJENE,SENDANA,LIMBORO RAMBU-RAMBU,MAS DDI LIMBORO,40605961,LIMBORO,SWASTA,MA,-3.357625,118.885908
SULAWESI BARAT,MAJENE,SENDANA,MOSSO,SMAN 1 SENDANA,40601310,JL. KEMAKMURAN NO.20 SOMBA,NEGERI,SMA,-3.3766,118.8537
SULAWESI BARAT,MAJENE,SENDANA,MOSSO DHUA,SMK HARAPAN BANGSA MAJENE,69940165,APOLEANG UTARA,SWASTA,SMK,-3.4067877,118.9044401
SULAWESI BARAT,MAJENE,SENDANA,LIMBUA,SMKN 8 MAJENE,69766213,JL. KEMAKMURAN NO.8 SENDANA,NEGERI,SMK,-3.3755,118.8504
SULAWESI BARAT,MAJENE,SENDANA,PUNDAU,SMKS AL-QADRI MAJENE,69970464,JL. POROS DESA PANDAU,SWASTA,SMK,-3.3201459,118.8954026
SULAWESI BARAT,MAJENE,SENDANA,TALLO BANUA,SMKS ISLAM PONIANG,40605310,JLN. POROS MAJENE-MAMUJU KM. 41 PONIANG,SWASTA,SMK,-3.2928,118.8586
SULAWESI BARAT,MAJENE,MALUNDA,MALUNDA,MAS DDI MALUNDA,40605958,JL.POROS MAJENE MAMUJU KM 87,SWASTA,MA,-2.951506,118.965967
SULAWESI BARAT,MAJENE,MALUNDA,MALUNDA,SMAN 1 MALUNDA,40601488,MALUNDA,NEGERI,SMA,-3.0198,118.861
SULAWESI BARAT,MAJENE,MALUNDA,MEKKATTA,SMKN 6 MAJENE,40604957,JL. POROS MAMUJU-MAJENE KM. 94,NEGERI,SMK,-2.9535,118.8712
SULAWESI BARAT,MAJENE,MALUNDA,MALUNDA,SMKS BINA INSANI MALUNDA,70002024,JL. POROS MAJENE-MAMUJU Km.87,SWASTA,SMK,-2.9343763,118.8902678
SULAWESI BARAT,MAJENE,MALUNDA,MALUNDA,SMKS BUNGA BANGSA SEJAHTERA,40602587,JL. POROS MAJENE-MAMUJU KM. 87,SWASTA,SMK,-3.0001,118.8576
SULAWESI BARAT,MAJENE,BANGGAE TIMUR,TANDE TIMUR,MA SALABULO,69975865,JL. TAJAI NO 10 LUTANG,SWASTA,MA,0,0
SULAWESI BARAT,MAJENE,BANGGAE TIMUR,TANDE TIMUR,MAN 1 MAJENE,60404188,JL. SULTAN HASANUDDIN,NEGERI,MA,-3.536,118.9936
SULAWESI BARAT,MAJENE,BANGGAE TIMUR,BARUGA,MAS AL MUAWANAH SIMULLU,60404186,SIMULLU,SWASTA,MA,-3.50829,118.973137
SULAWESI BARAT,MAJENE,BANGGAE TIMUR,BARUGA,MAS DDI BARUGA,60404189,JL. MUH SALEH BONE,SWASTA,MA,-3.515,118.9537
SULAWESI BARAT,MAJENE,BANGGAE TIMUR,LABUANG UTARA,MAS DDI MAJENE,40605956,JLN.KH.MUH.SHALEH NO 57 KAMP.BARU,SWASTA,MA,-3.5415,118.9737
SULAWESI BARAT,MAJENE,BANGGAE TIMUR,TANDE,MAS MIFTAHUL JIHAD TANDE,40605957,JL. KORBAN 40.000 JIWA TANDE,SWASTA,MA,-3.525786,118.977159
SULAWESI BARAT,MAJENE,BANGGAE TIMUR,LABUANG,SMAN 1 MAJENE,40601308,Jl. M. Djud. P No. 2,NEGERI,SMA,-3.5462,118.9738
SULAWESI BARAT,MAJENE,BANGGAE TIMUR,LEMBANG,SMAN 2 MAJENE,40601311,JL. CHAIRIL ANWAR NO.3,NEGERI,SMA,-3.5434,118.9813
SULAWESI BARAT,MAJENE,BANGGAE TIMUR,LEMBANG,SMAN 3 MAJENE,40602586,JL. LETJEN HERTASNING,NEGERI,SMA,-3.5416,118.9819
SULAWESI BARAT,MAJENE,BANGGAE TIMUR,LABUANG,SMKN 1 MAJENE,40601489,JL. K.H. MUH. SALEH NO. 41,NEGERI,SMK,-3.4889,118.8972
SULAWESI BARAT,MAJENE,BANGGAE TIMUR,LABUANG,SMKN 2 MAJENE,40601315,JL. DR. RATULANGI NO. 9 MAJENE,NEGERI,SMK,-3.5426,118.9714
