KABUPATEN,KECAMATAN,KELURAHAN,No. Registrasi,NAMA_FASKES,Belum,Sudah
MAJENE,BANGGAE,BANGGAE,7605001,PUSKESMAS BANGGAE I,5,1
MAJENE,BANGGAE,BARU,7605002,PKBRS MAJENE,13,1
MAJENE,BANGGAE,BARU,7605031,PMB NURDIANA,2,1
MAJENE,BANGGAE,BARU,760500201,PRAKTEK MANDIRI BIDAN (PMB) NURRAHMI,3,1
MAJENE,BANGGAE,BARU,760500706,PUSTU TEPPO,1,1
MAJENE,BANGGAE,PALIPI SOREANG,760500702,POSKESDES SOREANG,3,1
MAJENE,BANGGAE,PAMBOBORANG,760500704,POSKESDES KONJA,1,2
MAJENE,BANGGAE,PAMBOBORANG,760500705,POSKESDES GALUNG PAARA,2,1
MAJENE,BANGGAE,PANGALI ALI,760500101,PUSTU PANGALI-ALI,0,2
MAJENE,BANGGAE,PANGALI ALI,760500102,POSKESDES RUSUNG,1,0
MAJENE,BANGGAE,PANGALI ALI,760500103,BPM ADRIANI,2,0
MAJENE,BANGGAE,PANGALI ALI,760500104,BPM NUR FAISAH,1,0
MAJENE,BANGGAE,RANGAS,7605025,PRAKTEK MANDIRI BIDAN NOPI WINARTI,4,1
MAJENE,BANGGAE,TOTOLI,7605007,PUSKESMAS TOTOLI,3,5
MAJENE,BANGGAE,TOTOLI,7605024,PMB HJ.MARYAM,0,3
MAJENE,BANGGAE,TOTOLI,760500703,POSKESDES KALASA,2,0
MAJENE,BANGGAE,TOTOLI,760500707,PRAKTEK BIDAN MANDIRI NURHAYATI N,3,0
MAJENE,BANGGAE TIMUR,BARUGA DHUA,760500304,Poskesdes Segeri,0,1
MAJENE,BANGGAE TIMUR,BARUGA DHUA,760500305,Pustu Baruga Dhua,1,0
MAJENE,BANGGAE TIMUR,BAURUNG,760501401,PUSTU TAMO,0,1
MAJENE,BANGGAE TIMUR,BAURUNG,760501402,POSKESDES BAURUNG,4,0
MAJENE,BANGGAE TIMUR,BUTTU BARUGA,760500306,Poskesdes Buttu Baruga,1,0
MAJENE,BANGGAE TIMUR,LABUANG UTARA,7605003,Puskesmas Banggae II,2,2
MAJENE,BANGGAE TIMUR,LABUANG UTARA,7605023,PMB JENI,2,1
MAJENE,BANGGAE TIMUR,LABUANG UTARA,760502201,PMB USWATI,2,2
MAJENE,BANGGAE TIMUR,LEMBANG,7605014,PUSKESMAS LEMBANG,6,1
MAJENE,BANGGAE TIMUR,LEMBANG,760501403,"PRAKTEK MANDIRI BIDAN ASMUNI, Amd. Keb",0,1
MAJENE,BANGGAE TIMUR,TANDE,760500302,Pustu Tande,1,0
MAJENE,BANGGAE TIMUR,TANDE,760500303,Poskesdes Buttu Tande,1,0
MAJENE,MALUNDA,BAMBANGAN,760500806,PUSTU BAMBANGAN,1,0
MAJENE,MALUNDA,KAYUANGIN,760500801,POSKESDES KAYUANGIN,1,0
MAJENE,MALUNDA,LAMUNGANG BATU,7605008,PUSKESMAS MALUNDA,0,8
MAJENE,MALUNDA,LOMBANG,760500809,PUSTU LOMBANG,1,0
MAJENE,MALUNDA,LOMBANG TIMUR,760500811,POSKESDES LOMBANG TIMUR,1,0
MAJENE,MALUNDA,LOMBONG,760500802,PUSTU LOMBONG,1,0
MAJENE,MALUNDA,LOMBONG TIMUR,760500808,POSKESDES LOMBONG TIMUR,1,0
MAJENE,MALUNDA,MALIAYA,760500805,POSKESDES MALIAYA,1,0
MAJENE,MALUNDA,MEKKATTA,760500803,POSKESDES SAMALIO,5,0
MAJENE,MALUNDA,MEKKATTA SELATAN,760500804,POSKESDES TANISI,1,0
MAJENE,MALUNDA,SALUTAHONGAN,760500812,POSKESDES SALUTAHONGANG,1,0
MAJENE,PAMBOANG,ADOLANG,760500515,POSKESDES RAWANG ADOLANG,1,0
MAJENE,PAMBOANG,ADOLANG DHUA,760500516,POSKESDES ADOLANG,1,0
MAJENE,PAMBOANG,ADOLANG DHUA,760500517,PUSTU ADOLANG,1,0
MAJENE,PAMBOANG,BABABULO,760500503,PUSTU BABABULO,0,1
MAJENE,PAMBOANG,BABABULO UTARA,760500504,POSKESDES BABABULO UTARA,0,1
MAJENE,PAMBOANG,BALOMBONG,760500520,POSKESDES ULU BALOMBONG,1,0
MAJENE,PAMBOANG,BALOMBONG,760500521,POSKESDES BALOMBONG,1,0
MAJENE,PAMBOANG,BANUA ADOLANG,760500512,POSKESDES COCI,1,0
MAJENE,PAMBOANG,BANUA ADOLANG,760500513,POSKESDES BANUA ADOLANG,2,0
MAJENE,PAMBOANG,BANUA ADOLANG,760500514,POSKESDES PARA,1,0
MAJENE,PAMBOANG,BETTENG,760500506,PUSTU BETTENG,1,0
MAJENE,PAMBOANG,BETTENG,760500507,POSKESDES BETTENG,1,0
MAJENE,PAMBOANG,BETTENG,760500508,POSKESDES GALUNG BETTENG,1,0
MAJENE,PAMBOANG,BONDE,760500501,PUSTU BONDE,1,1
MAJENE,PAMBOANG,BONDE UTARA,760500502,POSKESDES BONDE UTARA,0,1
MAJENE,PAMBOANG,BUTTU PAMBOANG,760500511,POSKESDES PUARE,1,0
MAJENE,PAMBOANG,LALAMPANUA,7605005,PUSKESMAS PAMBOANG,3,5
MAJENE,PAMBOANG,LALAMPANUA,7605030,BPM RISNA,0,1
MAJENE,PAMBOANG,LALAMPANUA,760500524,"BPM YULI PURNAWANTI, AM.Keb",0,1
MAJENE,PAMBOANG,PESULOANG,760500522,POSKESDES PESULOANG,0,1
MAJENE,PAMBOANG,SIMBANG,760500509,POSKESDES PALLARANGAN,0,1
MAJENE,PAMBOANG,SIMBANG,760500510,PUSTU SIMBANG,0,1
MAJENE,PAMBOANG,SIRINDU,760500518,PUSTU SIRINDU,1,1
MAJENE,PAMBOANG,SIRINDU,760500519,POSKESDES SIRINDU,1,0
MAJENE,PAMBOANG,SIRINDU,760500523,"BPM KUSUMAWATI, S. Tr. Keb",0,1
MAJENE,PAMBOANG,TINAMBUNG,760500505,POSKESDES TINAMBUNG,0,1
MAJENE,PAMBOANG,TINAMBUNG,760502102,BPM AMELIAH ABDULLAH,0,1
MAJENE,SENDANA,BANUA SENDANA,760501313,POSKESDES BANUA SENDANA,4,0
MAJENE,SENDANA,BUKIT SAMANG,760501301,"BPM BIDAN MARDA, Amd.Keb",0,1
MAJENE,SENDANA,BUKIT SAMANG,760501303,POSKESDES APOANG,3,1
MAJENE,SENDANA,BUKIT SAMANG,760501304,POSKESDES PASSAU,2,1
MAJENE,SENDANA,LALATEDZONG,760501306,POSKESDES LALATTEDONG,2,0
MAJENE,SENDANA,LEPPANGANG,760501307,PUSTU PUNDAU,6,0
MAJENE,SENDANA,LIMBORO RAMBU-RAMBU,760501316,PUSTU LIMBORO RAMBU-RAMBU,2,0
MAJENE,SENDANA,LIMBUA,760501318,BPM FATIMAH,1,1
MAJENE,SENDANA,MOSSO,7605013,PUSKESMAS SENDANA 1,12,6
MAJENE,SENDANA,MOSSO,760501305,POSKESDES LABUANG,4,0
MAJENE,SENDANA,MOSSO DHUA,760501302,POSKESDES PUMBALLAR,1,0
MAJENE,SENDANA,MOSSO DHUA,760501321,PUSTU MOSSO DHUA,0,1
MAJENE,SENDANA,PAMINGGALAN,760501317,POSKESDES PAMINGGALAN,1,0
MAJENE,SENDANA,PUNDAU,760501308,POSKESDES PUNDAU,2,0
MAJENE,SENDANA,PUTTADA,760501309,PUSTU PUTTADA,3,0
MAJENE,SENDANA,SENDANA,760501311,PUSTU PALIPI SENDANA,1,0
MAJENE,SENDANA,SENDANA,760501312,POSKESDES RATTE,1,1
MAJENE,SENDANA,SENDANA,760501319,BPM INTAN PRATAMA,2,0
MAJENE,SENDANA,TALLUBANUA,760501314,PUSTU TALLU BANUA,7,0
MAJENE,SENDANA,TALLUBANUA,760501315,POSKESDES TULLU BULAN,1,0
MAJENE,SENDANA,TALLUBANUA UTARA,760501320,PMB SITI MARLINA,1,1
MAJENE,SENDANA,TOTOLISI SENDANA,760501310,POSKESDES TOTOLISI,4,1
MAJENE,TAMMERODO SENDANA,AWO,760500606,Pustu Tippulu,1,0
MAJENE,TAMMERODO SENDANA,AWO,760500607,Poskesdes Awo,1,0
MAJENE,TAMMERODO SENDANA,MANYAMBA,760500612,Poskesdes Manyamba,1,0
MAJENE,TAMMERODO SENDANA,SEPPONG,760500609,Pustu Seppong,1,0
MAJENE,TAMMERODO SENDANA,SEPPONG,760500610,Poskesdes Seppong,1,0
MAJENE,TAMMERODO SENDANA,SEPPONG,760500611,Poskesdes Talongga,1,0
MAJENE,TAMMERODO SENDANA,TALLAMBALAO,760500613,Poskesdes Tallambalao,1,0
MAJENE,TAMMERODO SENDANA,TALLAMBALAO,760500614,Pustu Pa'dangan,1,0
MAJENE,TAMMERODO SENDANA,TAMMERODO,760500602,Poskesdes Karema,1,0
MAJENE,TAMMERODO SENDANA,TAMMERODO UTARA,7605006,PUSKESMAS TAMMERODO,8,1
MAJENE,TAMMERODO SENDANA,TAMMERODO UTARA,760500603,Polindes Leba - Leba,1,0
MAJENE,TAMMERODO SENDANA,ULIDANG,760500604,Poskesdes Waigamo,1,0
MAJENE,TAMMERODO SENDANA,ULIDANG,760500605,Pustu Ulidang,2,0
MAJENE,TAMMERODO SENDANA,ULIDANG,760500615,BPM BUNDA ESA,3,0
MAJENE,TUBO SENDANA,BONDE BONDE,7605011,PKM SENDANA II,10,0
MAJENE,TUBO SENDANA,BONDE BONDE,760501108,"PRAKTEK MANDIRI BIDAN NURAENI, S.ST,M.Kes",2,0
MAJENE,TUBO SENDANA,ONANG,760501101,POSKESDES SUMAKUYU,1,0
MAJENE,TUBO SENDANA,ONANG,760501102,PUSTU PARABAYA,0,1
MAJENE,TUBO SENDANA,ONANG,760501109,BPM KASIH BUNDA R5,1,1
MAJENE,TUBO SENDANA,ONANG UTARA,760501103,PUSTU ONANG UTARA,1,0
MAJENE,TUBO SENDANA,TUBO,760501106,POSKESDES TUBO,1,0
MAJENE,TUBO SENDANA,TUBO POANG,760501107,PUSTU TUBO POANG,1,0
MAJENE,TUBO SENDANA,TUBO SELATAN,760501104,PUSTU TUBO SELATAN,1,0
MAJENE,TUBO SENDANA,TUBO TENGAH,760501105,POSKESDES LOMBONA,1,0
MAJENE,ULUMANDA,KABIRAAN,7605010,PUSKESMAS ULUMANDA,1,3
MAJENE,ULUMANDA,PANGGALO,760501006,POSKESDES PANGGALO,1,0
MAJENE,ULUMANDA,POPENGA,760501005,POSKESDES UREKANG,1,0
MAJENE,ULUMANDA,SALUTAMBUNG,7605015,PUSKESMAS SALUTAMBUNG,4,2
MAJENE,ULUMANDA,SAMBABO,760501502,POSKESDES SAMBABO,2,0
MAJENE,ULUMANDA,SULAI,760501504,POSKESDES SULAI,3,0
MAJENE,ULUMANDA,TANDEALLO,760501003,POSKESDES PAKU,0,1
MAJENE,ULUMANDA,TANDEALLO,760501004,PUSTU TANDEALLO,0,1
MAJENE,ULUMANDA,ULUMANDA,760501002,PUSTU ULUMANDA,1,0
MAMASA,ARALLE,ARALLE,7603002,PUSKESMAS ARALLE,9,1
MAMASA,ARALLE,ARALLE UTARA,760300203,PUSTU ARALLE UTARA,0,1
MAMASA,ARALLE,BARURU,760300206,PUSTU BARURU,3,0
MAMASA,ARALLE,HAHANGAN,760300210,PUSTU HAHANGAN,3,0
MAMASA,ARALLE,KALABE,760300204,"PUSTU KALA,BE",1,0
MAMASA,ARALLE,PAMOSEANG PANGGA,760300207,PUSTU PAMOSEANG PANGGA,1,0
MAMASA,ARALLE,PANETEAN,760300201,PUSTU PANETEAN,1,0
MAMASA,ARALLE,RALLE ANAK,760300208,PUSTU RALLEANAK,1,1
MAMASA,ARALLE,RALLEANAK UTARA,760300209,PUSTU RALLEANAK UTARA,1,0
MAMASA,ARALLE,RALLEANAK UTARA,760300211,RALLEANAK UTARA,1,0
MAMASA,ARALLE,UHAIDAHO,760300205,PUSTU UHAIDAO,1,0
MAMASA,ARALLE,UHAILANU,760300202,POSKESDES UHAILANU,1,0
MAMASA,BALLA,BALLA,7603019,RSUD KONDO SAPATA,23,0
MAMASA,BALLA,BALLA,760301208,POSKESDES BALLA,3,1
MAMASA,BALLA,BALLA BARAT,760301205,POSKESDES BALLA BARAT,1,0
MAMASA,BALLA,BALLA SATANETEAN,7603012,PUSKESMAS BALLA,5,2
MAMASA,BALLA,BALLA TIMUR,760301201,POSKESDES BALLA TIMUR,2,0
MAMASA,BALLA,BALLA TUMUKA,760301206,PUSTU BALLA TUMUKA,1,0
MAMASA,BALLA,BAMBAPUANG,760301202,POSKESDES BAMBAPUANG,2,0
MAMASA,BALLA,PIDARA,760301204,PUSTU PIDARA,2,0
MAMASA,BALLA,SEPAKUAN,760301207,PUSTU BALLA,5,0
MAMASA,BALLA,SEPAKUAN,760301209,POSKESDES SALUNATA,1,0
MAMASA,BAMBANG,BALATANA,760301106,PUSTU BALATANA,1,0
MAMASA,BAMBANG,BAMBANG,760301113,PUSTU BAMBANG,0,1
MAMASA,BAMBANG,BAMBANG TIMUR,760301116,PUSTU BAMBANG TIMUR,1,0
MAMASA,BAMBANG,LIMBADEBATA,760301120,PUSTU LIMBA DEBATA,2,0
MAMASA,BAMBANG,MASOSO,760301107,POLINDES MASOSO,1,0
MAMASA,BAMBANG,MINANGA,760301117,PUSTU MINANGA,1,0
MAMASA,BAMBANG,MOKALLANG,760301103,POSKESDES LEMBANG MOKALLANG,1,0
MAMASA,BAMBANG,RANTETARIMA,760301118,PUSTU RANTETARIMA,1,0
MAMASA,BAMBANG,SALUASSING,760301108,PUSTU SALUASSING,1,0
MAMASA,BAMBANG,SALUBULO,760301109,PUSTU SALUBULO,1,0
MAMASA,BAMBANG,SALUDENGEN,760301114,PUSTU SALUDENGEN,1,0
MAMASA,BAMBANG,SALUKADI,760301105,PUSTU SALUKADI,1,0
MAMASA,BAMBANG,SALUKEPOPOK,760301111,PUSTU SALUKEPOPOK,2,0
MAMASA,BAMBANG,SALURURU,7603011,PUSKESMAS BAMBANG,10,2
MAMASA,BAMBANG,SALUTABANG,760301101,POSKESDES SALUTABANG,1,0
MAMASA,BAMBANG,SIKAMASE,760301102,POLINDES SIKAMASE,1,0
MAMASA,BAMBANG,TANETE TOMBA,760301104,PUSKESDES TANETE TOMBA,1,0
MAMASA,BAMBANG,ULUMAMBI,760301115,PUSTU ULUMAMBI,1,0
MAMASA,BAMBANG,ULUMAMBI BARAT,760301110,PUSTU ULUMAMBI BARAT,1,0
MAMASA,BUNTUMALANGKA,ARALLE TIMUR,760302103,PUSTU ARALLE TIMUR,1,0
MAMASA,BUNTUMALANGKA,BUNTUMALANGKA,7603016,PKM BUNTU MALANGKA,6,1
MAMASA,BUNTUMALANGKA,KABAE,760302101,PUSTU KABAE,1,0
MAMASA,BUNTUMALANGKA,KEBANGA,760301602,PUSTU KEBANGA,1,0
MAMASA,BUNTUMALANGKA,PENATANGAN,760301603,PUSTU PENATANGAN,2,0
MAMASA,BUNTUMALANGKA,RANTEBERAN,760301601,PUSTU RANTE BERANG,0,1
MAMASA,BUNTUMALANGKA,SALURINDU,760301605,PUSTU SALURINDU,0,1
MAMASA,BUNTUMALANGKA,SALUTAMBUN,760302102,PUSTU SALUTAMBUN,1,0
MAMASA,BUNTUMALANGKA,SALUTAMBUN BARAT,7603021,PUSKESMAS SALUTAMBUN,9,1
MAMASA,BUNTUMALANGKA,SALUTAMBUN TIMUR,760302104,PUSTU SALUTAMBUN TIMUR,1,0
MAMASA,BUNTUMALANGKA,TAORA,760301604,PUSTU TAORA,1,0
MAMASA,MAMASA,BOMBONG LAMBE,760300307,P0SKESDES BOMBONGLAMBE,1,2
MAMASA,MAMASA,BOMBONG LAMBE,760300311,PUSTU BOMBONG LAMBE,1,0
MAMASA,MAMASA,BUBUN BATU,760300310,POSKESDES BUBUN BATU,2,1
MAMASA,MAMASA,BUNTU BUDA,7603020,RUMAH SAKIT BANUA MAMASE,8,0
MAMASA,MAMASA,LAMBANAN,760300302,PUSTU LAMBANAN,3,0
MAMASA,MAMASA,LEMBANA SALULO,760300304,PUSTU LEMSA,2,0
MAMASA,MAMASA,MAMASA,7603003,PUSKESMAS MAMASA,5,1
MAMASA,MAMASA,MAMBULILING,760300308,PUSTU MAMBULILLING,2,0
MAMASA,MAMASA,OSANGO,760300301,POSKEDES OSANGO,1,1
MAMASA,MAMASA,PEBASSIAN,760300306,PUSTU PEBASSIAN,2,0
MAMASA,MAMASA,RAMBUSARATU,760300309,Poskesdes Rambu Saratu,2,1
MAMASA,MAMASA,TAUPE,760300312,PUSTU TAUPE,1,0
MAMASA,MAMASA,TONDOK BAKARU,760300305,POSKESDES TONDOK BAKARU,2,0
MAMASA,MAMBI,BUJUNG MANURUNG,760300105,Pustu Bujung Manurung,1,0
MAMASA,MAMBI,INDOBANUA,760300108,Pustu Indobanua,1,0
MAMASA,MAMBI,MAMBI,7603001,PKM Mambi,2,3
MAMASA,MAMBI,PAMOSEAN,760300107,Pustu Pamoseang,1,0
MAMASA,MAMBI,RANTEBULAHAN,760300103,Poskesdes Rantebulahan,1,0
MAMASA,MAMBI,SALU ALO,760300112,Polindes Salualo,1,0
MAMASA,MAMBI,SALUBANUA,760300109,Pustu Salubanua,1,0
MAMASA,MAMBI,SALUDURIAN,760300102,Pustu Saludurian,1,0
MAMASA,MAMBI,SELUMAKA,760300106,Pustu Salumaka,1,0
MAMASA,MAMBI,SENDANA,760300101,Pustu Sendana,1,0
MAMASA,MAMBI,SONDONGLAYU,760300110,Pustu Sondong Layuk,1,0
MAMASA,MAMBI,TALIPUKKI,760300104,Pustu Talippuki,1,0
MAMASA,MAMBI,TAPALINA,760300111,Pustu Tapalinna,2,0
MAMASA,MEHALAAN,BOTTENG,760301703,PUSTU BOTTENG,1,0
MAMASA,MEHALAAN,KONDO,760301710,POSKESDES KONDO,1,0
MAMASA,MEHALAAN,LEKO SUKAMAJU,760301705,Pustu Leko sukamaju,2,0
MAMASA,MEHALAAN,MEHALAAN,7603017,PKM MEHALAAN,9,1
MAMASA,MEHALAAN,MEHALAAN,760301706,Pustu Mehalaan,2,0
MAMASA,MEHALAAN,MEHALAAN BARAT,760301707,PUSTU MEHALAAN BARAT,1,0
MAMASA,MEHALAAN,MESAKADA,760301704,Pustu mesakada,1,0
MAMASA,MEHALAAN,PASSEMBUK,760301709,POSKESDES PASSEMBUK,1,0
MAMASA,MEHALAAN,SALUAHOK,760301708,PUSTU SALUAHO',1,0
MAMASA,MEHALAAN,SALUBALO,760301701,PUSTU SALU BALO,1,0
MAMASA,MEHALAAN,SALUKONTA,760301711,pustu salukonta,0,1
MAMASA,MEHALAAN,ULUMEA,760301702,PUSTU ULUMEA',1,0
MAMASA,MESSAWA,MAKUANG,760300705,PUSTU MAKUANG,1,0
MAMASA,MESSAWA,MALIMBONG,760300702,POSKESDES MALIMBONG,1,0
MAMASA,MESSAWA,MATANDE,760300704,PUSTU MATANDE,1,0
MAMASA,MESSAWA,MESSAWA,7603007,PUSKESMAS MESSAWA,2,2
MAMASA,MESSAWA,PASMA MAMBU,760300703,PUSTU PASAPA MAMBU,1,0
MAMASA,MESSAWA,RIPPUNG,760300706,PUSTU RIPPUNG,2,0
MAMASA,MESSAWA,SEPANG,760300707,PUSTU SEPANG,2,0
MAMASA,MESSAWA,SIPAI,760300701,PUSTU SIPAI,1,0
MAMASA,MESSAWA,TANETE BATU,760300708,PUSTU TANETE BATU,3,0
MAMASA,NOSU,BATUPAPAN,760301303,PUSTU BATUPAPAN,1,0
MAMASA,NOSU,MASEWWE,760301305,PUSTU MASEWE,1,0
MAMASA,NOSU,MINANGA,760301301,PUSTU MINANGA TIMUR,0,1
MAMASA,NOSU,MINANGA,760301306,PUSTU MINANGA,1,0
MAMASA,NOSU,NOSU,7603013,PUSKESMAS NOSU,1,2
MAMASA,NOSU,PARINDING,760301304,PUSTU PARINDING,1,0
MAMASA,NOSU,SIWI,760301302,PUSTU SIWI,0,1
MAMASA,PANA,DATUBARINGAN,760300408,PUSTU DATUBARINGAN,1,0
MAMASA,PANA,KARAKA,760300405,PUSTU KARAKA',1,0
MAMASA,PANA,MAMULLU,760300403,PUSTU MAMULLU,1,0
MAMASA,PANA,MANIPI,760300401,PUSTU MANIPI',3,0
MAMASA,PANA,PANA,7603004,PUSKESMAS PANA',1,1
MAMASA,PANA,PANURA,760300406,PUSTU PANURA',2,0
MAMASA,PANA,SALOAN,760300412,PUSTU SALOAN,2,0
MAMASA,PANA,SALUTAMBUN,760300410,PUSTU PAMETTA,1,0
MAMASA,PANA,SAPAN,760300409,PUSTU SAPAN,1,0
MAMASA,PANA,TALLANG BULAWAN,760300404,PUSTU TALLANG BULAWAN,1,0
MAMASA,PANA,ULUSALU,760300402,PUSTU ULUSALU,1,0
MAMASA,PANA,ULUSALU INDAH,760300411,PUSTU ULUSALU INDAH,1,0
MAMASA,PANA,WERI,760300407,PUSTU WERI,2,0
MAMASA,RANTEBULAHAN TIMUR,BAMBANG BUDA,760301507,PUSTU BAMBANG BUDA,1,0
MAMASA,RANTEBULAHAN TIMUR,BUANGIN,760301501,PUSTU BUANGIN,2,0
MAMASA,RANTEBULAHAN TIMUR,KIRAK,760301508,POSKESDES KIRAK,1,0
MAMASA,RANTEBULAHAN TIMUR,LEKO,760301502,PUSTU LEKO,1,0
MAMASA,RANTEBULAHAN TIMUR,SALUMOKANAN,760301506,PUSTU SALUMOKANAN,2,0
MAMASA,RANTEBULAHAN TIMUR,SALUMOKANAN BARAT,7603015,PUSKESMAS RANTEBULAHAN TIMUR,2,1
MAMASA,RANTEBULAHAN TIMUR,SALUMOKANAN UTARA,760301505,PUSTU SALUMOKANAN UTARA,1,0
MAMASA,RANTEBULAHAN TIMUR,SAMPALE,760301504,PUSTU SAMPALE,1,0
MAMASA,SESENAPADANG,LISUAN ADA,760300803,PUSTU LUSUAN ADA',2,0
MAMASA,SESENAPADANG,MALANGKENA PADANG,760300806,PUSTU MELLANGKENA PADANG,1,0
MAMASA,SESENAPADANG,MALIMBONG,760300801,PUSTU MALIMBONG,1,0
MAMASA,SESENAPADANG,MARAMPAN OROBUA,760300810,PUSTU MARAMAPAN OROBUA,1,0
MAMASA,SESENAPADANG,OROBUA,7603008,PKM OROBUA,6,2
MAMASA,SESENAPADANG,OROBUA SELATAN,760300804,PUSTU OROBUA SELATAN,0,1
MAMASA,SESENAPADANG,OROBUA TIMUR,760300805,PUSTU OROBUA TIMUR,0,1
MAMASA,SESENAPADANG,PALADAN,760300802,PUSTU PALADAN,2,0
MAMASA,SESENAPADANG,RANTE PUANG,760300807,PUSTU RANTEPUANG,1,0
MAMASA,SESENAPADANG,SATENETEAN,760300811,Pustu satanetean,1,0
MAMASA,SUMARORONG,BANEA,760300601,PUSTU BANEA,1,0
MAMASA,SUMARORONG,BATANG URU,760300605,PUSTU BATANGURU,3,0
MAMASA,SUMARORONG,BATANGNGURU TIMUR,760300602,PUSTU BATANGURU TIMUR,4,0
MAMASA,SUMARORONG,SALUBALO,760300603,POSKESDES SALUBALO,2,0
MAMASA,SUMARORONG,SASAKAN,760300606,PUSTU SASAKAN,2,0
MAMASA,SUMARORONG,SIBANAWA,760300604,PUSTU SIBANAWA,2,0
MAMASA,SUMARORONG,SUMARORONG,7603006,PUSKESMAS SUMARORONG,5,1
MAMASA,SUMARORONG,TABONE,760300608,PUSTU TABONE,3,0
MAMASA,SUMARORONG,TADISI,760300607,POSKESDES TADISI,3,0
MAMASA,TABANG,BAKADISURA,760301005,Pustu Bakadisura,2,1
MAMASA,TABANG,KALAMA,760301004,Pustu Kalama,2,0
MAMASA,TABANG,MASUPU,760301003,Pustu Masuppu,2,0
MAMASA,TABANG,SALUKONA,760301006,Pustu Salukona,4,0
MAMASA,TABANG,TABANG,7603010,PUSKESMAS TABANG,16,3
MAMASA,TABANG,TABANG BARAT,760301002,Pustu Tabang Barat,0,1
MAMASA,TABANG,TADOKALUA,760301001,Pustu Tadokkalua,4,0
MAMASA,TABULAHAN,BURANA,760300503,PUSTU BURANA,1,0
MAMASA,TABULAHAN,GANDANG DEWATA,760300506,PUSTU GANDANG DEWATA,1,0
MAMASA,TABULAHAN,LAKAHANG,7603005,PUSKESMAS TABULAHAN,3,1
MAMASA,TABULAHAN,LAKAHANG,760300509,PUSTU KELURAHAN LAKAHANG,4,0
MAMASA,TABULAHAN,LAKAHANG UTAMA,760300504,PUSTU LAKAHANG UTAMA,3,0
MAMASA,TABULAHAN,MALATIRO,760300511,PUSTU MALITIRO,3,0
MAMASA,TABULAHAN,PANGANDARAN,760300502,PUSTU PENGANDARAN,2,0
MAMASA,TABULAHAN,PERIANGAN,760300510,PUSTU PERIANGAN,2,0
MAMASA,TABULAHAN,PEU',760300507,PUSTU PEU,2,0
MAMASA,TABULAHAN,SALUBAKKA,760300512,PUSTU SALUBAKKA,1,0
MAMASA,TABULAHAN,SALULEANG,760300513,PUSTU LEANG,0,1
MAMASA,TABULAHAN,TABULAHAN,760300514,PUSTU TABULAHAN,1,1
MAMASA,TABULAHAN,TALOPAK,760300501,PUSTU TOLAPA,2,0
MAMASA,TABULAHAN,TAMPAK KURRA,760300505,PUSTU TAMPA KURRA,1,0
MAMASA,TABULAHAN,TIMORO,760300508,PUSTU TIMORO,1,0
MAMASA,TANDUK KALUA,BALLABATU,760300909,POSKESDES BALABATU,1,0
MAMASA,TANDUK KALUA,KANAN,760300907,PUSTU KANAN,1,0
MAMASA,TANDUK KALUA,MANNABABA,760300905,PUSTU MANNABABA,0,1
MAMASA,TANDUK KALUA,MESAKADA,760300901,PUSTU MESAKADA,1,0
MAMASA,TANDUK KALUA,MINAKE,760300910,Bidan Praktek Mandiri ( BPM ),2,1
MAMASA,TANDUK KALUA,PAMBE,7603009,PUSKESMAS MALABO,3,4
MAMASA,TANDUK KALUA,PARONDOBULAWAN,760300903,PUSTU PARONDOBULAWAN,1,0
MAMASA,TANDUK KALUA,SINDAGAMANIK,760300902,PUSTU DESA SINDAGAMANIK,0,1
MAMASA,TANDUK KALUA,TALIMBUNG,760300904,POSKESDES TALIMBUNG,1,0
MAMASA,TANDUK KALUA,TAMALANTIK,760300908,PUSTU TAMALANTIK,1,0
MAMASA,TAWALIAN,KARIANGO,760301402,PUSTU KARIANGO,5,0
MAMASA,TAWALIAN,KARIANGO,760301403,POSKESDES KOPIAN,1,0
MAMASA,TAWALIAN,RANTETANGNGA,760301404,POSKESDES RANTETANGNGA,3,0
MAMASA,TAWALIAN,TAWALIAN,7603014,PUSKESMAS TAWALIAN,9,1
MAMASA,TAWALIAN,TAWALIAN TIMUR,760301401,PUSTU TAWALIAN TIMUR,4,0
MAMUJU,BONEHAU,BANUADA,760202403,Poskesdes Banuada,1,0
MAMUJU,BONEHAU,BONEHAU,760202303,Pustu Talondo Kondo,2,0
MAMUJU,BONEHAU,BONEHAU,760202304,Puskesdes Tamalea,0,1
MAMUJU,BONEHAU,BONEHAU,760203002,Pustu Bonehau,1,0
MAMUJU,BONEHAU,BUTTUADA,7602024,PKM BUTTUADA,7,0
MAMUJU,BONEHAU,BUTTUADA,760202401,Poskesdes Mao,2,0
MAMUJU,BONEHAU,BUTTUADA,760202402,Poskesdes Pelosian,1,0
MAMUJU,BONEHAU,HINUA,7602023,PKM HINUA,5,1
MAMUJU,BONEHAU,KINATANG,760202301,Poskesdes Kinatang,2,0
MAMUJU,BONEHAU,LUMIKA,7602030,PKM Bonehau Mesa Kada,6,1
MAMUJU,BONEHAU,MAPPU,760203001,Poskesdes Dengen,2,0
MAMUJU,BONEHAU,SALUTIWO,760203004,Pustu Salutiwo,2,0
MAMUJU,BONEHAU,TAMALEA,760203003,Poskesdes Talondo 1,1,1
MAMUJU,KALUKKU,BEBANGA,760202001,Pustu Bebanga,3,0
MAMUJU,KALUKKU,BEBANGA,760202004,Poskesdes Galung,1,0
MAMUJU,KALUKKU,BEBANGA,760202013,BPS HASNAWATI,1,0
MAMUJU,KALUKKU,BELANG BELANG,760202701,Poskesdes Belang-Belang,3,0
MAMUJU,KALUKKU,BELANG BELANG,760202707,Puskesdes Bakengkeng,2,0
MAMUJU,KALUKKU,BERU-BERU,7602027,PKM Beru-Beru,5,1
MAMUJU,KALUKKU,BERU-BERU,760202702,Poskesdes Kampung Baru,3,0
MAMUJU,KALUKKU,GULILING,760202708,Poskesdes Guliling,4,0
MAMUJU,KALUKKU,KABULOANG,760202703,Poskesdes Kabuloang,6,0
MAMUJU,KALUKKU,KABULOANG,760202704,Poskesdes Kalilung,4,0
MAMUJU,KALUKKU,KABULOANG,760202705,Poskesdes Rarani,3,0
MAMUJU,KALUKKU,KABULOANG,760202706,Poskesdes Salupompong,3,1
MAMUJU,KALUKKU,KALUKKU,7602055,Klinik dr Dewi sartika,2,1
MAMUJU,KALUKKU,KALUKKU,760202003,Poskesdes Le'beng,3,0
MAMUJU,KALUKKU,KALUKKU,760202005,Pustu Kalukku,4,0
MAMUJU,KALUKKU,KALUKKU BARAT,760202002,Poskesdes Kalukku Barat,4,0
MAMUJU,KALUKKU,KEANG,7602021,Puskesmas Keang,8,1
MAMUJU,KALUKKU,PAMMULUKANG,760202203,Poskesdes Pamulukang,4,0
MAMUJU,KALUKKU,PAMMULUKANG,760202205,Poskesdes Rombi APo,1,0
MAMUJU,KALUKKU,POKKANG,760202709,Poskesdes Pokkang,2,0
MAMUJU,KALUKKU,SINYONYOI,7602020,Puskesmas Tampa Padang,4,3
MAMUJU,KALUKKU,SINYONYOI,760202204,UPTD Sinyonyoi Marano,1,0
MAMUJU,KALUKKU,SINYONYOI SELATAN,7602022,Puskesmas Ranga-Ranga,11,0
MAMUJU,KALUKKU,SONDOANG,760202009,Pustu Sondoang,5,0
MAMUJU,KALUKKU,SONDOANG,760202012,Poskesdes Kasso,2,0
MAMUJU,KALUKKU,UHAIMATE,760202101,Poskesdes Uhaimate,3,0
MAMUJU,KALUMPANG,BATU MAKKADA,760201602,pustu batu makkada,1,0
MAMUJU,KALUMPANG,KALUMPANG,7602018,PKM Kurrusumanga,12,0
MAMUJU,KALUMPANG,KARAMA,7602016,Puskesmas Sipatuo,1,0
MAMUJU,KALUMPANG,KARATAUN,7602017,Puskesmas Unit Tambang raya,0,1
MAMUJU,KALUMPANG,KONDO BULO,760201801,Pustu Kondo Bulo,2,0
MAMUJU,KALUMPANG,KONDO BULO,760201803,Poskesdes Peragian,3,0
MAMUJU,KALUMPANG,LASA',760201701,Poskesdes Lasa,1,0
MAMUJU,KALUMPANG,LIMBONG,760201802,Pustu Limbong,0,1
MAMUJU,KALUMPANG,MAKKALIKI,760201804,Pustu makkaliki,0,1
MAMUJU,KALUMPANG,POLIO,760201601,Poskesdes Polio,1,0
MAMUJU,KALUMPANG,SALUMAKKI,760201702,Pustu Salumakki,1,0
MAMUJU,KALUMPANG,SANDAPANG,760201604,Pustu Sandapang,0,1
MAMUJU,KALUMPANG,SIRAUN,760201703,Puskesdes Siraun,1,0
MAMUJU,KALUMPANG,TUMOGA,760201603,Pustu Tumonga,1,0
MAMUJU,KEP. BALA BALAKANG,BALA BALAKANG,7602031,Puskesmas Salissingan,2,0
MAMUJU,KEP. BALA BALAKANG,BALA BALAKANG,760203101,Pustu Popoongan,1,1
MAMUJU,KEP. BALA BALAKANG,BALA BALAKANG,760203102,Pustu Sabakkatang,1,0
MAMUJU,KEP. BALA BALAKANG,BALA-BALAKANG TIMUR,760203103,Pustu Ambo',5,0
MAMUJU,MAMUJU,BAMBU,7602009,PUSKESMAS BAMBU,4,1
MAMUJU,MAMUJU,BINANGA,7602008,PKM BINANGA,7,6
MAMUJU,MAMUJU,BINANGA,7602050,BIDAN MANDIRI HJ. MAENIAH OTONG,0,1
MAMUJU,MAMUJU,BINANGA,7602052,POLIKLINIK KESEHATAN 14.09.16 MAMUJU,4,0
MAMUJU,MAMUJU,KARAMPUANG,760200901,Poskesdes Ujung Bulo,1,0
MAMUJU,MAMUJU,KARAMPUANG,760200902,Poskesdes Bajak,1,0
MAMUJU,MAMUJU,KARAMPUANG,760200903,Pustu Karampuang,2,0
MAMUJU,MAMUJU,KAREMA,7602010,"FASKES dr KHADIJAH TUAMI, KLINIK KB BPS UMMY",4,0
MAMUJU,MAMUJU,KAREMA,7602057,DPD dr. SRI RIZKY Y DJURAEDJO,3,0
MAMUJU,MAMUJU,KAREMA,760200803,Poskesdes Tahaya-haya,7,0
MAMUJU,MAMUJU,KAREMA,760200805,Poskesdes Karema Utara,6,0
MAMUJU,MAMUJU,KAREMA,760200806,PUSTU PADANG PANGA,9,1
MAMUJU,MAMUJU,MAMUNYU,7602044,POLIKLINIK BIDOKKES POLDA SULBAR,1,0
MAMUJU,MAMUJU,MAMUNYU,760200801,Pustu Tambi,2,1
MAMUJU,MAMUJU,MAMUNYU,760200802,Pustu Tamasapi,1,2
MAMUJU,MAMUJU,RIMUKU,7602006,PKBRS RSUD MAMUJU,0,5
MAMUJU,MAMUJU,RIMUKU,7602007,RS MITRA MANAKARRA,9,2
MAMUJU,MAMUJU,RIMUKU,7602011,PRAKTEK DOKTER LINDAWATY HARIANDJA,2,0
MAMUJU,MAMUJU,RIMUKU,7602041,KLINIK WIRASATYA,4,1
MAMUJU,MAMUJU,RIMUKU,7602049,RSIA MUTIARA IBU,1,1
MAMUJU,MAMUJU,RIMUKU,7602056,PMB AZ.ZAHRA,1,2
MAMUJU,MAMUJU,TADUI,760200904,Poskesdes Tadui,6,0
MAMUJU,PAPALANG,BATU AMPA,760201202,POSKESDES BATUAMPA,2,0
MAMUJU,PAPALANG,BODA-BODA,760201203,Poskesdes Boda-boda,4,0
MAMUJU,PAPALANG,BONDA,760201201,Poskesdes Bonda,5,0
MAMUJU,PAPALANG,PAPALANG,760201207,Poskesdes Papalang,4,0
MAMUJU,PAPALANG,SALUKAYU,760201206,Puskesdes Salukayu,1,0
MAMUJU,PAPALANG,SALUKAYU,760201211,Poskesdes Salubotteng,1,0
MAMUJU,PAPALANG,SISANGO,760201204,Puskesdes Sisango I/ Sisango Selatan,2,0
MAMUJU,PAPALANG,SISANGO,760201205,Puskesdes Sisango II/Sisango Utara,2,0
MAMUJU,PAPALANG,SUKADAMAI,760201210,Poskesdes Sukadamai,1,0
MAMUJU,PAPALANG,TOABO,760201208,Poskesdes Wanua Baru,1,0
MAMUJU,PAPALANG,TOABO,760201209,Poskesdes Toabo,2,1
MAMUJU,PAPALANG,TOPORE,7602012,PUSKESMAS TOPORE,5,2
MAMUJU,SAMPAGA,BUNDE,760202507,Pustu Bunde,2,0
MAMUJU,SAMPAGA,BUNDE,760202509,Poskesdes Takosang,2,0
MAMUJU,SAMPAGA,KALONDING,760202501,Pustu Kalonding,3,0
MAMUJU,SAMPAGA,KALONDING,760202502,Posksdes Pedasi,1,0
MAMUJU,SAMPAGA,KALONDING,760202503,Poskesdes Sidomakmur,3,0
MAMUJU,SAMPAGA,LOSSO,760202505,Poskesdes Losso,1,0
MAMUJU,SAMPAGA,SALUBARANA,760202506,Pustu Salubarana,3,0
MAMUJU,SAMPAGA,SAMPAGA,760202504,Poskesdes Sampaga,4,0
MAMUJU,SAMPAGA,TANAMBUAH,760202508,Pustu Tanambuah,4,0
MAMUJU,SAMPAGA,TARAILU,7602025,Puskesmas Tarailu,2,1
MAMUJU,SIMBORO,BOTTENG,7602004,PUSKESMAS BOTTENG,14,2
MAMUJU,SIMBORO,BOTTENG UTARA,760200403,POSKESDES POPANGA,2,1
MAMUJU,SIMBORO,PATI'DI,760200407,POSKESDES PATIDDI,3,0
MAMUJU,SIMBORO,RANGAS,7602003,KLINIK PRATAMA KANTOR GUBERNUR,1,2
MAMUJU,SIMBORO,RANGAS,7602005,PUSKESMAS RANGAS,19,7
MAMUJU,SIMBORO,RANGAS,760200404,POSKESDES SALUNANGKA,1,0
MAMUJU,SIMBORO,RANGAS,760200501,PUSKESDES SESE SELATAN,2,0
MAMUJU,SIMBORO,RANGAS,760200507,POSKESDES SESES UTARA,1,0
MAMUJU,SIMBORO,SALETTO,760200401,POSKESDES SALLETTO,5,0
MAMUJU,SIMBORO,SIMBORO,7602001,RSUD PROV SULBAR,3,4
MAMUJU,SIMBORO,SIMBORO,7602002,RS BHAYANGKARA HOEGENG IMAN SANTOSO,3,1
MAMUJU,SIMBORO,SIMBORO,760200504,PUSTU SIMBORO,2,0
MAMUJU,SIMBORO,SIMBORO,760200512,BPM HJ. ADRIANY,1,0
MAMUJU,SIMBORO,SUMARE,760200503,POSKESDES SUMARE,3,0
MAMUJU,SIMBORO,TAPANDULLU,760200506,PUSTU TAPANDULLU,1,0
MAMUJU,TAPALANG,BELA,760202602,Pustu Bela,2,0
MAMUJU,TAPALANG,GALUNG,7602026,Puskesmas Tapalang,8,4
MAMUJU,TAPALANG,KASAMBANG,760202603,Poskesdes Kasambang,2,0
MAMUJU,TAPALANG,KOPEANG,760202605,Pustu Kopeang,2,0
MAMUJU,TAPALANG,OROBATU,760202606,Poskesdes Orobatu,0,1
MAMUJU,TAPALANG,RANTEDODA,760202604,Poskesdes Rantedoda,2,0
MAMUJU,TAPALANG,TAAN,760202601,Pustu Taan,1,2
MAMUJU,TAPALANG,TAKANDEANG,760202607,Pustu Takandeang,2,0
MAMUJU,TAPALANG,TAMPALANG,760202608,Pustu Tampalang,2,0
MAMUJU,TAPALANG BARAT,AHU,760204202,poskesdes ahu,4,0
MAMUJU,TAPALANG BARAT,DUNGKAIT,7602019,Puskesmas Dungkait,10,0
MAMUJU,TAPALANG BARAT,LABUANG RANO,760201902,Pustu Labuang Rano,2,1
MAMUJU,TAPALANG BARAT,LABUANG RANO,760201903,Poskesdes Turadu,3,0
MAMUJU,TAPALANG BARAT,LEBANI,760201908,Pustu Lebani,2,0
MAMUJU,TAPALANG BARAT,PANGASAAN,760201906,Poskesdes Pangasaaan,1,0
MAMUJU,TAPALANG BARAT,PASABU,7602042,PUSKESMAS TAPALANG BARAT,3,1
MAMUJU,TAPALANG BARAT,PASABU,760204201,Pustu Pasabu,2,0
MAMUJU,TAPALANG BARAT,TANETE PAO,760204203,pustu tenetepao,4,0
MAMUJU,TOMMO,BUANA SAKTI,760201401,Poskesdes Buana Sakti,4,0
MAMUJU,TOMMO,CAMPALOGA,7602013,Puskesmas Campaloga,8,3
MAMUJU,TOMMO,CAMPALOGA,760201304,POSKESDES SALUMANU,2,0
MAMUJU,TOMMO,KAKULLASANG,760201302,Puskesmas Pembantu Kakulassan,4,2
MAMUJU,TOMMO,KAKULLASANG,760201306,PUSTU KALKULASSANG,2,0
MAMUJU,TOMMO,KALEPU,760201405,PUSTU KALEPU,1,0
MAMUJU,TOMMO,LELING,760201501,Pustu Leling,2,0
MAMUJU,TOMMO,LELING BARAT,7602015,PKM Leling,11,1
MAMUJU,TOMMO,LELING BARAT,760201502,Poskesdes Lomban Baraba,0,1
MAMUJU,TOMMO,LELING UTARA,760201504,POSKESDES SALUPATTUNG,2,0
MAMUJU,TOMMO,LELING UTARA,760201505,Poskesdes Salulassa,0,1
MAMUJU,TOMMO,MALINO,760201305,POSKESDES MALINO,1,0
MAMUJU,TOMMO,RANTEMARIO,760201301,Pustu Rante Mario,1,0
MAMUJU,TOMMO,SALUDENGEN,760201404,PUSTU SALUDENGEN,1,0
MAMUJU,TOMMO,SANDANA,760201503,Poskesdes Mariri,2,0
MAMUJU,TOMMO,TAMEJARRA,760201303,pustu tammejarra,2,0
MAMUJU,TOMMO,TAMEMONGGA,760201402,POSKESDES TAMEMONGGA,1,0
MAMUJU,TOMMO,TAMEMONGGA,760201403,PUSTU SALUMADINGIN,1,0
MAMUJU,TOMMO,TOMMO,7602014,Klinik KB Puskesmas Tommo,1,7
MAMUJU TENGAH,BUDONG-BUDONG,BABANA,7606003,Puskesmas Babana,2,1
MAMUJU TENGAH,BUDONG-BUDONG,BABANA,760600301,PUSTU POLOHU,2,0
MAMUJU TENGAH,BUDONG-BUDONG,BABANA,760600302,POSKESDES LEMBAH HARAPAN,1,0
MAMUJU TENGAH,BUDONG-BUDONG,BARAKKANG,760600404,pustu barakkang,1,0
MAMUJU TENGAH,BUDONG-BUDONG,BOJO,760600407,PUSTU BOJO,1,0
MAMUJU TENGAH,BUDONG-BUDONG,BOJO,760600408,POSKESDES RAWA INDAH,1,0
MAMUJU TENGAH,BUDONG-BUDONG,KIRE,760600304,PUSTU RANTE KOMBILING,1,0
MAMUJU TENGAH,BUDONG-BUDONG,KIRE,760600306,pustu kire,1,0
MAMUJU TENGAH,BUDONG-BUDONG,LEMBAH HADA,760600406,poskesdes lembah hada,2,0
MAMUJU TENGAH,BUDONG-BUDONG,LUMU,760600305,PUSTU LUMU,7,0
MAMUJU TENGAH,BUDONG-BUDONG,PASAPA,760600409,pustu pasapa,1,0
MAMUJU TENGAH,BUDONG-BUDONG,PASAPA,760600411,PUSTU RANTE MARIO,1,0
MAMUJU TENGAH,BUDONG-BUDONG,PONTANAKAYANG,760600405,pustu pontanakayyang,1,1
MAMUJU TENGAH,BUDONG-BUDONG,SALOGATTA,7606004,Puskesmas Salugatta,8,5
MAMUJU TENGAH,BUDONG-BUDONG,SALOGATTA,760600401,pustu salugatta,1,0
MAMUJU TENGAH,BUDONG-BUDONG,SALOGATTA,760600402,PKD KM 10,1,0
MAMUJU TENGAH,BUDONG-BUDONG,SALUMANURUNG,760600410,PUSTU SALU MANURUNG,1,0
MAMUJU TENGAH,BUDONG-BUDONG,TINALI,760600403,Pustu Tinali,1,0
MAMUJU TENGAH,KAROSSA,BENGGAULU,760600903,pustu mora III,1,0
MAMUJU TENGAH,KAROSSA,BENGGAULU,760600907,poskesdes benggaulu,1,0
MAMUJU TENGAH,KAROSSA,BENGGAULU,760600912,PUSTU MORA IV,1,0
MAMUJU TENGAH,KAROSSA,KADAILA,760600905,PUSTU KADAILA,2,0
MAMUJU TENGAH,KAROSSA,KAMBUNONG,760601007,POSKESDES ANTALILI,1,1
MAMUJU TENGAH,KAROSSA,KAMBUNONG,760601008,PUSTU KAMBUNONG,4,0
MAMUJU TENGAH,KAROSSA,KAMBUNONG,760601012,poskesdes pulau kambunong,1,0
MAMUJU TENGAH,KAROSSA,KAROSSA,7606009,Puskesmas Durikumba,0,2
MAMUJU TENGAH,KAROSSA,KAROSSA,760600909,Pustu Karossa Pantai,1,0
MAMUJU TENGAH,KAROSSA,KAROSSA,760600911,POSKESDES LARA III,1,0
MAMUJU TENGAH,KAROSSA,KAYU CALLA,760600902,pustu kayucalla,1,0
MAMUJU TENGAH,KAROSSA,LARA,7606010,Puskesmas lara,0,1
MAMUJU TENGAH,KAROSSA,LARA,760601013,POSKESDES ANGGALEHA,1,0
MAMUJU TENGAH,KAROSSA,LEMBAH HOPO,760601010,PUSTU LEMBAH HOPO,0,1
MAMUJU TENGAH,KAROSSA,LEMBAH HOPO,760601014,POSKESDES POPENGA,1,0
MAMUJU TENGAH,KAROSSA,SALUBIRO,760601002,pustu salubiro,2,1
MAMUJU TENGAH,KAROSSA,SANJANGO,760600904,poskesdes sanjango,1,0
MAMUJU TENGAH,KAROSSA,SANJANGO,760600913,PUSTU SANJANGO,0,1
MAMUJU TENGAH,KAROSSA,SUKA MAJU,760601009,Poskesdes Lara 1,1,0
MAMUJU TENGAH,KAROSSA,SUKA MAJU,760601011,pustu sukamaju,2,0
MAMUJU TENGAH,KAROSSA,TASOKKO,760601005,Pustu Tasokko,5,0
MAMUJU TENGAH,KAROSSA,TASOKKO,760601015,Poskesdes salubejau,1,0
MAMUJU TENGAH,PANGALE,KOMBILING,760600204,Pustu Kombiling,2,0
MAMUJU TENGAH,PANGALE,KUO,760600106,Pustu Kuo,4,0
MAMUJU TENGAH,PANGALE,LAMBA-LAMBA,760600205,Poskesdes Lamba-lamba,1,0
MAMUJU TENGAH,PANGALE,LEMO-LEMO,760600103,Puskesdes Lemo-Lemo,2,0
MAMUJU TENGAH,PANGALE,PANGALE,760600101,Pustu Pangale,1,1
MAMUJU TENGAH,PANGALE,PANGALE,760600102,Poskesdes Latibung,0,1
MAMUJU TENGAH,PANGALE,POLO CAMBA,7606002,Puskesmas Polo Camba,7,2
MAMUJU TENGAH,PANGALE,POLO CAMBA,760600201,Poskesdes Polo Camba II,2,0
MAMUJU TENGAH,PANGALE,POLO LERENG,760600202,Pustu Polo Lereng,2,0
MAMUJU TENGAH,PANGALE,POLO LERENG,760600203,Poskesdes Tritunggal,1,0
MAMUJU TENGAH,PANGALE,POLO PANGALE,7606001,Puskesmas Pangale,4,4
MAMUJU TENGAH,PANGALE,POLO PANGALE,760600104,Puskesdes Sidomulyo,0,1
MAMUJU TENGAH,PANGALE,SARTANAMAJU,760600105,Pustu Sartana Maju,1,0
MAMUJU TENGAH,TOBADAK,BAMBADARU,760600505,PUSTU BAMBADARU,1,1
MAMUJU TENGAH,TOBADAK,BAMBADARU,760600508,POSKESDES PATALASSANG,1,0
MAMUJU TENGAH,TOBADAK,BATU PARIGI,7606016,PUSKESMAS BATUPARIGI,0,1
MAMUJU TENGAH,TOBADAK,BATU PARIGI,760601601,Poskesdes Saluandeang,1,0
MAMUJU TENGAH,TOBADAK,BATU PARIGI,760601603,Poskesdes tanetebaha,1,0
MAMUJU TENGAH,TOBADAK,BATU PARIGI,760601605,Poskesdes Pandoang-Doang,2,0
MAMUJU TENGAH,TOBADAK,MAHAHE,7606005,Puskesmas Tobadak,3,3
MAMUJU TENGAH,TOBADAK,MAHAHE,7606021,"Praktek Mandiri Bidan "" SAYANG IBU""",1,2
MAMUJU TENGAH,TOBADAK,PALONGAAN,760600502,PUSTU POLONGAAN,3,0
MAMUJU TENGAH,TOBADAK,PALONGAAN,760600507,POSKESDES TASANTUNG,1,0
MAMUJU TENGAH,TOBADAK,SALOADAK,7606006,Puskesmas Saloadak,3,1
MAMUJU TENGAH,TOBADAK,SALOADAK,760600601,poskesdes tawaro,1,0
MAMUJU TENGAH,TOBADAK,SALOADAK,760600603,PUSTU RAWA MAKMUR,0,1
MAMUJU TENGAH,TOBADAK,SALOBAJA,760600504,PUSTU SULOBAJA,1,1
MAMUJU TENGAH,TOBADAK,SEJATI,760600602,pustu sejati,2,0
MAMUJU TENGAH,TOBADAK,TOBADAK,7606011,RSUD Kab Mamuju Tengah,1,2
MAMUJU TENGAH,TOBADAK,TOBADAK,7606022,KLINIK POLRES MAMUJU TENGAH,4,0
MAMUJU TENGAH,TOBADAK,TOBADAK,7606024,PMB MAWADDAH,1,1
MAMUJU TENGAH,TOBADAK,TOBADAK,760600501,PUSTU TOBADAK,2,0
MAMUJU TENGAH,TOPOYO,BAMBAMANURUNG,760600801,PUSTU BAMBAMANURUNG,2,0
MAMUJU TENGAH,TOPOYO,BUDONG-BUDONG,760600709,poskesdes patulana ujung,1,0
MAMUJU TENGAH,TOPOYO,BUDONG-BUDONG,760600713,PUSTU BUDONG-BUDONG,1,0
MAMUJU TENGAH,TOPOYO,KABUBU,760600702,PUSTU KABUBU,1,0
MAMUJU TENGAH,TOPOYO,PANGALLOANG,7606025,PMB KASIH IBU,1,2
MAMUJU TENGAH,TOPOYO,PANGALLOANG,760600710,PKD pangalloang,2,1
MAMUJU TENGAH,TOPOYO,PARAILI,760600704,PUSTU PARAILI,1,0
MAMUJU TENGAH,TOPOYO,SALULEKBO,760600806,PUSTU SALULEBO,2,0
MAMUJU TENGAH,TOPOYO,SALULEKBO,760600807,POSKESDES BATU TANGGA,1,0
MAMUJU TENGAH,TOPOYO,SALULEKBO,760600808,Poskesdesa Batu Dinding,1,0
MAMUJU TENGAH,TOPOYO,SALUPANGKANG,7606008,Pukesmas Salupangkang,7,5
MAMUJU TENGAH,TOPOYO,SALUPANGKANG IV,760600802,PUSTU SALUPANGKANG IV,1,0
MAMUJU TENGAH,TOPOYO,SINABATTA,760600707,POSKESDES SINABATTA,2,0
MAMUJU TENGAH,TOPOYO,TABOLANG,760600804,PUSTU TABOLANG,2,0
MAMUJU TENGAH,TOPOYO,TABOLANG,760600805,PUSTU KALANDO,1,0
MAMUJU TENGAH,TOPOYO,TANGKOU,760600803,PUSTU TANGKAU,1,0
MAMUJU TENGAH,TOPOYO,TAPPILINA,760600711,pustu tappilina,2,0
MAMUJU TENGAH,TOPOYO,TOPOYO,7606007,PUSKESMAS TOPOYO,10,4
MAMUJU TENGAH,TOPOYO,TOPOYO,7606017,PMB HATI BUNDA,3,1
MAMUJU TENGAH,TOPOYO,TOPOYO,7606019,Abu Medical Clinik,3,0
MAMUJU TENGAH,TOPOYO,TUMBU,760600705,PUSTU TUMBU,1,0
MAMUJU TENGAH,TOPOYO,TUMBU,760600706,POSKESDES WAELOTONG,2,0
MAMUJU TENGAH,TOPOYO,TUMBU,760600712,PKD TANJUNG LALLERE,2,0
MAMUJU TENGAH,TOPOYO,WAEPUTEH,7606020,PMB SAYANG IBU,3,0
MAMUJU TENGAH,TOPOYO,WAEPUTEH,760600703,PUSTU WAEPUTEH,1,0
PASANGKAYU,BAMBAIRA,BAMBAIRA,7601002,UPT PUSKESMAS BAMBAIRA,5,2
PASANGKAYU,BAMBAIRA,BAMBAIRA,760100206,POSKESDES BARUGA BARU,1,0
PASANGKAYU,BAMBAIRA,BAMBAIRA,760100207,PUSTU BAMBAIRA,2,0
PASANGKAYU,BAMBAIRA,KALUKU NANGKA,760100205,PUSTU KALUKUNANGKA,1,1
PASANGKAYU,BAMBAIRA,KALUKU NANGKA,760100208,POLINDES KALUKU NANGKA,0,1
PASANGKAYU,BAMBAIRA,KASOLOANG,760100204,POSKESDES KASOLOANG,3,1
PASANGKAYU,BAMBAIRA,TAMPAURE,760100201,POSKESDES SALUIRA,1,0
PASANGKAYU,BAMBAIRA,TAMPAURE,760100202,POSKESDES BAMBARANO,1,0
PASANGKAYU,BAMBALAMOTU,BAMBALAMOTU,760100310,Pustu Bambalamotu,0,1
PASANGKAYU,BAMBALAMOTU,BAMBALAMOTU,760100312,Pustu Baliri,1,0
PASANGKAYU,BAMBALAMOTU,BAMBALAMOTU,760100313,Pustu Sawi,1,0
PASANGKAYU,BAMBALAMOTU,KALOLA,760100301,Pustu Tasonde,0,1
PASANGKAYU,BAMBALAMOTU,KALOLA,760100302,Pustu Kalola,1,0
PASANGKAYU,BAMBALAMOTU,KALOLA,760100303,Poskesdes Sulapa,1,0
PASANGKAYU,BAMBALAMOTU,PANGIANG,760100304,Pustu Pangiang,1,0
PASANGKAYU,BAMBALAMOTU,PANGIANG,760100305,Poskesdes Salule,1,0
PASANGKAYU,BAMBALAMOTU,POLEWALI,760100306,Pustu Polewali,1,0
PASANGKAYU,BAMBALAMOTU,POLEWALI,760100307,Poskesdes Hikma,1,0
PASANGKAYU,BAMBALAMOTU,POLEWALI,760100308,Poskesdes Lelumpang,1,0
PASANGKAYU,BAMBALAMOTU,RANDOMAYANG,7601003,UPT Puskesmas Bambalamotu,3,3
PASANGKAYU,BAMBALAMOTU,WULAI,760100309,Poskesdes Wulai,0,1
PASANGKAYU,BARAS,BALANTI,760101104,Pustu Balanti,1,0
PASANGKAYU,BARAS,BARAS,760101002,Pustu Bambaloka,0,2
PASANGKAYU,BARAS,BARAS,760101004,BPM INDO'KU,1,0
PASANGKAYU,BARAS,BULU PARIGI,7601010,UPT PUSKESMAS BARAS 1,5,1
PASANGKAYU,BARAS,KASANO,760101001,Pustu Kasano,1,0
PASANGKAYU,BARAS,MOTU,7601011,UPT PUSKESMAS BARAS 2,10,1
PASANGKAYU,BARAS,MOTU,7601018,KLINIK NUSA INDAH,0,1
PASANGKAYU,BARAS,MOTU,760101101,Poskesdes Motu,1,0
PASANGKAYU,BARAS,MOTU,760101105,BPM Smart,0,1
PASANGKAYU,BARAS,TOWONI,760101102,Polindes Towoni,1,0
PASANGKAYU,BARAS,TOWONI,760101103,Pustu Towoni,1,0
PASANGKAYU,BULU TABA,BUKIT HARAPAN,760100904,PUSTU BUKIT HARAPAN,1,0
PASANGKAYU,BULU TABA,BUKIT HARAPAN,760100905,POSKESDES HOW,1,0
PASANGKAYU,BULU TABA,KARAVE,760100907,PUSTU KARAVE,1,0
PASANGKAYU,BULU TABA,KASTABUANA,760100906,PUSTU KASTABUANA,2,0
PASANGKAYU,BULU TABA,LELEJAE,760100901,PUSTU LELEJAE,2,0
PASANGKAYU,BULU TABA,LILIMORI,7601009,UPT PUSKESMAS BULUTABA,8,2
PASANGKAYU,BULU TABA,OMPI,760100903,PUSTU OMPI,1,0
PASANGKAYU,BULU TABA,SUMBER SARI,760100902,PUSTU SUMBER SARI,2,0
PASANGKAYU,DAPURANG,BENGGAULU,7601014,UPT PUSKESMAS DAPURANG,3,2
PASANGKAYU,DAPURANG,BENGGAULU,760101409,Poskesdes Benggaulu,1,1
PASANGKAYU,DAPURANG,BENGGAULU,760101410,Polindes Pammanua,1,0
PASANGKAYU,DAPURANG,BENGGAULU,760101411,Pustu Benggaulu,0,1
PASANGKAYU,DAPURANG,BENGGAULU,760101412,Polindes Kanantuo,1,0
PASANGKAYU,DAPURANG,BENGGAULU,760101413,Polindes Maros Baru,1,1
PASANGKAYU,DAPURANG,BULU BONGGU,760101402,Polindes Tobajo,1,0
PASANGKAYU,DAPURANG,BULU BONGGU,760101414,Pustu Bulubonggu,1,0
PASANGKAYU,DAPURANG,BULU BONGGU,760101415,Pustu Rontojali,1,0
PASANGKAYU,DAPURANG,BULU BONGGU,760101416,Polindes Duribohe,0,1
PASANGKAYU,DAPURANG,BULU BONGGU,760101417,Polindes Antai Kanan,1,0
PASANGKAYU,DAPURANG,DAPURANG,760101401,Pustu Dapurang,1,0
PASANGKAYU,DAPURANG,DAPURANG,760101403,Poskesdes Dapurang,0,1
PASANGKAYU,DAPURANG,DAPURANG,760101404,Polindes Tabalia,1,0
PASANGKAYU,DAPURANG,DAPURANG,760101418,BPM ISYANA,8,0
PASANGKAYU,DAPURANG,DAPURANG,760101419,Poskesdes Belawa Rahmat,1,0
PASANGKAYU,DAPURANG,SARASA,760101406,Pustu Sarasa,0,1
PASANGKAYU,DAPURANG,SARASA,760101407,Poskesdes Kasalai,0,1
PASANGKAYU,DAPURANG,SARASA,760101408,Poskesdes Bayu,1,0
PASANGKAYU,DAPURANG,TIRTABUANA,760101405,Pustu Tirtabuana,0,1
PASANGKAYU,DURIPOKU,SAPTANAJAYA,760101501,Pustu Saptanajaya,2,0
PASANGKAYU,DURIPOKU,SIPAKAINGA,760101502,Pustu Sipakainga,1,0
PASANGKAYU,DURIPOKU,TAMMARUNANG,7601015,UPT PUSKESMAS DURIPOKU,12,0
PASANGKAYU,DURIPOKU,TARANGGI,760101503,Pustu Taranggi,1,0
PASANGKAYU,LARIANG,BAJAWALI,760100802,POSKESDES KENANGAN,1,0
PASANGKAYU,LARIANG,BAJAWALI,760100803,PUSTU BAJAWALI,1,0
PASANGKAYU,LARIANG,BAMBAKORO,760100804,POSKESDES BAMBAKORO,1,1
PASANGKAYU,LARIANG,BATU MATORU,760100805,POLINDES BATUMATORU,1,1
PASANGKAYU,LARIANG,KENANGAN,760100801,PUSTU KENANGAN,1,0
PASANGKAYU,LARIANG,KULU,760100806,PUSTU GODANG,0,1
PASANGKAYU,LARIANG,PARABU,7601008,UPT PUSKESMAS LARIANG,3,2
PASANGKAYU,LARIANG,SINGGANI,760100807,POSKESDES SINGGANI,0,1
PASANGKAYU,PASANGKAYU,AKO,7601016,RSUD Kabupaten Pasangkayu,4,2
PASANGKAYU,PASANGKAYU,AKO,7601054,Unit Kesehatan Karyawan TSL-TBL,3,0
PASANGKAYU,PASANGKAYU,AKO,760100403,Poskesdes Taranja,2,0
PASANGKAYU,PASANGKAYU,GUNUNG SARI,7601017,Poli Klinik Kebun PT. Pasangkayu,5,2
PASANGKAYU,PASANGKAYU,GUNUNG SARI,760100502,Polindes Bambamone,0,1
PASANGKAYU,PASANGKAYU,KARYA BERSAMA,7601004,UPT PUSKESMAS PASANGKAYU 1,7,4
PASANGKAYU,PASANGKAYU,MARTAJAYA,7601005,UPT PUSKESMAS PASANGKAYU 2,1,7
PASANGKAYU,PASANGKAYU,PAKAVA,760100501,Pustu Pakawa,1,2
PASANGKAYU,PASANGKAYU,PASANGKAYU,7601022,SMART MEDICAL CENTER,1,1
PASANGKAYU,PASANGKAYU,PASANGKAYU,7601025,KLINIK RES MATRA,1,0
PASANGKAYU,PASANGKAYU,PASANGKAYU,7601055,APOTIK ATTAR FARMA,2,0
PASANGKAYU,PASANGKAYU,PASANGKAYU,760100401,Poskesdes Tanjung,3,0
PASANGKAYU,PASANGKAYU,PASANGKAYU,760102201,KLINIK BPM BERSAMA,1,1
PASANGKAYU,PASANGKAYU,PASANGKAYU,760102202,Bidan Praktek Mandiri FITRI,3,0
PASANGKAYU,PASANGKAYU,PASANGKAYU,760102401,"Bidan Praktek Mandiri Hj. Jurhana, S.ST",2,1
PASANGKAYU,PEDONGGA,BATU OGE,760100604,Polindes Batu Oge,1,1
PASANGKAYU,PEDONGGA,MALEI,7601006,UPT PUSKESMAS PEDONGGA,4,2
PASANGKAYU,PEDONGGA,MARTASARI,7601021,POLIBUN PT MAMUANG,0,2
PASANGKAYU,PEDONGGA,MARTASARI,760100602,PUSTU MARTASARI,2,0
PASANGKAYU,PEDONGGA,MARTASARI,760100603,Poskesdes Kabuyu,1,1
PASANGKAYU,PEDONGGA,PEDANDA,760100601,PUSTU PEDANDA,0,1
PASANGKAYU,SARJO,LETAWA,760100102,POSKESDES LETAWA,1,2
PASANGKAYU,SARJO,MAPONU,760100103,PUSTU MAPONU,3,0
PASANGKAYU,SARJO,SARJO,7601001,UPT PUSKESMAS SARJO,6,6
PASANGKAYU,SARJO,SARUDE,760100101,POSKESDES SARUDE,4,0
PASANGKAYU,SARUDU,BULU MARIO,7601013,UPT PUSKESMAS SARUDU 2,10,1
PASANGKAYU,SARUDU,BULU MARIO,7601019,POLIBUN PT SURYARAYA LESTARI 1,3,0
PASANGKAYU,SARUDU,BULU MARIO,7601026,Klinik dr. Suryana Mahmud,0,1
PASANGKAYU,SARUDU,DODA,760101202,Poskesdes Tinangguli,1,0
PASANGKAYU,SARUDU,DODA,760101203,Pustu Doda,1,0
PASANGKAYU,SARUDU,KUMASARI,760101201,Pustu Kumasari,2,0
PASANGKAYU,SARUDU,PATIKA,760101301,Poskesdes Patika,1,0
PASANGKAYU,SARUDU,SARUDU,7601012,UPT PUSKESMAS SARUDU 1,4,2
PASANGKAYU,TIKKE RAYA,JENGENG RAYA,7601007,UPT PUSKESMAS TIKKE,11,3
PASANGKAYU,TIKKE RAYA,JENGENG RAYA,760100702,POSKESDES JENGENG RAYA,1,0
PASANGKAYU,TIKKE RAYA,LARIANG,760100705,POSKESDES LARIANG,0,1
PASANGKAYU,TIKKE RAYA,MAKMUR JAYA,7601020,POLIKLINIK PT. LETAWA,7,1
PASANGKAYU,TIKKE RAYA,MAKMUR JAYA,760100703,PUSTU MAKMUR JAYA,0,1
PASANGKAYU,TIKKE RAYA,PAJALELE,760100704,POSKESDES PAJALELE,1,0
PASANGKAYU,TIKKE RAYA,TIKKE,760100701,POSKESDES TIKKE,0,1
POLEWALI MANDAR,ALLU,ALU,760402107,Poskesdes Alu,1,0
POLEWALI MANDAR,ALLU,KALUMAMMANG,760402102,POSKESDES KALUMAMMANG,0,1
POLEWALI MANDAR,ALLU,MOMBI,7604021,PUSKESMAS TUTALLU,2,1
POLEWALI MANDAR,ALLU,PAO-PAO,760402103,POSKESDES PAO - PAO,1,0
POLEWALI MANDAR,ALLU,PETOOSANG,760402101,PUSTU PETOOSANG,1,0
POLEWALI MANDAR,ALLU,PUPPU URING,760402104,POSKESDES PUPPURING,1,0
POLEWALI MANDAR,ALLU,SARAGIAN,760402105,POSKESDES SARAGIAN,1,0
POLEWALI MANDAR,ALLU,SAYOANG,760402106,Poskesdes Sayoang,1,0
POLEWALI MANDAR,ANREAPI,ANREAPI,7604036,PKM Anreapi,1,1
POLEWALI MANDAR,ANREAPI,DUAMPANUA,760403607,Pustu Duampanua,1,0
POLEWALI MANDAR,ANREAPI,KELAPA DUA,760403608,Poskesdes Kelapa Dua,0,1
POLEWALI MANDAR,ANREAPI,KELAPA DUA,760403609,Pustu Pirattean,1,0
POLEWALI MANDAR,ANREAPI,KUNYI,760403606,Pustu Kunyi,0,1
POLEWALI MANDAR,ANREAPI,PAPPANDANGAN,760403605,Poskesdes Papandangan,0,1
POLEWALI MANDAR,BALANIPA,BALA,760401802,POSKESDES BALA,3,0
POLEWALI MANDAR,BALANIPA,BALANIPA,760401801,PUSTU BALANIPA,2,0
POLEWALI MANDAR,BALANIPA,GALUNG TULUK,760401807,PUSTU GALUNG TULUK,1,0
POLEWALI MANDAR,BALANIPA,LAMBANAN,760401804,POSKESDES LAMBANAN,1,0
POLEWALI MANDAR,BALANIPA,LEGO,760401809,PUSTU LEGO,1,0
POLEWALI MANDAR,BALANIPA,MOSSO,760401805,PUSTU MOSSO,1,0
POLEWALI MANDAR,BALANIPA,PALLIS,760401808,POSKESDES PALLIS,1,1
POLEWALI MANDAR,BALANIPA,PAMBUSUANG,760401813,PMB ZAHRA,1,0
POLEWALI MANDAR,BALANIPA,SABANG SUBIK,760401803,POSKESDES SABANG SUBIK,1,0
POLEWALI MANDAR,BALANIPA,TAMANGGALLE,7604018,PUSKESMAS PAMBUSUANG,1,4
POLEWALI MANDAR,BALANIPA,TAMMAJARRA,760401806,PUSTU TAMMAJARRA,1,0
POLEWALI MANDAR,BINUANG,AMASSANGAN,7604033,PKM Binuang,1,2
POLEWALI MANDAR,BINUANG,AMASSANGAN,760403207,Pustu Pulau Salama,1,0
POLEWALI MANDAR,BINUANG,AMOLA,760403303,Poskesdes Amola,0,1
POLEWALI MANDAR,BINUANG,BATETANGNGA,760403305,Pustu Kanang,0,1
POLEWALI MANDAR,BINUANG,KALEOK,760403304,Pustu Tandipura,1,0
POLEWALI MANDAR,BINUANG,KUAJANG,7604032,Puskesmas Polewali,1,1
POLEWALI MANDAR,BINUANG,KUAJANG,760403201,Pustu Kuajang,0,1
POLEWALI MANDAR,BINUANG,KUAJANG,760403209,PRAKTEK MANDIRI dr. IWAN KATILI,1,0
POLEWALI MANDAR,BINUANG,MAMMI,760403203,Pustu Mammi,3,0
POLEWALI MANDAR,BINUANG,MIRRING,760403302,Polindes Mirring,1,0
POLEWALI MANDAR,BINUANG,PAKU,760403306,Pustu Paku,1,0
POLEWALI MANDAR,BINUANG,REA,760403301,POSKESDES REA TIMUR,1,0
POLEWALI MANDAR,BINUANG,TONYAMAN,760403204,Pulkades Tonyaman,3,0
POLEWALI MANDAR,BINUANG,TONYAMAN,760403208,Pustu Pulau Battoa,1,0
POLEWALI MANDAR,BULO,BULO,7604037,Klinik KB Puskesmas Kec. Bulo,6,1
POLEWALI MANDAR,BULO,DAALA TIMUR,760403704,Poskesdes Daala Timur,1,0
POLEWALI MANDAR,BULO,IHING,760403701,Poskesdes Ihing,1,0
POLEWALI MANDAR,BULO,KAROMBANG,760403702,Poskesdes Karombang,1,0
POLEWALI MANDAR,BULO,LENGGO,760403708,Poskesdes Lenggo,1,0
POLEWALI MANDAR,BULO,PATAMBANUA,760403707,Poskesdes Patambanua,0,1
POLEWALI MANDAR,BULO,PULLIWA,760403705,Poskesdes Pulliwa,2,0
POLEWALI MANDAR,BULO,SABURA,760403703,Poskesdes Sabura,1,0
POLEWALI MANDAR,BULO,SEPPORRAKI,760403706,Poskesdes Sepporraki,1,0
POLEWALI MANDAR,CAMPALAGIAN,BOTTO,760400101,POLINDES BOTTO,3,0
POLEWALI MANDAR,CAMPALAGIAN,GATTUNGAN,760400102,POSKESDES GATTUNGAN,3,0
POLEWALI MANDAR,CAMPALAGIAN,KATUMBANGAN,7604001,PUSKESMAS KATUMBANGAN,10,2
POLEWALI MANDAR,CAMPALAGIAN,KATUMBANGAN LEMO,760400104,POSKESDES KATUMBANGAN LEMO,3,0
POLEWALI MANDAR,CAMPALAGIAN,KENJE,760401006,POSKESDES KENJE,9,1
POLEWALI MANDAR,CAMPALAGIAN,LAGI-AGI,760401003,POSKESDES LAGI-AGI,1,0
POLEWALI MANDAR,CAMPALAGIAN,LALIKO,760401004,POSKESDES LALIKO,6,0
POLEWALI MANDAR,CAMPALAGIAN,LAMPOKO,760401009,POSKESDES LAMPOKO,7,0
POLEWALI MANDAR,CAMPALAGIAN,LAPEO,760401002,POSKESDES LAPEO,2,0
POLEWALI MANDAR,CAMPALAGIAN,ONGKO,760401011,PUSTU ONGKO,1,0
POLEWALI MANDAR,CAMPALAGIAN,PADANG,760401012,POSKESDES PADANG,1,0
POLEWALI MANDAR,CAMPALAGIAN,PADANG TIMUR,760401008,POSKESDES PADANG TIMUR,4,0
POLEWALI MANDAR,CAMPALAGIAN,PANYAMPA,760400103,PUSTU DESA PANYAMPA,2,2
POLEWALI MANDAR,CAMPALAGIAN,PAPPANG,7604010,PUSKESMAS CAMPALAGIAN,15,4
POLEWALI MANDAR,CAMPALAGIAN,PARAPPE,760401005,POSKESDES PARAPPE,0,1
POLEWALI MANDAR,CAMPALAGIAN,SUMARRANG,760401007,POSKESDES SUMARRANG,3,2
POLEWALI MANDAR,CAMPALAGIAN,SURUANG,760401010,PUSTU SURUANG,7,0
POLEWALI MANDAR,LIMBORO,LEMBANG LEMBANG,760402001,PUSTU LEMBANG - LEMBANG,1,0
POLEWALI MANDAR,LIMBORO,NAPO,760402003,PUSTU NAPO,1,0
POLEWALI MANDAR,LIMBORO,PALECE,7604020,PUSKESMAS LIMBORO,2,2
POLEWALI MANDAR,LIMBORO,PENDULANGAN,760402009,POSKESDES PENDULANGAN,1,0
POLEWALI MANDAR,LIMBORO,RENGGEANG,760402005,PUSTU RENGGEANG,0,1
POLEWALI MANDAR,LIMBORO,SALARRI,760402004,Poskesdes Salarri,1,0
POLEWALI MANDAR,LIMBORO,SAMASUNDU,760402002,PUSTU SAMASUNDU,1,0
POLEWALI MANDAR,LIMBORO,TANDASURA,760402006,PUSTU TANDASSURA,2,0
POLEWALI MANDAR,LIMBORO,TANGAN BARU,760402008,POSKESDES TANGAN BARU,0,1
POLEWALI MANDAR,LIMBORO,TODANG TODANG,760402007,PUSTU TODANG - TODANG,1,0
POLEWALI MANDAR,LUYO,BARU,760403415,PUSTU DESA BARU,1,0
POLEWALI MANDAR,LUYO,BATUPANGA,7604034,PUSKESMAS BATUPANGA,6,4
POLEWALI MANDAR,LUYO,BATUPANGA DAALA,760403417,PUSTU BATUPANGA DAALA,0,1
POLEWALI MANDAR,LUYO,LUYO,760403420,PUSTU LUYO,1,0
POLEWALI MANDAR,LUYO,MAMBU,760403411,POSTU MAMBU,0,1
POLEWALI MANDAR,LUYO,MAPILI BARAT,760403413,PUSTU MAPILLI BARAT,1,0
POLEWALI MANDAR,LUYO,PUCCADI,760403414,poskesdes puccadi,1,0
POLEWALI MANDAR,LUYO,PUSSUI,760403416,PUSTU PUSSUI INDUK,0,1
POLEWALI MANDAR,LUYO,PUSSUI BARAT,760403418,PUSTU PUSSUI BARAT,0,1
POLEWALI MANDAR,LUYO,SAMBALI WALI,760403419,PUSTU SAMBALI WALI,1,0
POLEWALI MANDAR,LUYO,TENGGELANG,760403412,PUSTU TENGGELANG,1,0
POLEWALI MANDAR,MAPILLI,BEROANGIN,760402806,POSKESDES BEROANGIN,1,0
POLEWALI MANDAR,MAPILLI,BONNE BONNE,7604051,BIDAN PRAKTEK MANDIRI MASSANRA,1,1
POLEWALI MANDAR,MAPILLI,BONRA,760402809,POSKESDES BONRA,1,0
POLEWALI MANDAR,MAPILLI,BUKU,760402805,POSKESDES BUKU,2,0
POLEWALI MANDAR,MAPILLI,KURMA,760402810,POSKESDES KURMA,1,0
POLEWALI MANDAR,MAPILLI,LANDI KANUSUANG,760402804,POSKESDES LANDI KANUSUANG,2,0
POLEWALI MANDAR,MAPILLI,MAPILI,7604028,Puskesmas Mapilli,0,2
POLEWALI MANDAR,MAPILLI,RAPPANG BARAT,760402801,POSKESDES RAPPANG BARAT,2,1
POLEWALI MANDAR,MAPILLI,RUMPA,760402807,PUSTU RUMPA,1,0
POLEWALI MANDAR,MAPILLI,SATTOKO,760402802,POSKESDES SATTOKO,1,0
POLEWALI MANDAR,MAPILLI,SEGERANG,760402808,POSKESDES SEGERANG,2,0
POLEWALI MANDAR,MAPILLI,UGIBARU,760402803,POSKESDES UGI BARU,1,0
POLEWALI MANDAR,MATAKALI,BARUMBUNG,760403805,POSKESDES BARUMBUNG,3,0
POLEWALI MANDAR,MATAKALI,BUNGA-BUNGA,760403801,POSKESDES BUNGA-BUNGA,3,0
POLEWALI MANDAR,MATAKALI,INDOMAKKOMBONG,760403804,PUSTU INDO MAKKOMBONG,3,0
POLEWALI MANDAR,MATAKALI,MATAKALI,7604038,PUSKESMAS MATAKALI,4,3
POLEWALI MANDAR,MATAKALI,MATAKALI,760403808,POSKESDES SEPPONG,4,0
POLEWALI MANDAR,MATAKALI,PASIANG,760403807,PUSTU PASIANG,2,0
POLEWALI MANDAR,MATAKALI,PETAMPANUA,760403803,PUSTU PATAMPANUA,4,0
POLEWALI MANDAR,MATAKALI,TONROLIMA,760403809,PUSTU TONROLIMA,3,0
POLEWALI MANDAR,MATANGNGA,BA'BA TAPUA,760402302,Puskesedes Desa Ba'ba tapua,1,1
POLEWALI MANDAR,MATANGNGA,KATIMBANG,760402308,PUSKESDES KATIMBANG,0,1
POLEWALI MANDAR,MATANGNGA,LILLI,760402304,PUSTU LILLI,0,1
POLEWALI MANDAR,MATANGNGA,MAMBU TAPUA,760402303,pustu mambu tapua,1,0
POLEWALI MANDAR,MATANGNGA,MATANGNGA,7604023,PUSKESMAS MATANGNGA,0,1
POLEWALI MANDAR,MATANGNGA,RANGOAN,760402301,pustu rangoan,0,1
POLEWALI MANDAR,MATANGNGA,RANGOAN,760402305,PUSTU RINGINAN,0,1
POLEWALI MANDAR,MATANGNGA,TAPUA,760402306,PUSKESDES DESA TAPUA,0,1
POLEWALI MANDAR,POLEWALI,DARMA,7604041,RSUD POLEWALI,3,1
POLEWALI MANDAR,POLEWALI,DARMA,760404701,PUSTU DARMA,3,0
POLEWALI MANDAR,POLEWALI,MADATE,7604048,KLINIK MANDING,4,4
POLEWALI MANDAR,POLEWALI,MADATE,760404702,PUSTU MADATTE,7,0
POLEWALI MANDAR,POLEWALI,MANDING,760404704,POSKESDES MANDING,6,0
POLEWALI MANDAR,POLEWALI,PEKKABATA,7604040,Klinik Bhayangkara Polres,4,0
POLEWALI MANDAR,POLEWALI,PEKKABATA,7604047,PUSKESMAS PEKKABATA,2,2
POLEWALI MANDAR,POLEWALI,POLEWALI,7604025,RSB MIFTA,5,1
POLEWALI MANDAR,POLEWALI,POLEWALI,7604035,PUSKESMAS MASSENGA,6,4
POLEWALI MANDAR,POLEWALI,POLEWALI,7604042,KB MATTIRO DECENG,2,0
POLEWALI MANDAR,POLEWALI,SULEWATANG,760403501,POSKESDES SULEWATANG,4,0
POLEWALI MANDAR,POLEWALI,TAKATIDUNG,760404703,PUSTU TAKATIDUNG,6,0
POLEWALI MANDAR,TAPANGO,BANATO REJO,760402712,PUSTU BANATO REJO,2,0
POLEWALI MANDAR,TAPANGO,BATU,760402706,PUSTU BATU,1,0
POLEWALI MANDAR,TAPANGO,BUSSU,760402709,PUSTU BUSSU,2,0
POLEWALI MANDAR,TAPANGO,DAKKA,760402704,POSKESDES DAKKA,1,0
POLEWALI MANDAR,TAPANGO,JAMBU MALEA,760402710,POSKESDES JAMBUMALEA,1,0
POLEWALI MANDAR,TAPANGO,KALIMBUA,760402707,POSKESDES KALIMBUA,3,0
POLEWALI MANDAR,TAPANGO,KURRAK,760402713,POSKESDES KURRAK,1,0
POLEWALI MANDAR,TAPANGO,PALATTA,760402711,POSKESDES PALATTA,2,0
POLEWALI MANDAR,TAPANGO,PELITAKAN,7604027,PUSKESMAS PERAWATAN PELITAKAN,14,1
POLEWALI MANDAR,TAPANGO,RAPPANG,760402703,PUSTU RAPPANG,1,0
POLEWALI MANDAR,TAPANGO,RISO,760402705,PUSTU RISO,1,0
POLEWALI MANDAR,TAPANGO,TAPANGO,760402702,PUSTU TAPANGO,2,0
POLEWALI MANDAR,TAPANGO,TAPANGO BARAT,760402708,PUSTU TAPANGO BARAT,2,0
POLEWALI MANDAR,TAPANGO,TUTTULA,760402701,POSKESDES TUTTULA,1,0
POLEWALI MANDAR,TINAMBUNG,BATULAYA,760401902,POSKESDES BATULAYA,4,0
POLEWALI MANDAR,TINAMBUNG,GALUNG LOMBOK,760401903,PUSTU GALUNG LOMBOK,5,0
POLEWALI MANDAR,TINAMBUNG,KARAMA,760401905,PUSTU KARAMA,5,1
POLEWALI MANDAR,TINAMBUNG,LEKOPADIS,760401904,POSKESDES LEKOPADIS,6,0
POLEWALI MANDAR,TINAMBUNG,SEPABATU,760401907,PUSTU SEPABATU,3,0
POLEWALI MANDAR,TINAMBUNG,TANDUNG,760401901,PUSTU TANDUNG,3,0
POLEWALI MANDAR,TINAMBUNG,TANGNGA TANGNGA,760401906,POSKESDES TANGNGA TANGNGA,5,0
POLEWALI MANDAR,TINAMBUNG,TINAMBUNG,7604019,PUSKESMAS TINAMBUNG,3,4
POLEWALI MANDAR,TUTAR,AMBOPADANG,760402202,PUSTU AMBOPADANG,1,0
POLEWALI MANDAR,TUTAR,ARABUA,760402204,POSKESDES ARABUA,1,0
POLEWALI MANDAR,TUTAR,BESOANGIN,760402211,POSKESDES BESOANGIN,1,0
POLEWALI MANDAR,TUTAR,BESOANGIN UTARA,760402203,PUSTU BESOANGIN UTARA,1,0
POLEWALI MANDAR,TUTAR,PEBURRU,760402206,POSKESDES PEBURRU,1,0
POLEWALI MANDAR,TUTAR,PIRIANG TAPIKO,760402209,POSKESDER PIRIANG TAPIKO,2,2
POLEWALI MANDAR,TUTAR,PODA,760402205,POSKESDES PODA-PODA,2,0
POLEWALI MANDAR,TUTAR,POLLEWANI,760402212,PUSTU PULLEWANI,1,0
POLEWALI MANDAR,TUTAR,RATTE,760402201,POSKESDES RATTE,2,0
POLEWALI MANDAR,TUTAR,TALOBA,760402210,POSKESDES TALOBA,1,0
POLEWALI MANDAR,TUTAR,TARAMANU,7604022,PKM TUTAR,0,1
POLEWALI MANDAR,TUTAR,TARAMANU TUA,760402207,POSKESDES DESA TARAMANU TUA,2,0
POLEWALI MANDAR,TUTAR,TUBBI,760402208,POSKESDES TUBBI,2,0
POLEWALI MANDAR,WONOMULYO,ARJO SARI,760403002,Poskesdes Arjosari,2,0
POLEWALI MANDAR,WONOMULYO,BAKKA-BAKKA,760402909,Poskesdes Bakka - Bakka,1,0
POLEWALI MANDAR,WONOMULYO,BANUA BARU,760402904,Pustu Banua - Baru,3,0
POLEWALI MANDAR,WONOMULYO,BUMIAYU,7604052,PMB FATIMAZZAHRA,1,0
POLEWALI MANDAR,WONOMULYO,BUMIAYU,760403003,Poskesdes Bumiayu,2,0
POLEWALI MANDAR,WONOMULYO,BUMIAYU,760403004,Pustu Kebundalam,2,0
POLEWALI MANDAR,WONOMULYO,BUMIMULYO,760403001,Poskesdes Bumimulyo,2,0
POLEWALI MANDAR,WONOMULYO,CAMPURJO,760402910,Poskesdes Campurjo,1,0
POLEWALI MANDAR,WONOMULYO,GALESON,760402906,Poskesdes Mampie,1,0
POLEWALI MANDAR,WONOMULYO,GALESON,760402908,Pustu Galeso,1,1
POLEWALI MANDAR,WONOMULYO,KEBUNSARI,7604030,PUSKESMAS KEBUNSARI,3,2
POLEWALI MANDAR,WONOMULYO,NEPO,760403005,Poskesdes Nepo,2,0
POLEWALI MANDAR,WONOMULYO,SIDODADI,7604029,PUSKESMAS WONOMULYO,0,6
POLEWALI MANDAR,WONOMULYO,SIDODADI,7604050,RSUD WONOMULYO,10,2
POLEWALI MANDAR,WONOMULYO,SIDOREJO,760402902,Poskesdes Sidorejo,1,0
POLEWALI MANDAR,WONOMULYO,SUGIHWARAS,760402905,Poskesdes Sugiwaras,2,0
POLEWALI MANDAR,WONOMULYO,SUMBEREJO,760402903,Poskesdes Sumberjo,1,0
POLEWALI MANDAR,WONOMULYO,SUMBEREJO,760402911,BPM HIDAYAH,0,1
POLEWALI MANDAR,WONOMULYO,TUMPILING,760402907,Poskesdes Tumpiling,1,0
