PROVINSI,KABUPATEN,KECAMATAN,KODE,KELURAHAN,Jumlah_Penduduk,Umur 0 - 1,Umur 2 - 4,Umur 5 - 9,Umur 10 - 14,Umur 15 - 19,Umur 20 - 24,Umur 25 - 29,Umur 30 - 34,Umur 35 - 39,Umur 40 - 44,Umur 45 - 49,Umur 50 - 54,Umur 55 - 59,Umur 60 - 64,Umur 65 - 69,Umur 70 - 74,Umur 75+
SULAWESI BARAT,PASANGKAYU,BAMBALAMOTU,1006,BAMBALAMOTU,1845,34,105,158,188,218,203,144,130,140,167,100,89,51,48,20,30,20
SULAWESI BARAT,PASANGKAYU,BAMBALAMOTU,2003,POLEWALI,1645,19,79,171,142,182,157,147,145,142,119,105,86,48,40,27,16,20
SULAWESI BARAT,PASANGKAYU,BAMBALAMOTU,2004,RANDOMAYANG,1900,59,110,210,218,242,166,144,123,174,123,96,83,54,49,20,16,13
SULAWESI BARAT,PASANGKAYU,BAMBALAMOTU,2007,PANGIANG,1153,26,55,129,118,130,105,94,81,88,81,61,55,44,32,29,9,16
SULAWESI BARAT,PASANGKAYU,BAMBALAMOTU,2008,KALOLA,1721,61,112,159,165,235,212,118,130,120,106,101,84,56,29,14,12,7
SULAWESI BARAT,PASANGKAYU,BAMBALAMOTU,2009,WULAI,946,0,39,104,88,118,115,73,78,79,70,66,46,26,23,10,6,5
SULAWESI BARAT,PASANGKAYU,PASANGKAYU,1001,PASANGKAYU,5897,57,336,690,683,612,464,405,509,586,511,385,278,175,99,41,27,39
SULAWESI BARAT,PASANGKAYU,PASANGKAYU,1002,MARTAJAYA,797,5,37,53,64,65,103,72,54,60,69,49,58,35,27,18,11,17
SULAWESI BARAT,PASANGKAYU,PASANGKAYU,2010,PAKAVA,1074,29,62,95,118,127,119,97,87,97,75,68,56,19,19,3,2,1
SULAWESI BARAT,PASANGKAYU,PASANGKAYU,2014,KARYA BERSAMA,1008,0,67,117,101,105,139,109,68,84,70,49,33,29,17,5,8,7
SULAWESI BARAT,PASANGKAYU,PASANGKAYU,2015,AKO,1521,32,71,159,145,173,156,120,130,133,120,101,62,52,27,17,13,10
SULAWESI BARAT,PASANGKAYU,PASANGKAYU,2016,GUNUNG SARI,1419,1,58,141,159,172,132,109,124,141,132,99,64,24,23,10,17,13
SULAWESI BARAT,PASANGKAYU,BARAS,1001,BARAS,964,0,34,80,104,111,101,75,76,77,70,76,52,42,22,17,12,15
SULAWESI BARAT,PASANGKAYU,BARAS,2002,BALANTI,1156,3,43,119,106,122,118,97,108,83,93,92,73,37,29,18,9,6
SULAWESI BARAT,PASANGKAYU,BARAS,2003,MOTU,2433,35,147,258,258,240,233,186,195,219,227,167,129,64,36,14,17,8
SULAWESI BARAT,PASANGKAYU,BARAS,2012,BULU PARIGI,643,0,21,61,77,69,59,60,56,62,53,34,30,22,11,13,6,9
SULAWESI BARAT,PASANGKAYU,BARAS,2013,TOWONI,393,0,7,32,54,45,45,31,35,39,28,31,18,12,6,2,3,5
SULAWESI BARAT,PASANGKAYU,BARAS,2016,KASANO,1798,0,60,159,200,201,202,160,144,155,128,139,94,64,34,31,7,20
SULAWESI BARAT,PASANGKAYU,SARUDU,2001,SARUDU,2587,57,149,283,269,278,310,226,170,215,179,165,124,71,42,23,14,12
SULAWESI BARAT,PASANGKAYU,SARUDU,2003,BULU MARIO,1864,61,105,175,189,179,201,167,150,133,130,139,93,61,43,13,13,12
SULAWESI BARAT,PASANGKAYU,SARUDU,2005,KUMASARI,897,0,41,83,98,77,91,88,78,98,63,48,59,30,26,6,9,2
SULAWESI BARAT,PASANGKAYU,SARUDU,2011,PATIKA,296,0,17,27,39,37,27,20,18,28,28,21,10,15,3,2,3,1
SULAWESI BARAT,PASANGKAYU,SARUDU,2012,DODA,1183,34,60,127,125,131,117,90,79,96,88,93,66,38,25,5,5,4
SULAWESI BARAT,PASANGKAYU,DAPURANG,2001,DAPURANG,1966,25,113,202,211,191,190,144,161,173,162,125,93,80,37,29,15,15
SULAWESI BARAT,PASANGKAYU,DAPURANG,2002,BENGGAULU,1534,5,75,129,173,196,159,137,113,121,125,98,79,46,28,16,13,21
SULAWESI BARAT,PASANGKAYU,DAPURANG,2003,TIRTABUANA,574,16,33,57,54,66,45,46,40,49,45,33,38,27,10,9,0,6
SULAWESI BARAT,PASANGKAYU,DAPURANG,2004,BULU BONGGU,1134,0,61,120,138,135,122,83,85,85,88,72,59,34,19,15,12,6
SULAWESI BARAT,PASANGKAYU,DAPURANG,2005,SARASA,890,0,39,79,95,107,93,77,74,78,67,55,43,34,23,12,8,6
SULAWESI BARAT,PASANGKAYU,DURIPOKU,2001,TAMMARUNANG,1262,30,82,149,149,129,123,93,93,104,104,66,62,39,21,6,5,7
SULAWESI BARAT,PASANGKAYU,DURIPOKU,2002,SAPTANAJAYA,799,22,48,81,77,73,83,75,69,63,55,57,43,29,10,6,5,3
SULAWESI BARAT,PASANGKAYU,DURIPOKU,2003,TARANGGI,434,0,23,50,39,57,52,30,39,36,28,27,23,13,7,4,3,3
SULAWESI BARAT,PASANGKAYU,DURIPOKU,2004,SIPAKAINGA,344,3,23,35,34,29,44,29,31,27,26,21,12,13,7,3,3,4
SULAWESI BARAT,PASANGKAYU,BULU TABA,2001,LILIMORI,1299,6,72,131,108,141,113,104,108,102,104,80,66,63,39,35,17,10
SULAWESI BARAT,PASANGKAYU,BULU TABA,2002,KARAVE,1173,0,45,106,116,121,118,105,90,96,93,66,66,62,31,28,17,13
SULAWESI BARAT,PASANGKAYU,BULU TABA,2003,BUKIT HARAPAN,603,11,40,67,74,62,65,50,55,52,33,30,29,15,8,7,5,0
SULAWESI BARAT,PASANGKAYU,BULU TABA,2004,KASTABUANA,644,13,29,54,69,62,63,46,44,54,51,56,50,19,13,10,7,4
SULAWESI BARAT,PASANGKAYU,BULU TABA,2005,SUMBER SARI,125,0,5,9,17,11,10,13,7,7,7,16,11,4,2,0,4,2
SULAWESI BARAT,PASANGKAYU,BULU TABA,2006,LELEJAE,640,0,26,61,59,58,68,57,49,58,43,48,47,24,17,9,9,7
SULAWESI BARAT,PASANGKAYU,BULU TABA,2007,OMPI,345,0,25,48,39,32,29,36,31,22,21,19,17,10,8,4,3,1
SULAWESI BARAT,PASANGKAYU,TIKKE RAYA,2001,TIKKE,1495,0,71,153,147,176,153,120,125,115,109,99,86,57,40,20,9,15
SULAWESI BARAT,PASANGKAYU,TIKKE RAYA,2002,MAKMUR JAYA,2121,74,142,215,214,203,238,199,199,179,153,121,77,52,15,15,12,13
SULAWESI BARAT,PASANGKAYU,TIKKE RAYA,2003,LARIANG,1798,44,115,191,194,180,189,191,127,147,116,98,79,48,33,19,12,15
SULAWESI BARAT,PASANGKAYU,TIKKE RAYA,2004,PAJALELE,1218,0,47,126,136,131,118,114,125,110,108,78,42,30,33,14,2,4
SULAWESI BARAT,PASANGKAYU,TIKKE RAYA,2005,JENGENG RAYA,1110,42,75,113,104,117,113,99,83,84,77,66,54,27,28,14,4,10
SULAWESI BARAT,PASANGKAYU,PEDONGGA,2001,MALEI,860,0,44,92,100,87,75,85,62,71,59,48,39,37,28,13,11,9
SULAWESI BARAT,PASANGKAYU,PEDONGGA,2002,PEDANDA,599,0,28,49,58,56,52,47,49,45,53,43,27,30,29,11,9,13
SULAWESI BARAT,PASANGKAYU,PEDONGGA,2003,BATU OGE,447,0,18,47,43,42,42,39,37,36,43,32,20,18,14,3,3,10
SULAWESI BARAT,PASANGKAYU,PEDONGGA,2004,MARTASARI,1253,0,48,133,127,119,115,118,118,123,102,73,55,53,29,14,11,15
SULAWESI BARAT,PASANGKAYU,BAMBAIRA,2001,BAMBAIRA,1293,47,66,131,134,166,124,89,101,110,93,77,52,39,23,16,12,13
SULAWESI BARAT,PASANGKAYU,BAMBAIRA,2002,KASOLOANG,1102,37,65,109,108,145,102,93,63,81,74,74,49,31,24,11,20,16
SULAWESI BARAT,PASANGKAYU,BAMBAIRA,2003,TAMPAURE,976,0,35,90,105,153,103,64,52,81,80,57,61,44,28,8,7,8
SULAWESI BARAT,PASANGKAYU,BAMBAIRA,2004,KALUKU NANGKA,1399,39,97,144,167,194,124,107,108,97,91,78,48,33,28,14,16,14
SULAWESI BARAT,PASANGKAYU,SARJO,2001,SARJO,1162,0,57,90,149,149,124,92,67,102,86,80,53,23,25,28,23,14
SULAWESI BARAT,PASANGKAYU,SARJO,2002,MAPONU,540,0,20,47,50,72,48,44,49,40,41,44,30,14,24,8,4,5
SULAWESI BARAT,PASANGKAYU,SARJO,2003,LETAWA,936,0,57,79,119,126,103,68,47,84,57,63,47,25,13,22,9,17
SULAWESI BARAT,PASANGKAYU,SARJO,2004,SARUDE,1061,0,50,93,94,109,125,88,86,83,74,69,59,40,33,20,19,19
SULAWESI BARAT,PASANGKAYU,LARIANG,2001,PARABU,494,0,37,43,51,54,45,42,41,31,47,26,35,22,10,3,3,4
SULAWESI BARAT,PASANGKAYU,LARIANG,2002,KENANGAN,241,0,9,20,23,25,33,19,13,13,18,28,20,6,3,3,2,6
SULAWESI BARAT,PASANGKAYU,LARIANG,2003,BAJAWALI,410,0,22,33,26,36,45,39,30,24,31,31,34,25,17,3,3,11
SULAWESI BARAT,PASANGKAYU,LARIANG,2004,SINGGANI,674,0,36,91,70,65,68,43,54,64,50,42,36,23,13,11,5,3
SULAWESI BARAT,PASANGKAYU,LARIANG,2005,KULU,331,0,16,30,41,31,31,29,29,36,22,15,18,21,7,2,0,3
SULAWESI BARAT,PASANGKAYU,LARIANG,2006,BATU MATORU,417,0,24,45,40,47,60,32,31,25,36,32,20,13,4,4,1,3
SULAWESI BARAT,PASANGKAYU,LARIANG,2007,BAMBAKORO,549,0,36,63,73,65,58,49,35,36,40,24,24,22,10,2,5,7
SULAWESI BARAT,MAMUJU,MAMUJU,1002,BINANGA,6576,135,306,535,631,678,598,566,563,548,510,402,380,262,176,115,81,90
SULAWESI BARAT,MAMUJU,MAMUJU,1003,MAMUNYU,2819,38,159,310,292,284,282,255,238,247,188,156,121,90,52,35,29,43
SULAWESI BARAT,MAMUJU,MAMUJU,1012,KAREMA,4196,42,178,390,469,429,386,349,364,383,378,252,251,152,85,39,22,27
SULAWESI BARAT,MAMUJU,MAMUJU,1013,RIMUKU,3870,50,183,389,407,367,368,282,306,362,333,237,215,142,110,56,34,29
SULAWESI BARAT,MAMUJU,MAMUJU,2005,BAMBU,2468,70,177,293,230,284,254,198,200,170,154,104,125,67,62,36,19,25
SULAWESI BARAT,MAMUJU,MAMUJU,2006,KARAMPUANG,1607,29,87,147,163,180,185,104,133,125,95,98,82,39,44,33,28,35
SULAWESI BARAT,MAMUJU,MAMUJU,2010,TADUI,1643,41,102,169,152,192,209,136,114,112,103,89,92,42,42,14,20,14
SULAWESI BARAT,MAMUJU,MAMUJU,2014,BATU PANNU,719,30,56,81,79,71,86,51,72,50,29,37,34,14,11,7,7,4
SULAWESI BARAT,MAMUJU,TAPALANG,1001,GALUNG,1391,26,61,124,152,177,144,93,78,97,109,96,89,47,39,26,14,19
SULAWESI BARAT,MAMUJU,TAPALANG,1002,KASAMBANG,1300,29,79,127,124,173,147,95,84,88,93,80,64,39,26,18,22,12
SULAWESI BARAT,MAMUJU,TAPALANG,1014,DAYANGINNA,739,0,27,51,68,83,96,57,52,64,55,58,52,25,15,16,12,8
SULAWESI BARAT,MAMUJU,TAPALANG,2003,OROBATU,544,0,27,49,52,51,58,31,45,47,47,34,26,26,19,13,10,9
SULAWESI BARAT,MAMUJU,TAPALANG,2006,TAKANDEANG,1182,33,82,130,123,129,129,84,82,67,73,71,72,47,17,16,9,18
SULAWESI BARAT,MAMUJU,TAPALANG,2009,BELA,234,0,22,35,31,33,23,19,15,12,11,11,3,5,6,2,1,5
SULAWESI BARAT,MAMUJU,TAPALANG,2010,TAAN,1611,32,98,148,178,234,190,110,103,109,102,97,77,49,35,19,11,19
SULAWESI BARAT,MAMUJU,TAPALANG,2011,TAMPALANG,1086,0,36,109,112,135,106,90,78,85,73,69,68,28,33,22,20,22
SULAWESI BARAT,MAMUJU,TAPALANG,2012,RANTEDODA,409,0,17,32,50,69,50,38,27,38,33,22,15,3,3,6,5,1
SULAWESI BARAT,MAMUJU,TAPALANG,2013,KOPEANG,324,7,17,20,28,56,45,22,20,18,18,26,16,13,8,4,2,4
SULAWESI BARAT,MAMUJU,KALUKKU,1001,SINYONYOI,2582,11,119,243,262,298,318,229,182,197,181,174,109,87,73,38,33,28
SULAWESI BARAT,MAMUJU,KALUKKU,1002,BEBANGA,3757,93,238,414,424,406,377,301,321,271,247,181,158,109,90,58,32,37
SULAWESI BARAT,MAMUJU,KALUKKU,1003,KALUKKU,2192,10,79,176,214,237,250,195,160,187,174,152,136,88,44,42,23,25
SULAWESI BARAT,MAMUJU,KALUKKU,1014,SINYONYOI SELATAN,1977,31,103,188,205,225,213,147,155,152,149,112,96,73,50,37,15,26
SULAWESI BARAT,MAMUJU,KALUKKU,2004,SONDOANG,1066,6,46,105,143,149,112,89,86,82,62,52,42,25,28,20,10,9
SULAWESI BARAT,MAMUJU,KALUKKU,2005,BERU-BERU,2549,62,154,278,251,226,238,224,210,202,172,154,142,80,66,43,19,28
SULAWESI BARAT,MAMUJU,KALUKKU,2006,BELANG BELANG,1666,45,92,186,215,161,161,133,131,132,119,92,74,56,33,15,11,10
SULAWESI BARAT,MAMUJU,KALUKKU,2007,KABULOANG,1778,30,124,190,188,180,151,142,138,143,114,109,90,61,45,33,12,28
SULAWESI BARAT,MAMUJU,KALUKKU,2008,KEANG,2178,15,81,194,231,283,317,211,163,135,134,122,100,82,53,23,13,21
SULAWESI BARAT,MAMUJU,KALUKKU,2009,POKKANG,1045,11,60,101,107,107,129,91,71,78,81,77,50,38,24,8,2,10
SULAWESI BARAT,MAMUJU,KALUKKU,2010,GULILING,720,24,34,76,93,75,81,58,42,54,47,46,25,21,20,9,6,9
SULAWESI BARAT,MAMUJU,KALUKKU,2011,UHAIMATE,410,0,16,46,42,55,57,36,25,30,33,20,20,8,10,9,2,1
SULAWESI BARAT,MAMUJU,KALUKKU,2012,KALUKKU BARAT,2081,24,93,194,217,247,216,156,160,177,162,125,109,76,46,37,21,21
SULAWESI BARAT,MAMUJU,KALUKKU,2013,PAMMULUKANG,821,0,46,83,86,116,94,63,67,53,68,40,40,16,26,13,4,6
SULAWESI BARAT,MAMUJU,KALUMPANG,2001,KALUMPANG,219,0,7,13,9,18,23,17,20,11,15,14,18,15,12,8,8,11
SULAWESI BARAT,MAMUJU,KALUMPANG,2003,KARATAUN,614,6,20,39,54,70,74,49,39,50,64,33,44,19,14,18,12,9
SULAWESI BARAT,MAMUJU,KALUMPANG,2004,KARAMA,450,0,19,31,45,52,57,54,28,27,34,33,25,21,10,6,3,5
SULAWESI BARAT,MAMUJU,KALUMPANG,2006,SIRAUN,149,0,5,16,14,18,16,16,8,17,14,10,4,1,6,1,2,1
SULAWESI BARAT,MAMUJU,KALUMPANG,2007,TUMOGA,424,0,14,36,43,42,50,30,21,42,21,20,31,20,20,12,10,12
SULAWESI BARAT,MAMUJU,KALUMPANG,2010,SALUMAKKI,329,7,11,38,34,43,40,18,23,20,24,25,12,11,9,5,5,4
SULAWESI BARAT,MAMUJU,KALUMPANG,2011,POLIO,283,0,12,23,28,24,34,30,17,22,26,16,23,6,8,3,6,5
SULAWESI BARAT,MAMUJU,KALUMPANG,2012,LIMBONG,380,0,16,20,35,54,41,32,34,33,30,17,21,8,10,11,11,7
SULAWESI BARAT,MAMUJU,KALUMPANG,2013,SANDAPANG,344,0,10,35,40,47,30,32,33,22,13,28,19,9,7,6,11,2
SULAWESI BARAT,MAMUJU,KALUMPANG,2014,KONDO BULO,418,12,18,38,26,40,43,30,31,30,27,41,23,13,13,12,9,12
SULAWESI BARAT,MAMUJU,KALUMPANG,2015,MAKKALIKI,238,0,15,26,29,27,22,15,34,13,12,16,12,7,6,0,2,2
SULAWESI BARAT,MAMUJU,KALUMPANG,2016,BATU MAKKADA,400,0,16,41,34,48,49,35,22,33,27,31,23,20,10,4,4,3
SULAWESI BARAT,MAMUJU,KALUMPANG,2017,LASA',331,6,17,29,39,44,47,31,16,33,15,16,11,6,10,2,6,3
SULAWESI BARAT,MAMUJU,PAPALANG,2001,TOABO,2076,27,90,181,164,202,171,167,149,169,188,142,143,80,81,53,36,33
SULAWESI BARAT,MAMUJU,PAPALANG,2002,PAPALANG,2427,23,126,221,260,323,235,207,199,177,167,151,148,59,60,32,19,20
SULAWESI BARAT,MAMUJU,PAPALANG,2003,BONDA,1091,0,39,125,128,133,118,84,103,81,79,64,49,38,23,8,7,12
SULAWESI BARAT,MAMUJU,PAPALANG,2004,TOPORE,1389,4,32,112,129,137,160,126,112,120,94,105,81,56,40,33,26,22
SULAWESI BARAT,MAMUJU,PAPALANG,2005,SALUKAYU,881,0,48,87,95,96,99,59,67,63,87,66,40,31,17,7,10,9
SULAWESI BARAT,MAMUJU,PAPALANG,2006,SUKADAMAI,380,5,15,42,35,30,30,32,35,30,25,24,29,25,7,8,7,1
SULAWESI BARAT,MAMUJU,PAPALANG,2007,BODA-BODA,687,0,23,37,64,69,91,51,54,53,50,49,52,29,21,21,15,8
SULAWESI BARAT,MAMUJU,PAPALANG,2008,SISANGO,355,0,16,25,26,36,44,22,30,31,29,28,23,13,7,14,4,7
SULAWESI BARAT,MAMUJU,PAPALANG,2009,BATU AMPA,642,4,38,80,74,77,72,47,50,39,47,49,20,22,11,2,7,3
SULAWESI BARAT,MAMUJU,SAMPAGA,2001,BUNDE,1913,51,98,163,182,178,169,135,155,163,154,146,102,103,44,40,15,15
SULAWESI BARAT,MAMUJU,SAMPAGA,2002,KALONDING,1496,46,73,136,124,117,136,108,130,126,131,100,105,65,39,21,24,15
SULAWESI BARAT,MAMUJU,SAMPAGA,2003,TARAILU,1455,28,82,126,136,135,136,102,101,133,122,129,90,47,44,16,16,12
SULAWESI BARAT,MAMUJU,SAMPAGA,2004,SAMPAGA,664,0,37,58,67,71,78,42,55,48,48,41,28,35,21,14,9,12
SULAWESI BARAT,MAMUJU,SAMPAGA,2005,TANAMBUAH,272,0,7,22,21,27,31,21,14,20,20,27,24,10,10,7,8,3
SULAWESI BARAT,MAMUJU,SAMPAGA,2006,SALUBARANA,348,8,18,16,30,28,45,23,29,19,31,28,24,21,11,6,7,4
SULAWESI BARAT,MAMUJU,SAMPAGA,2007,LOSSO,485,0,23,48,47,47,44,54,41,38,36,22,27,18,18,7,6,9
SULAWESI BARAT,MAMUJU,TOMMO,2001,TOMMO,824,0,36,85,83,82,67,68,69,68,81,69,44,26,21,7,7,11
SULAWESI BARAT,MAMUJU,TOMMO,2002,CAMPALOGA,974,4,44,72,93,124,137,68,57,85,98,78,43,36,19,5,5,6
SULAWESI BARAT,MAMUJU,TOMMO,2003,BUANA SAKTI,665,0,23,56,45,60,73,63,48,55,49,53,39,28,34,20,11,8
SULAWESI BARAT,MAMUJU,TOMMO,2004,TAMEMONGGA,605,5,28,55,79,65,66,51,49,53,52,50,23,11,7,5,3,3
SULAWESI BARAT,MAMUJU,TOMMO,2005,TAMEJARRA,603,0,32,70,63,58,56,54,50,65,43,45,25,19,7,5,5,6
SULAWESI BARAT,MAMUJU,TOMMO,2006,RANTEMARIO,519,0,28,42,47,47,63,46,34,39,51,49,33,15,8,8,3,6
SULAWESI BARAT,MAMUJU,TOMMO,2007,MALINO,261,0,11,17,28,28,33,23,19,18,21,20,24,9,3,3,1,3
SULAWESI BARAT,MAMUJU,TOMMO,2008,KAKULLASANG,1280,0,36,113,143,140,148,116,103,111,125,88,69,33,27,12,11,5
SULAWESI BARAT,MAMUJU,TOMMO,2009,LELING,342,6,18,41,34,36,31,22,33,30,26,24,20,10,5,5,0,1
SULAWESI BARAT,MAMUJU,TOMMO,2010,KALEPU,297,0,18,24,27,24,30,26,30,22,27,22,13,10,15,3,1,5
SULAWESI BARAT,MAMUJU,TOMMO,2011,SANDANA,351,0,17,39,44,43,42,22,26,49,42,18,8,0,0,0,0,1
SULAWESI BARAT,MAMUJU,TOMMO,2012,LELING BARAT,517,7,22,65,62,56,43,34,50,41,45,37,25,13,12,2,3,0
SULAWESI BARAT,MAMUJU,TOMMO,2013,LELING UTARA,452,0,18,51,56,50,51,30,46,45,45,35,16,5,2,1,1,0
SULAWESI BARAT,MAMUJU,TOMMO,2014,SALUDENGEN,465,0,23,43,52,56,35,47,43,32,32,27,31,21,11,9,1,2
SULAWESI BARAT,MAMUJU,SIMBORO,1001,SIMBORO,7976,210,534,910,824,643,619,723,832,834,689,412,338,187,102,50,31,38
SULAWESI BARAT,MAMUJU,SIMBORO,1002,RANGAS,2368,73,142,290,266,248,221,193,208,183,162,107,115,59,38,15,21,27
SULAWESI BARAT,MAMUJU,SIMBORO,2003,BOTTENG,822,0,57,95,72,85,100,72,73,72,62,39,45,19,16,2,6,7
SULAWESI BARAT,MAMUJU,SIMBORO,2004,SALETTO,1748,22,128,180,185,193,208,166,119,119,129,77,78,43,38,26,21,16
SULAWESI BARAT,MAMUJU,SIMBORO,2005,SUMARE,1331,8,73,132,143,160,136,129,115,83,76,86,58,35,31,29,16,21
SULAWESI BARAT,MAMUJU,SIMBORO,2007,BOTTENG UTARA,1157,36,77,130,101,140,118,78,95,96,81,60,53,27,29,8,13,15
SULAWESI BARAT,MAMUJU,SIMBORO,2008,TAPANDULLU,365,0,24,26,30,37,35,34,31,27,12,22,23,18,8,15,9,14
SULAWESI BARAT,MAMUJU,SIMBORO,2009,PATI'DI,808,10,38,68,95,100,102,77,68,53,56,48,30,22,13,10,8,10
SULAWESI BARAT,MAMUJU,TAPALANG BARAT,2001,DUNGKAIT,997,40,56,126,107,106,95,68,84,73,63,54,32,27,14,14,12,26
SULAWESI BARAT,MAMUJU,TAPALANG BARAT,2002,LEBANI,718,0,31,78,85,97,81,68,45,41,39,49,42,25,14,9,10,4
SULAWESI BARAT,MAMUJU,TAPALANG BARAT,2003,LABUANG RANO,1522,53,104,168,198,180,160,120,98,92,91,90,51,41,30,20,17,9
SULAWESI BARAT,MAMUJU,TAPALANG BARAT,2004,PASABU,700,0,37,72,97,82,67,49,52,54,63,37,33,16,12,9,10,10
SULAWESI BARAT,MAMUJU,TAPALANG BARAT,2005,TANETE PAO,189,8,5,12,25,15,23,11,22,14,16,7,8,2,7,6,3,5
SULAWESI BARAT,MAMUJU,TAPALANG BARAT,2006,PANGASAAN,420,0,11,34,52,76,41,34,33,32,37,23,19,5,16,0,1,6
SULAWESI BARAT,MAMUJU,TAPALANG BARAT,2007,AHU,622,0,29,89,69,87,69,59,36,53,37,41,25,5,13,5,1,4
SULAWESI BARAT,MAMUJU,BONEHAU,2001,BONEHAU,545,1,13,42,46,54,65,52,47,42,52,29,40,26,15,13,5,3
SULAWESI BARAT,MAMUJU,BONEHAU,2002,SALUTIWO,351,0,10,33,19,48,45,32,36,29,19,23,17,23,6,5,3,3
SULAWESI BARAT,MAMUJU,BONEHAU,2003,BUTTUADA,547,0,23,52,67,58,44,53,43,43,50,46,34,12,13,4,3,2
SULAWESI BARAT,MAMUJU,BONEHAU,2004,TAMALEA,193,1,17,10,16,34,27,17,8,10,18,13,5,5,6,5,0,1
SULAWESI BARAT,MAMUJU,BONEHAU,2005,LUMIKA,364,2,24,22,33,48,43,27,21,35,46,31,6,12,3,5,4,2
SULAWESI BARAT,MAMUJU,BONEHAU,2006,MAPPU,274,0,5,21,19,35,35,26,16,19,25,21,21,13,9,4,4,1
SULAWESI BARAT,MAMUJU,BONEHAU,2009,BANUADA,283,0,17,26,26,32,37,34,10,18,28,20,14,7,5,7,2,0
SULAWESI BARAT,MAMUJU,BONEHAU,2010,HINUA,339,4,14,22,26,42,37,32,22,23,26,25,20,15,13,8,2,8
SULAWESI BARAT,MAMUJU,BONEHAU,2011,KINATANG,296,0,8,20,23,29,38,33,21,23,21,21,22,8,5,12,6,6
SULAWESI BARAT,MAMUJU,KEP.BALA BALAKANG,2001,BALA BALAKANG,1034,0,39,91,123,132,94,72,101,100,65,71,63,32,26,8,2,15
SULAWESI BARAT,MAMUJU,KEP.BALA BALAKANG,2002,BALA-BALAKANG TIMUR,368,7,11,27,35,39,54,43,40,26,33,18,20,5,5,2,0,3
SULAWESI BARAT,MAMASA,MAMBI,1001,MAMBI,731,13,28,75,66,68,80,53,59,38,52,41,61,32,24,16,8,17
SULAWESI BARAT,MAMASA,MAMBI,1002,TALIPUKKI,571,0,19,56,58,79,84,53,29,32,46,41,31,13,14,5,5,6
SULAWESI BARAT,MAMASA,MAMBI,2004,RANTEBULAHAN,235,0,12,19,16,16,32,20,22,21,16,21,16,4,7,3,6,4
SULAWESI BARAT,MAMASA,MAMBI,2008,SONDONGLAYU,241,0,13,28,19,27,33,29,16,13,18,12,10,6,4,4,2,7
SULAWESI BARAT,MAMASA,MAMBI,2016,SALUBANUA,138,4,4,24,16,22,15,12,9,6,11,6,3,3,2,0,1,0
SULAWESI BARAT,MAMASA,MAMBI,2017,TAPALINA,307,0,17,26,27,31,33,30,28,27,21,21,12,11,8,5,5,5
SULAWESI BARAT,MAMASA,MAMBI,2019,SENDANA,455,0,21,50,54,49,44,31,33,28,47,39,18,18,12,5,5,1
SULAWESI BARAT,MAMASA,MAMBI,2024,PAMOSEAN,189,0,7,28,18,22,20,21,13,10,19,8,8,8,3,0,1,3
SULAWESI BARAT,MAMASA,MAMBI,2025,SELUMAKA,441,0,20,44,66,45,53,39,31,34,35,19,23,14,7,6,4,1
SULAWESI BARAT,MAMASA,MAMBI,2026,BUJUNG MANURUNG,161,0,9,14,12,14,25,9,9,10,11,17,8,8,6,5,2,2
SULAWESI BARAT,MAMASA,MAMBI,2027,SALU ALO,275,0,8,34,28,30,38,24,25,17,14,15,12,9,10,4,5,2
SULAWESI BARAT,MAMASA,MAMBI,2029,INDOBANUA,157,0,0,14,12,19,24,26,14,8,6,7,11,2,3,2,4,5
SULAWESI BARAT,MAMASA,MAMBI,2030,SALUDURIAN,240,0,7,22,32,25,31,21,26,16,12,16,10,9,6,4,2,1
SULAWESI BARAT,MAMASA,ARALLE,1001,ARALLE,447,0,30,47,37,46,43,50,30,35,32,27,25,18,13,6,4,4
SULAWESI BARAT,MAMASA,ARALLE,2003,RALLE ANAK,121,0,3,11,10,15,14,12,7,7,9,9,8,7,3,4,2,0
SULAWESI BARAT,MAMASA,ARALLE,2004,PANETEAN,244,0,14,12,23,20,24,32,14,21,13,25,19,13,7,3,3,1
SULAWESI BARAT,MAMASA,ARALLE,2005,UHAILANU,341,0,17,35,31,39,47,29,22,25,28,26,15,9,6,5,4,3
SULAWESI BARAT,MAMASA,ARALLE,2007,ARALLE UTARA,297,0,9,22,17,27,51,33,21,24,19,24,17,14,6,6,2,5
SULAWESI BARAT,MAMASA,ARALLE,2009,UHAIDAHO,322,0,15,37,52,41,41,33,14,19,17,21,16,4,3,3,3,3
SULAWESI BARAT,MAMASA,ARALLE,2010,BARURU,304,0,12,17,22,41,40,29,20,12,16,26,20,21,6,9,7,6
SULAWESI BARAT,MAMASA,ARALLE,2015,RALLEANAK UTARA,165,0,5,15,11,16,21,15,15,16,11,12,10,7,2,4,4,1
SULAWESI BARAT,MAMASA,ARALLE,2016,PAMOSEANG PANGGA,116,0,5,16,19,14,10,11,2,12,14,8,2,2,0,0,1,0
SULAWESI BARAT,MAMASA,ARALLE,2017,KALABE,243,0,9,21,24,25,33,30,14,15,13,17,16,8,6,5,2,5
SULAWESI BARAT,MAMASA,ARALLE,2018,ARALLE SELATAN,145,0,13,13,23,14,17,17,12,9,12,11,2,2,0,0,0,0
SULAWESI BARAT,MAMASA,ARALLE,2019,HAHANGAN,139,0,5,14,8,17,20,16,10,11,7,8,9,6,2,1,0,5
SULAWESI BARAT,MAMASA,MAMASA,1001,MAMASA,1486,8,63,142,170,143,115,132,114,114,113,102,95,80,39,27,13,16
SULAWESI BARAT,MAMASA,MAMASA,2002,RAMBUSARATU,849,0,36,68,86,90,79,76,70,74,55,57,58,38,25,14,9,14
SULAWESI BARAT,MAMASA,MAMASA,2003,OSANGO,1724,45,73,183,169,148,143,117,143,159,130,109,83,58,63,40,28,33
SULAWESI BARAT,MAMASA,MAMASA,2004,LAMBANAN,1133,0,56,126,102,117,126,107,75,71,77,68,61,45,39,23,22,18
SULAWESI BARAT,MAMASA,MAMASA,2005,LEMBANA SALULO,328,0,14,16,31,28,39,28,21,24,22,24,22,13,16,13,9,8
SULAWESI BARAT,MAMASA,MAMASA,2006,TAUPE,844,0,36,70,87,117,87,78,63,62,58,50,40,26,18,19,18,15
SULAWESI BARAT,MAMASA,MAMASA,2007,BUNTU BUDA,1261,20,54,96,132,107,116,102,104,87,92,95,81,59,31,33,27,25
SULAWESI BARAT,MAMASA,MAMASA,2008,TONDOK BAKARU,1046,0,44,86,117,107,112,90,67,77,67,70,67,38,29,25,17,33
SULAWESI BARAT,MAMASA,MAMASA,2009,PEBASSIAN,216,0,9,21,23,20,21,12,18,23,9,12,9,8,16,5,4,6
SULAWESI BARAT,MAMASA,MAMASA,2010,MAMBULILING,438,0,25,47,41,34,44,51,36,35,30,20,19,18,13,10,8,7
SULAWESI BARAT,MAMASA,MAMASA,2011,BOMBONG LAMBE,619,1,15,52,79,76,56,50,60,58,49,26,27,22,12,11,13,12
SULAWESI BARAT,MAMASA,MAMASA,2012,BUBUN BATU,440,0,25,34,48,43,41,38,38,40,33,22,22,15,15,8,7,11
SULAWESI BARAT,MAMASA,PANA,1001,PANA,278,0,10,24,27,26,32,26,13,15,18,21,19,14,8,14,7,4
SULAWESI BARAT,MAMASA,PANA,2003,MANIPI,569,0,15,46,54,72,64,48,32,51,31,38,38,22,18,19,12,9
SULAWESI BARAT,MAMASA,PANA,2005,MAMULLU,382,0,11,17,32,40,54,30,23,24,33,17,35,16,13,12,10,15
SULAWESI BARAT,MAMASA,PANA,2006,SAPAN,307,0,2,12,29,39,44,29,18,24,18,14,22,15,12,17,1,11
SULAWESI BARAT,MAMASA,PANA,2009,DATUBARINGAN,447,0,3,43,43,61,70,42,43,26,25,23,25,9,16,7,6,5
SULAWESI BARAT,MAMASA,PANA,2010,PANURA,326,0,8,12,15,34,49,18,17,29,29,25,26,12,17,10,6,19
SULAWESI BARAT,MAMASA,PANA,2011,TALLANG BULAWAN,331,0,13,22,34,38,40,26,17,25,23,29,16,13,6,11,7,11
SULAWESI BARAT,MAMASA,PANA,2012,KARAKA,292,0,9,20,27,32,30,22,10,22,23,18,17,15,16,8,9,14
SULAWESI BARAT,MAMASA,PANA,2013,ULUSALU,254,0,4,21,24,32,39,20,8,12,35,9,11,5,12,8,4,10
SULAWESI BARAT,MAMASA,PANA,2014,WERI,247,0,8,22,22,24,26,29,11,13,23,13,16,9,11,9,4,7
SULAWESI BARAT,MAMASA,PANA,2015,SALUTAMBUN,301,0,8,21,32,37,39,16,6,18,30,18,11,12,9,12,9,23
SULAWESI BARAT,MAMASA,PANA,2016,SALOAN,382,0,18,44,32,54,49,33,20,23,16,18,25,16,10,5,6,13
SULAWESI BARAT,MAMASA,PANA,2017,ULUSALU INDAH,253,0,6,24,24,36,38,14,7,18,16,19,11,10,10,6,7,7
SULAWESI BARAT,MAMASA,TABULAHAN,1001,LAKAHANG,893,6,45,78,76,94,85,85,64,62,72,74,55,35,29,12,13,8
SULAWESI BARAT,MAMASA,TABULAHAN,2002,PERIANGAN,234,0,4,16,25,23,30,19,18,16,24,16,15,9,9,5,4,1
SULAWESI BARAT,MAMASA,TABULAHAN,2003,MALATIRO,624,0,23,49,57,77,74,62,45,50,60,31,23,20,24,18,4,7
SULAWESI BARAT,MAMASA,TABULAHAN,2004,TABULAHAN,194,3,9,14,10,16,24,24,14,13,12,12,13,8,10,7,2,3
SULAWESI BARAT,MAMASA,TABULAHAN,2005,SALULEANG,151,0,7,5,12,19,17,7,6,14,16,12,11,7,6,6,3,3
SULAWESI BARAT,MAMASA,TABULAHAN,2007,TAMPAK KURRA,475,0,19,36,34,43,84,45,36,31,35,38,22,19,16,9,6,2
SULAWESI BARAT,MAMASA,TABULAHAN,2008,GANDANG DEWATA,122,0,7,4,8,11,22,12,9,6,9,7,10,5,7,1,2,2
SULAWESI BARAT,MAMASA,TABULAHAN,2009,BURANA,359,0,8,19,33,33,43,33,38,36,35,19,11,17,11,13,10,0
SULAWESI BARAT,MAMASA,TABULAHAN,2010,SALUBAKKA,244,6,21,16,16,20,33,23,21,19,21,20,15,6,2,4,1,0
SULAWESI BARAT,MAMASA,TABULAHAN,2011,PANGANDARAN,375,0,10,25,39,38,47,47,29,38,31,25,22,10,3,6,4,1
SULAWESI BARAT,MAMASA,TABULAHAN,2012,TALOPAK,158,0,7,11,10,14,21,17,14,13,9,11,12,4,6,5,1,3
SULAWESI BARAT,MAMASA,TABULAHAN,2013,PEU',134,0,7,5,22,15,25,8,12,7,10,10,6,5,0,1,0,1
SULAWESI BARAT,MAMASA,TABULAHAN,2014,TIMORO,119,0,6,8,9,9,19,7,9,9,17,6,4,7,5,1,2,1
SULAWESI BARAT,MAMASA,TABULAHAN,2015,LAKAHANG UTAMA,259,0,11,22,25,35,30,26,20,21,16,20,8,10,6,2,4,3
SULAWESI BARAT,MAMASA,SUMARORONG,1001,SUMARORONG,753,4,22,54,61,82,67,59,65,61,47,51,49,36,35,20,14,26
SULAWESI BARAT,MAMASA,SUMARORONG,1002,TABONE,496,0,25,38,39,54,61,48,30,27,44,28,24,21,19,16,8,14
SULAWESI BARAT,MAMASA,SUMARORONG,2003,BATANG URU,522,5,13,48,47,34,85,38,44,29,36,27,27,21,31,15,8,14
SULAWESI BARAT,MAMASA,SUMARORONG,2004,SASAKAN,620,9,32,58,59,57,69,32,37,43,64,36,43,26,18,9,17,11
SULAWESI BARAT,MAMASA,SUMARORONG,2005,TADISI,193,0,6,10,8,9,16,18,13,8,14,17,16,12,13,8,10,15
SULAWESI BARAT,MAMASA,SUMARORONG,2006,SIBANAWA,522,0,19,43,46,42,76,51,29,37,41,38,24,18,17,13,16,12
SULAWESI BARAT,MAMASA,SUMARORONG,2007,BATANGNGURU TIMUR,443,5,20,35,44,45,46,45,26,33,28,29,18,11,19,10,16,13
SULAWESI BARAT,MAMASA,SUMARORONG,2008,SALUBALO,463,5,21,29,47,51,56,45,32,26,31,32,22,17,22,9,10,8
SULAWESI BARAT,MAMASA,SUMARORONG,2009,BANEA,362,0,8,29,34,44,54,28,32,23,17,19,23,14,15,14,3,5
SULAWESI BARAT,MAMASA,SUMARORONG,2010,RANTE KAMASE,655,0,26,55,64,62,71,57,38,54,52,40,37,27,23,21,15,13
SULAWESI BARAT,MAMASA,MESSAWA,1001,MESSAWA,268,0,6,37,16,26,13,14,22,23,22,21,15,14,10,9,8,12
SULAWESI BARAT,MAMASA,MESSAWA,2002,RIPPUNG,549,0,17,48,45,67,64,50,32,43,46,38,25,24,17,15,6,12
SULAWESI BARAT,MAMASA,MESSAWA,2003,MAKUANG,412,2,18,32,34,30,42,29,19,31,24,35,33,31,18,11,9,14
SULAWESI BARAT,MAMASA,MESSAWA,2004,SEPANG,322,0,12,21,19,37,41,22,15,17,19,28,31,23,15,8,6,8
SULAWESI BARAT,MAMASA,MESSAWA,2005,MALIMBONG,194,0,7,17,13,21,23,11,9,11,21,14,7,10,13,5,4,8
SULAWESI BARAT,MAMASA,MESSAWA,2006,MATANDE,267,0,16,22,17,21,31,25,12,17,26,30,19,9,6,6,8,2
SULAWESI BARAT,MAMASA,MESSAWA,2007,SIPAI,336,0,13,26,30,45,39,29,11,20,42,18,18,9,18,12,2,4
SULAWESI BARAT,MAMASA,MESSAWA,2008,PASMA MAMBU,250,0,4,16,18,21,32,23,16,16,19,23,20,9,9,9,5,10
SULAWESI BARAT,MAMASA,MESSAWA,2009,TANETE BATU,277,0,5,17,18,27,25,25,13,20,28,13,19,17,19,13,8,10
SULAWESI BARAT,MAMASA,SESENAPADANG,2002,OROBUA,838,18,29,82,83,79,89,74,58,49,48,59,44,31,20,23,29,23
SULAWESI BARAT,MAMASA,SESENAPADANG,2003,PALADAN,285,6,15,22,23,25,26,39,18,14,13,17,20,16,9,14,4,4
SULAWESI BARAT,MAMASA,SESENAPADANG,2004,OROBUA TIMUR,210,0,3,13,24,17,25,21,8,7,10,18,18,9,12,11,4,10
SULAWESI BARAT,MAMASA,SESENAPADANG,2006,RANTE PUANG,583,18,21,34,53,70,62,42,31,37,41,50,26,28,16,18,16,20
SULAWESI BARAT,MAMASA,SESENAPADANG,2007,SATENETEAN,222,0,6,19,26,24,27,14,11,13,17,15,18,6,6,6,3,11
SULAWESI BARAT,MAMASA,SESENAPADANG,2008,LISUAN ADA,305,0,16,28,28,22,55,29,15,14,16,23,20,7,11,8,5,8
SULAWESI BARAT,MAMASA,SESENAPADANG,2010,OROBUA SELATAN,272,1,17,20,23,53,32,24,14,16,21,21,8,10,8,2,1,1
SULAWESI BARAT,MAMASA,SESENAPADANG,2012,MALANGKENA PADANG,281,5,11,26,23,16,37,28,17,16,13,26,18,7,16,9,6,7
SULAWESI BARAT,MAMASA,SESENAPADANG,2013,MALIMBONG,125,0,4,9,10,11,20,15,6,3,11,6,5,4,8,5,3,5
SULAWESI BARAT,MAMASA,SESENAPADANG,2014,MARAMPAN OROBUA,188,1,5,16,11,19,19,17,11,8,8,11,18,7,9,8,6,14
SULAWESI BARAT,MAMASA,TANDUK KALUA,1011,MINAKE,507,1,8,37,52,56,44,42,19,45,44,18,46,32,19,19,5,20
SULAWESI BARAT,MAMASA,TANDUK KALUA,2001,MALABO,298,5,9,23,31,28,29,27,14,26,24,18,18,14,15,8,4,5
SULAWESI BARAT,MAMASA,TANDUK KALUA,2005,SINDAGAMANIK,553,6,23,46,45,53,48,56,44,53,42,37,34,23,10,16,5,12
SULAWESI BARAT,MAMASA,TANDUK KALUA,2006,PARONDOBULAWAN,444,0,16,33,31,50,57,35,36,31,31,32,28,19,17,8,8,12
SULAWESI BARAT,MAMASA,TANDUK KALUA,2007,TAMALANTIK,501,0,32,38,50,49,70,40,34,32,38,30,25,19,17,8,8,11
SULAWESI BARAT,MAMASA,TANDUK KALUA,2008,MANNABABA,283,0,9,23,22,23,34,29,21,22,10,23,19,14,15,9,4,6
SULAWESI BARAT,MAMASA,TANDUK KALUA,2009,MESAKADA,384,3,15,41,45,36,39,44,29,22,20,32,14,10,13,6,7,8
SULAWESI BARAT,MAMASA,TANDUK KALUA,2010,BALLABATU,516,5,19,57,45,48,60,51,42,32,38,43,29,12,15,10,5,5
SULAWESI BARAT,MAMASA,TANDUK KALUA,2012,PAMBE,333,0,14,28,26,38,30,23,22,25,27,21,23,19,12,7,11,7
SULAWESI BARAT,MAMASA,TANDUK KALUA,2013,SALURANO,289,0,10,31,24,30,22,25,28,27,20,16,14,12,7,10,7,6
SULAWESI BARAT,MAMASA,TANDUK KALUA,2014,TALIMBUNG,331,0,14,27,27,33,39,37,26,23,21,21,21,13,14,6,3,6
SULAWESI BARAT,MAMASA,TANDUK KALUA,2015,KANAN,451,13,19,43,49,47,60,28,26,37,25,35,17,16,11,6,7,12
SULAWESI BARAT,MAMASA,TABANG,1001,TABANG,703,3,26,43,70,83,92,69,43,45,49,51,56,27,24,9,6,7
SULAWESI BARAT,MAMASA,TABANG,2003,TADOKALUA,559,6,26,48,65,68,84,55,31,24,29,42,29,17,10,13,8,4
SULAWESI BARAT,MAMASA,TABANG,2004,TABANG BARAT,1180,3,35,82,116,125,158,114,88,78,85,82,62,43,36,27,25,21
SULAWESI BARAT,MAMASA,TABANG,2005,MASUPU,290,0,10,22,22,40,33,24,15,20,22,15,19,13,11,9,10,5
SULAWESI BARAT,MAMASA,TABANG,2006,KALAMA,355,0,12,30,29,64,57,34,18,13,25,27,13,9,6,7,6,5
SULAWESI BARAT,MAMASA,TABANG,2007,BAKADISURA,577,6,28,58,50,53,81,76,37,32,41,39,20,17,15,6,7,11
SULAWESI BARAT,MAMASA,TABANG,2008,SALUKONA,284,0,17,32,28,39,38,28,20,17,19,14,15,4,3,2,6,2
SULAWESI BARAT,MAMASA,BAMBANG,2001,MOKALLANG,200,0,6,7,10,15,35,23,8,6,12,19,19,12,7,4,5,12
SULAWESI BARAT,MAMASA,BAMBANG,2002,MASOSO,197,0,4,13,14,18,20,22,10,12,22,19,7,9,7,7,5,8
SULAWESI BARAT,MAMASA,BAMBANG,2003,SALUASSING,407,0,14,26,45,48,53,43,35,19,35,35,21,12,11,5,3,2
SULAWESI BARAT,MAMASA,BAMBANG,2004,SALUBULO,204,0,5,13,13,23,28,29,11,23,14,19,10,3,5,4,2,2
SULAWESI BARAT,MAMASA,BAMBANG,2005,SALUKADI,319,0,12,23,23,21,40,44,15,18,21,27,20,18,9,8,9,11
SULAWESI BARAT,MAMASA,BAMBANG,2006,SALUKEPOPOK,400,9,22,34,33,37,54,51,22,28,32,24,19,12,12,5,3,3
SULAWESI BARAT,MAMASA,BAMBANG,2007,ULUMAMBI BARAT,291,3,12,20,24,27,48,36,14,10,13,20,22,10,13,2,7,10
SULAWESI BARAT,MAMASA,BAMBANG,2008,LIMBADEBATA,293,0,13,24,23,26,43,36,17,19,16,19,18,6,6,12,6,9
SULAWESI BARAT,MAMASA,BAMBANG,2009,TANETE TOMBA,169,0,9,12,11,16,30,19,10,4,11,19,6,6,4,7,4,1
SULAWESI BARAT,MAMASA,BAMBANG,2010,BAMBANG,578,0,17,60,51,48,72,64,36,32,38,38,43,24,21,13,11,10
SULAWESI BARAT,MAMASA,BAMBANG,2011,RANTELEMO,167,0,10,12,10,13,16,27,10,10,13,10,14,7,4,2,6,3
SULAWESI BARAT,MAMASA,BAMBANG,2012,SALUDENGEN,211,0,5,10,11,19,26,18,11,14,14,15,23,16,8,4,2,15
SULAWESI BARAT,MAMASA,BAMBANG,2013,ULUMAMBI,335,0,18,29,22,44,49,32,23,19,24,14,18,10,11,4,4,14
SULAWESI BARAT,MAMASA,BAMBANG,2014,BAMBANG TIMUR,310,1,14,31,19,25,39,39,19,16,15,20,26,13,9,10,5,9
SULAWESI BARAT,MAMASA,BAMBANG,2015,MINANGA,595,16,39,37,36,49,83,71,46,16,33,50,40,33,13,16,9,8
SULAWESI BARAT,MAMASA,BAMBANG,2016,SIKAMASE,190,9,10,14,15,21,27,24,11,10,5,8,11,10,5,2,2,6
SULAWESI BARAT,MAMASA,BAMBANG,2017,RANTETARIMA,134,0,2,5,6,7,13,15,4,4,11,20,14,7,6,10,4,6
SULAWESI BARAT,MAMASA,BAMBANG,2018,SALURURU,114,1,6,3,5,11,24,12,7,2,7,8,10,6,5,3,0,4
SULAWESI BARAT,MAMASA,BAMBANG,2019,SALUTABANG,151,0,4,7,10,13,29,18,7,11,10,16,4,5,3,4,2,8
SULAWESI BARAT,MAMASA,BAMBANG,2020,BALATANA,188,0,13,16,11,18,33,23,13,2,6,12,12,12,6,2,5,4
SULAWESI BARAT,MAMASA,BALLA,2001,BALLA,554,0,20,43,60,65,49,56,40,36,51,40,36,19,12,10,11,6
SULAWESI BARAT,MAMASA,BALLA,2002,BALLA BARAT,321,0,9,25,19,34,28,29,19,19,20,25,26,15,17,8,10,18
SULAWESI BARAT,MAMASA,BALLA,2003,BALLA SATANETEAN,452,0,17,33,34,40,48,30,25,29,32,35,37,19,19,24,14,16
SULAWESI BARAT,MAMASA,BALLA,2004,BALLA TUMUKA,380,0,8,29,25,42,33,36,18,24,22,29,21,22,28,17,12,14
SULAWESI BARAT,MAMASA,BALLA,2005,SEPAKUAN,516,0,12,40,40,43,63,41,28,39,42,41,35,21,28,15,12,16
SULAWESI BARAT,MAMASA,BALLA,2006,PIDARA,209,0,8,16,17,14,21,23,12,7,14,16,20,9,13,3,8,8
SULAWESI BARAT,MAMASA,BALLA,2007,BAMBAPUANG,233,0,9,15,11,20,30,17,17,8,22,17,17,14,14,4,12,6
SULAWESI BARAT,MAMASA,BALLA,2008,BALLA TIMUR,108,0,9,8,6,7,13,8,6,4,13,9,6,4,2,4,3,6
SULAWESI BARAT,MAMASA,NOSU,1001,NOSU,429,4,16,24,53,49,53,25,30,30,26,32,26,19,12,14,6,10
SULAWESI BARAT,MAMASA,NOSU,2002,MINANGA,149,0,2,8,11,16,25,15,13,4,16,4,9,5,6,6,4,5
SULAWESI BARAT,MAMASA,NOSU,2003,BATUPAPAN,510,0,18,40,54,52,72,39,28,27,37,38,24,22,16,18,11,14
SULAWESI BARAT,MAMASA,NOSU,2004,MASEWWE,307,0,12,32,39,37,30,39,33,23,13,21,12,9,3,0,1,3
SULAWESI BARAT,MAMASA,NOSU,2005,SIWI,246,0,7,17,20,29,27,23,13,11,14,17,15,12,11,12,11,7
SULAWESI BARAT,MAMASA,NOSU,2006,MINANGA TIMUR,253,0,9,12,22,21,29,19,17,13,25,19,18,5,11,9,16,8
SULAWESI BARAT,MAMASA,NOSU,2007,PARINDING,150,0,9,14,10,23,16,10,8,13,5,9,10,6,4,4,7,2
SULAWESI BARAT,MAMASA,TAWALIAN,1001,TAWALIAN,1250,17,38,125,124,135,109,90,98,106,76,73,86,44,49,32,16,32
SULAWESI BARAT,MAMASA,TAWALIAN,2002,TAWALIAN TIMUR,1010,12,43,96,112,115,135,71,61,52,76,67,51,26,27,24,22,20
SULAWESI BARAT,MAMASA,TAWALIAN,2003,KARIANGO,714,0,18,75,71,82,79,63,59,56,41,43,30,25,29,18,8,17
SULAWESI BARAT,MAMASA,TAWALIAN,2004,RANTETANGNGA,701,18,29,56,75,70,74,58,44,44,41,42,46,25,22,19,20,18
SULAWESI BARAT,MAMASA,RANTEBULAHAN TIMUR,2001,SALUMOKANAN,340,0,13,37,16,43,41,34,16,26,28,22,21,13,11,9,7,3
SULAWESI BARAT,MAMASA,RANTEBULAHAN TIMUR,2003,SALUMOKANAN BARAT,468,0,20,29,32,59,72,51,31,23,28,39,19,16,13,7,13,16
SULAWESI BARAT,MAMASA,RANTEBULAHAN TIMUR,2004,BUANGIN,417,0,18,35,39,52,57,39,28,27,28,26,20,14,9,12,5,8
SULAWESI BARAT,MAMASA,RANTEBULAHAN TIMUR,2005,BAMBANG BUDA,436,0,15,34,27,32,46,30,28,26,39,45,31,23,17,14,20,9
SULAWESI BARAT,MAMASA,RANTEBULAHAN TIMUR,2006,LEKO,114,0,2,5,5,11,14,12,8,9,11,12,9,3,3,4,1,5
SULAWESI BARAT,MAMASA,RANTEBULAHAN TIMUR,2007,KIRAK,259,0,17,19,15,31,34,31,19,11,18,21,11,8,9,6,4,5
SULAWESI BARAT,MAMASA,RANTEBULAHAN TIMUR,2008,SALUMOKANAN UTARA,393,0,7,23,23,46,66,38,20,24,50,24,13,12,14,17,8,8
SULAWESI BARAT,MAMASA,RANTEBULAHAN TIMUR,2009,SAMPALE,190,0,5,10,13,18,28,26,14,11,15,16,13,11,8,1,1,0
SULAWESI BARAT,MAMASA,BUNTUMALANGKA,2001,BUNTUMALANGKA,456,6,24,33,42,39,65,38,25,30,33,31,28,16,17,11,7,11
SULAWESI BARAT,MAMASA,BUNTUMALANGKA,2002,RANTEBERAN,521,16,35,45,44,48,59,54,43,31,26,33,15,25,13,16,5,13
SULAWESI BARAT,MAMASA,BUNTUMALANGKA,2003,KEBANGA,260,13,22,28,29,27,20,31,25,7,18,8,7,6,7,6,3,3
SULAWESI BARAT,MAMASA,BUNTUMALANGKA,2004,SALURINDU,202,0,12,17,18,24,26,24,13,10,16,16,6,5,5,6,3,1
SULAWESI BARAT,MAMASA,BUNTUMALANGKA,2005,TAORA,204,0,3,12,8,20,26,24,17,9,11,19,19,14,8,4,3,7
SULAWESI BARAT,MAMASA,BUNTUMALANGKA,2006,KABAE,219,3,9,20,19,14,28,29,10,21,16,13,9,10,5,5,4,4
SULAWESI BARAT,MAMASA,BUNTUMALANGKA,2007,SALUTAMBUN BARAT,263,5,16,20,11,22,37,24,19,11,25,16,13,14,14,6,4,6
SULAWESI BARAT,MAMASA,BUNTUMALANGKA,2008,PENATANGAN,417,0,26,40,42,60,59,46,23,31,26,15,13,13,10,4,5,4
SULAWESI BARAT,MAMASA,BUNTUMALANGKA,2009,SALUTAMBUN TIMUR,189,6,6,12,11,14,24,10,16,9,13,18,12,6,6,11,5,10
SULAWESI BARAT,MAMASA,BUNTUMALANGKA,2010,SALUTAMBUN,247,0,3,9,11,8,25,19,34,18,19,21,20,26,15,4,7,8
SULAWESI BARAT,MAMASA,BUNTUMALANGKA,2011,ARALLE TIMUR,334,8,27,29,33,28,59,29,15,13,21,23,16,10,5,4,11,3
SULAWESI BARAT,MAMASA,MEHALAAN,2001,MEHALAAN,181,0,1,14,12,22,22,16,12,11,14,16,15,7,5,6,5,3
SULAWESI BARAT,MAMASA,MEHALAAN,2002,BOTTENG,206,0,3,14,17,28,28,18,14,10,25,17,11,8,7,2,2,2
SULAWESI BARAT,MAMASA,MEHALAAN,2003,SALUKONTA,219,0,4,20,20,23,25,24,13,20,21,17,10,5,2,8,6,1
SULAWESI BARAT,MAMASA,MEHALAAN,2004,MESAKADA,219,2,6,21,18,22,29,22,16,12,13,21,12,8,7,1,8,1
SULAWESI BARAT,MAMASA,MEHALAAN,2005,MEHALAAN BARAT,257,1,9,22,19,21,28,26,18,17,22,20,17,11,12,5,5,4
SULAWESI BARAT,MAMASA,MEHALAAN,2006,SALUAHOK,238,0,8,18,22,39,32,21,17,12,24,14,7,9,6,5,3,1
SULAWESI BARAT,MAMASA,MEHALAAN,2007,SALUBALO,148,0,11,12,12,10,17,18,8,10,15,10,4,7,3,6,2,3
SULAWESI BARAT,MAMASA,MEHALAAN,2008,PASSEMBUK,105,0,9,7,14,8,9,16,12,9,8,5,2,2,2,0,1,1
SULAWESI BARAT,MAMASA,MEHALAAN,2009,KONDO,121,0,8,8,13,12,16,11,12,10,6,7,6,2,5,1,1,3
SULAWESI BARAT,MAMASA,MEHALAAN,2010,LEKO SUKAMAJU,96,0,5,6,11,15,10,7,6,7,11,5,6,2,3,0,2,0
SULAWESI BARAT,MAMASA,MEHALAAN,2011,ULUMEA,102,0,5,7,8,9,11,13,9,7,5,8,5,5,5,1,0,4
SULAWESI BARAT,POLEWALI MANDAR,TINAMBUNG,1001,TINAMBUNG,1836,20,73,133,144,147,173,134,132,138,110,122,123,100,90,83,59,55
SULAWESI BARAT,POLEWALI MANDAR,TINAMBUNG,2002,KARAMA,2478,0,106,217,254,233,244,203,161,180,157,155,129,144,94,69,53,79
SULAWESI BARAT,POLEWALI MANDAR,TINAMBUNG,2003,TANGNGA TANGNGA,1651,36,100,175,164,159,154,120,132,95,94,92,86,71,60,40,31,42
SULAWESI BARAT,POLEWALI MANDAR,TINAMBUNG,2004,LEKOPADIS,1292,14,54,103,120,132,118,115,62,87,72,95,84,75,56,29,22,54
SULAWESI BARAT,POLEWALI MANDAR,TINAMBUNG,2005,GALUNG LOMBOK,1168,17,59,93,111,127,96,92,62,75,83,92,65,62,33,18,32,51
SULAWESI BARAT,POLEWALI MANDAR,TINAMBUNG,2006,TANDUNG,1040,0,48,114,113,100,79,74,83,83,66,54,56,49,40,40,15,26
SULAWESI BARAT,POLEWALI MANDAR,TINAMBUNG,2007,BATULAYA,910,12,53,82,95,77,75,65,66,65,63,40,53,54,31,30,24,25
SULAWESI BARAT,POLEWALI MANDAR,TINAMBUNG,2008,SEPABATU,1129,0,49,100,111,124,105,78,70,86,66,61,79,52,31,28,29,60
SULAWESI BARAT,POLEWALI MANDAR,CAMPALAGIAN,1001,PAPPANG,1132,0,27,85,109,122,98,76,64,73,76,88,67,72,46,39,46,44
SULAWESI BARAT,POLEWALI MANDAR,CAMPALAGIAN,2002,LALIKO,1428,0,61,159,140,137,139,122,125,108,107,76,81,52,38,34,22,27
SULAWESI BARAT,POLEWALI MANDAR,CAMPALAGIAN,2003,BONDE,2252,21,81,157,210,213,201,155,134,163,155,165,165,137,97,91,54,53
SULAWESI BARAT,POLEWALI MANDAR,CAMPALAGIAN,2004,KATUMBANGAN LEMO,1847,33,89,146,164,160,176,174,134,126,152,122,111,86,60,40,20,54
SULAWESI BARAT,POLEWALI MANDAR,CAMPALAGIAN,2005,PANYAMPA,1031,0,39,94,109,114,126,68,80,84,69,63,46,42,32,23,24,18
SULAWESI BARAT,POLEWALI MANDAR,CAMPALAGIAN,2006,SURUANG,1091,0,45,99,103,104,105,94,74,65,55,76,89,50,32,24,31,45
SULAWESI BARAT,POLEWALI MANDAR,CAMPALAGIAN,2007,LAMPOKO,1857,27,84,172,198,188,194,128,137,122,120,144,123,69,54,28,29,40
SULAWESI BARAT,POLEWALI MANDAR,CAMPALAGIAN,2008,KATUMBANGAN,2269,30,91,203,221,197,200,190,175,170,174,128,152,103,74,53,49,59
SULAWESI BARAT,POLEWALI MANDAR,CAMPALAGIAN,2009,LAPEO,1873,40,99,162,186,187,177,140,149,119,124,125,92,85,54,47,35,52
SULAWESI BARAT,POLEWALI MANDAR,CAMPALAGIAN,2010,PARAPPE,1928,12,83,181,182,190,176,153,137,124,115,125,147,89,63,51,38,62
SULAWESI BARAT,POLEWALI MANDAR,CAMPALAGIAN,2011,ONGKO,847,0,33,61,69,99,82,59,59,63,45,72,50,41,31,25,25,33
SULAWESI BARAT,POLEWALI MANDAR,CAMPALAGIAN,2012,KENJE,1595,0,64,137,156,167,166,120,85,119,118,98,109,80,59,38,34,45
SULAWESI BARAT,POLEWALI MANDAR,CAMPALAGIAN,2013,SUMARRANG,2355,0,114,218,236,252,227,190,171,160,164,163,159,86,66,43,39,67
SULAWESI BARAT,POLEWALI MANDAR,CAMPALAGIAN,2014,BOTTO,1332,0,65,129,124,170,125,118,98,96,91,85,62,50,40,30,19,30
SULAWESI BARAT,POLEWALI MANDAR,CAMPALAGIAN,2015,GATTUNGAN,994,28,67,88,90,103,91,77,78,73,63,56,59,38,31,15,19,18
SULAWESI BARAT,POLEWALI MANDAR,CAMPALAGIAN,2016,PADANG TIMUR,884,0,33,76,91,97,66,63,45,61,70,67,54,42,38,16,19,46
SULAWESI BARAT,POLEWALI MANDAR,CAMPALAGIAN,2017,PADANG,454,0,9,27,36,38,51,42,28,22,37,33,35,26,23,16,11,20
SULAWESI BARAT,POLEWALI MANDAR,CAMPALAGIAN,2018,LAGI-AGI,1396,16,69,127,134,143,116,130,112,104,79,73,100,63,44,28,18,40
SULAWESI BARAT,POLEWALI MANDAR,WONOMULYO,1001,SIDODADI,3303,45,107,232,247,306,348,295,218,217,254,255,235,164,127,98,73,82
SULAWESI BARAT,POLEWALI MANDAR,WONOMULYO,2002,SIDOREJO,1936,24,78,151,172,187,182,124,137,148,156,166,128,104,66,48,36,29
SULAWESI BARAT,POLEWALI MANDAR,WONOMULYO,2003,SUMBEREJO,2152,36,107,181,182,146,197,197,155,161,179,167,131,129,81,48,28,27
SULAWESI BARAT,POLEWALI MANDAR,WONOMULYO,2004,BUMIAYU,1539,31,56,94,120,131,97,103,108,108,142,126,131,98,75,42,41,36
SULAWESI BARAT,POLEWALI MANDAR,WONOMULYO,2005,KEBUNSARI,998,0,37,88,66,68,87,80,66,62,78,95,68,60,41,42,25,35
SULAWESI BARAT,POLEWALI MANDAR,WONOMULYO,2006,BANUA BARU,1017,0,47,96,83,92,80,102,85,78,70,58,72,49,36,27,18,24
SULAWESI BARAT,POLEWALI MANDAR,WONOMULYO,2007,NEPO,1198,15,49,120,123,112,102,77,104,75,98,81,84,44,41,31,16,26
SULAWESI BARAT,POLEWALI MANDAR,WONOMULYO,2008,SUGIHWARAS,2456,35,106,193,202,255,249,197,165,185,202,187,186,100,77,57,28,32
SULAWESI BARAT,POLEWALI MANDAR,WONOMULYO,2009,CAMPURJO,1237,0,83,88,84,101,127,85,92,120,86,79,87,65,48,40,26,26
SULAWESI BARAT,POLEWALI MANDAR,WONOMULYO,2010,BUMIMULYO,714,0,33,53,63,53,61,54,54,59,82,55,58,28,19,16,12,14
SULAWESI BARAT,POLEWALI MANDAR,WONOMULYO,2011,TUMPILING,1127,0,49,96,97,101,101,89,80,89,112,65,78,61,33,24,22,30
SULAWESI BARAT,POLEWALI MANDAR,WONOMULYO,2012,BAKKA-BAKKA,887,0,39,89,78,103,71,71,77,59,63,64,46,35,34,21,14,23
SULAWESI BARAT,POLEWALI MANDAR,WONOMULYO,2013,ARJO SARI,915,0,25,85,83,81,75,71,78,75,76,85,69,45,32,18,8,9
SULAWESI BARAT,POLEWALI MANDAR,WONOMULYO,2014,GALESON,1359,14,67,107,153,100,108,104,105,113,88,101,91,73,47,31,15,42
SULAWESI BARAT,POLEWALI MANDAR,POLEWALI,1001,POLEWALI,2904,73,137,272,275,296,239,240,194,190,210,207,184,144,82,63,41,57
SULAWESI BARAT,POLEWALI MANDAR,POLEWALI,1002,WATTANG,2104,20,96,158,190,218,229,167,139,137,157,150,141,100,74,45,38,45
SULAWESI BARAT,POLEWALI MANDAR,POLEWALI,1003,SULEWATANG,2021,0,77,170,201,223,210,158,144,158,127,152,136,79,59,43,29,55
SULAWESI BARAT,POLEWALI MANDAR,POLEWALI,1004,LANTORA,2590,55,119,216,261,227,220,209,208,194,197,144,159,125,81,67,47,61
SULAWESI BARAT,POLEWALI MANDAR,POLEWALI,1005,TAKATIDUNG,2778,29,126,254,300,277,248,214,231,209,215,144,175,125,98,58,36,39
SULAWESI BARAT,POLEWALI MANDAR,POLEWALI,1006,PEKKABATA,2385,10,89,194,212,205,254,212,167,167,208,164,164,112,96,53,42,36
SULAWESI BARAT,POLEWALI MANDAR,POLEWALI,1007,MADATE,4108,88,194,354,373,401,383,350,308,318,268,236,278,192,144,89,69,63
SULAWESI BARAT,POLEWALI MANDAR,POLEWALI,1008,MANDING,2093,42,125,222,222,190,176,164,180,211,164,119,114,69,29,22,15,29
SULAWESI BARAT,POLEWALI MANDAR,POLEWALI,1009,DARMA,3839,36,137,311,411,393,384,294,280,280,280,253,278,171,125,78,54,74
SULAWESI BARAT,POLEWALI MANDAR,TUTAR,1001,TARAMANU,781,0,28,86,96,114,80,63,44,65,56,47,41,28,16,8,5,4
SULAWESI BARAT,POLEWALI MANDAR,TUTAR,2002,AMBOPADANG,722,0,43,87,74,80,76,79,75,74,62,35,21,6,3,1,2,4
SULAWESI BARAT,POLEWALI MANDAR,TUTAR,2003,TUBBI,608,3,27,69,76,77,72,63,47,38,36,34,34,19,4,4,3,2
SULAWESI BARAT,POLEWALI MANDAR,TUTAR,2004,RATTE,830,0,28,74,132,121,117,67,70,49,66,54,27,6,9,4,3,3
SULAWESI BARAT,POLEWALI MANDAR,TUTAR,2005,BESOANGIN,488,0,23,53,68,67,48,38,31,44,35,22,20,15,15,3,5,1
SULAWESI BARAT,POLEWALI MANDAR,TUTAR,2006,PIRIANG TAPIKO,567,0,14,49,64,89,66,44,51,36,59,26,16,17,17,8,3,8
SULAWESI BARAT,POLEWALI MANDAR,TUTAR,2007,PEBURRU,748,0,28,72,79,87,79,71,73,66,51,53,41,28,12,6,0,2
SULAWESI BARAT,POLEWALI MANDAR,TUTAR,2008,TALOBA,474,8,38,58,58,64,48,38,28,36,31,25,18,14,6,2,1,1
SULAWESI BARAT,POLEWALI MANDAR,TUTAR,2009,POLLEWANI,1084,19,57,131,126,110,124,86,98,63,91,59,56,29,16,5,7,7
SULAWESI BARAT,POLEWALI MANDAR,TUTAR,2010,ARABUA,394,0,20,42,49,42,37,43,29,28,27,28,23,10,3,2,6,5
SULAWESI BARAT,POLEWALI MANDAR,TUTAR,2011,BESOANGIN UTARA,334,0,9,31,34,36,45,35,32,34,29,22,14,7,3,2,1,0
SULAWESI BARAT,POLEWALI MANDAR,TUTAR,2012,PODA,626,0,32,61,68,77,60,53,37,53,46,47,40,21,9,11,7,4
SULAWESI BARAT,POLEWALI MANDAR,TUTAR,2013,TARAMANU TUA,556,0,29,55,79,61,62,65,49,40,47,26,21,12,9,0,0,1
SULAWESI BARAT,POLEWALI MANDAR,BINUANG,1005,AMASSANGAN,1766,43,77,145,210,173,171,138,146,123,134,106,91,81,41,23,21,43
SULAWESI BARAT,POLEWALI MANDAR,BINUANG,2001,TONYAMAN,2488,58,139,230,275,234,235,181,194,186,200,138,145,91,70,41,40,31
SULAWESI BARAT,POLEWALI MANDAR,BINUANG,2002,KUAJANG,1398,25,96,164,167,135,112,115,116,110,86,85,70,45,23,12,12,25
SULAWESI BARAT,POLEWALI MANDAR,BINUANG,2003,PAKU,1384,8,50,113,149,135,124,82,88,97,118,107,106,63,52,39,30,23
SULAWESI BARAT,POLEWALI MANDAR,BINUANG,2004,MIRRING,1674,27,87,135,176,175,150,127,120,107,129,123,110,67,56,26,26,33
SULAWESI BARAT,POLEWALI MANDAR,BINUANG,2006,BATETANGNGA,2636,19,137,213,233,280,299,206,190,206,186,191,179,98,72,42,33,52
SULAWESI BARAT,POLEWALI MANDAR,BINUANG,2007,MAMMI,769,0,31,84,91,69,81,54,63,75,54,45,30,33,16,13,12,18
SULAWESI BARAT,POLEWALI MANDAR,BINUANG,2008,KALEOK,624,0,21,70,74,65,43,57,43,65,41,44,41,21,15,6,6,12
SULAWESI BARAT,POLEWALI MANDAR,BINUANG,2009,AMOLA,829,15,34,61,102,81,76,74,79,67,69,42,44,24,18,11,12,20
SULAWESI BARAT,POLEWALI MANDAR,BINUANG,2010,REA,1525,28,58,137,148,153,130,136,139,97,98,95,111,68,40,17,27,43
SULAWESI BARAT,POLEWALI MANDAR,TAPANGO,1001,PELITAKAN,890,0,34,73,64,80,81,62,48,74,78,78,75,37,30,29,25,22
SULAWESI BARAT,POLEWALI MANDAR,TAPANGO,2002,TAPANGO,1213,12,59,80,122,112,125,93,111,110,103,88,63,40,36,26,18,15
SULAWESI BARAT,POLEWALI MANDAR,TAPANGO,2003,RAPPANG,1073,0,66,88,103,116,116,86,69,86,68,77,68,44,23,21,19,23
SULAWESI BARAT,POLEWALI MANDAR,TAPANGO,2004,DAKKA,875,0,29,81,87,67,72,63,73,82,75,73,62,36,29,12,12,22
SULAWESI BARAT,POLEWALI MANDAR,TAPANGO,2005,BATU,540,0,25,46,52,49,47,42,30,49,50,50,31,17,15,17,7,13
SULAWESI BARAT,POLEWALI MANDAR,TAPANGO,2006,RISO,1091,16,54,116,88,106,107,87,87,89,74,82,61,40,34,19,11,20
SULAWESI BARAT,POLEWALI MANDAR,TAPANGO,2007,PALATTA,802,0,33,64,76,97,69,61,53,73,70,69,51,30,21,12,11,12
SULAWESI BARAT,POLEWALI MANDAR,TAPANGO,2008,TAPANGO BARAT,771,0,60,66,73,64,85,66,62,52,63,48,37,22,23,12,19,19
SULAWESI BARAT,POLEWALI MANDAR,TAPANGO,2009,KURRAK,271,0,4,22,33,25,30,21,29,29,21,18,17,11,6,3,2,0
SULAWESI BARAT,POLEWALI MANDAR,TAPANGO,2010,BUSSU,580,0,28,56,60,65,49,50,36,46,40,45,36,20,13,14,9,13
SULAWESI BARAT,POLEWALI MANDAR,TAPANGO,2011,TUTTULA,446,9,27,41,36,53,49,56,39,27,29,18,16,20,5,4,8,9
SULAWESI BARAT,POLEWALI MANDAR,TAPANGO,2012,JAMBU MALEA,807,0,53,73,85,88,86,67,49,63,53,71,41,35,10,10,3,20
SULAWESI BARAT,POLEWALI MANDAR,TAPANGO,2013,KALIMBUA,648,0,23,51,57,65,72,47,67,51,63,49,35,18,30,8,7,5
SULAWESI BARAT,POLEWALI MANDAR,TAPANGO,2014,BANATO REJO,1004,0,42,88,92,78,90,88,68,50,109,73,77,42,37,22,27,21
SULAWESI BARAT,POLEWALI MANDAR,MAPILLI,1001,MAPILI,1059,0,57,112,109,98,83,77,84,71,82,69,60,36,43,32,21,25
SULAWESI BARAT,POLEWALI MANDAR,MAPILLI,2002,UGIBARU,1445,28,77,118,138,145,109,102,100,114,115,86,97,68,37,44,25,42
SULAWESI BARAT,POLEWALI MANDAR,MAPILLI,2003,RUMPA,1482,36,84,131,139,152,134,120,98,96,99,94,100,51,51,41,23,33
SULAWESI BARAT,POLEWALI MANDAR,MAPILLI,2005,KURMA,1664,13,70,144,200,162,146,142,126,110,117,119,107,59,54,37,30,28
SULAWESI BARAT,POLEWALI MANDAR,MAPILLI,2007,BUKU,1181,16,62,87,109,124,125,91,80,68,85,75,63,57,48,27,25,39
SULAWESI BARAT,POLEWALI MANDAR,MAPILLI,2009,BONNE BONNE,951,0,38,84,95,87,74,71,80,71,68,74,62,49,42,16,20,20
SULAWESI BARAT,POLEWALI MANDAR,MAPILLI,2011,BEROANGIN,1036,29,64,94,119,115,90,77,76,84,77,60,39,25,27,28,16,16
SULAWESI BARAT,POLEWALI MANDAR,MAPILLI,2015,SEGERANG,713,0,38,59,63,58,76,55,49,48,70,48,41,24,31,20,13,20
SULAWESI BARAT,POLEWALI MANDAR,MAPILLI,2016,BONRA,1471,21,85,124,136,161,129,110,96,102,114,85,82,74,52,35,22,43
SULAWESI BARAT,POLEWALI MANDAR,MAPILLI,2017,SATTOKO,302,11,11,30,30,33,24,26,22,24,21,21,20,13,3,7,5,1
SULAWESI BARAT,POLEWALI MANDAR,MAPILLI,2018,RAPPANG BARAT,1370,0,62,133,151,132,105,113,120,94,103,88,91,43,51,25,30,29
SULAWESI BARAT,POLEWALI MANDAR,MAPILLI,2019,LANDI KANUSUANG,1561,20,70,132,167,167,185,146,117,112,109,96,83,63,33,17,14,30
SULAWESI BARAT,POLEWALI MANDAR,MATANGNGA,1001,MATANGNGA,416,9,7,32,23,58,43,42,26,26,39,30,38,19,9,12,1,2
SULAWESI BARAT,POLEWALI MANDAR,MATANGNGA,2002,LILLI,301,0,10,23,27,24,26,46,33,16,26,33,12,5,4,5,3,8
SULAWESI BARAT,POLEWALI MANDAR,MATANGNGA,2003,RANGOAN,315,0,10,26,24,25,46,27,31,25,31,21,22,13,4,5,4,1
SULAWESI BARAT,POLEWALI MANDAR,MATANGNGA,2004,TAPUA,596,0,33,56,56,85,62,47,38,58,37,35,34,20,16,8,5,6
SULAWESI BARAT,POLEWALI MANDAR,MATANGNGA,2005,MAMBU TAPUA,259,0,17,30,20,26,29,27,20,18,18,15,14,8,3,6,2,6
SULAWESI BARAT,POLEWALI MANDAR,MATANGNGA,2006,BA'BA TAPUA,155,0,12,11,17,18,19,20,16,20,10,7,4,1,0,0,0,0
SULAWESI BARAT,POLEWALI MANDAR,MATANGNGA,2007,KATIMBANG,276,0,14,24,13,31,42,14,21,24,35,24,21,7,4,1,0,1
SULAWESI BARAT,POLEWALI MANDAR,LUYO,1004,BATUPANGA,1749,12,67,178,166,165,176,146,144,122,103,126,103,79,57,36,41,28
SULAWESI BARAT,POLEWALI MANDAR,LUYO,2001,MAMBU,1189,17,56,110,106,135,130,89,73,95,75,93,72,47,29,18,16,28
SULAWESI BARAT,POLEWALI MANDAR,LUYO,2002,TENGGELANG,1821,24,85,185,166,207,172,155,114,141,128,113,93,64,55,52,35,32
SULAWESI BARAT,POLEWALI MANDAR,LUYO,2003,BARU,2185,14,82,212,231,243,217,179,180,131,148,141,131,97,63,38,28,50
SULAWESI BARAT,POLEWALI MANDAR,LUYO,2005,PUSSUI,981,0,34,81,82,119,112,85,64,75,58,66,61,47,36,23,10,28
SULAWESI BARAT,POLEWALI MANDAR,LUYO,2006,MAPILI BARAT,1426,29,58,116,132,184,130,112,97,80,94,103,92,56,56,30,21,36
SULAWESI BARAT,POLEWALI MANDAR,LUYO,2007,SAMBALI WALI,1221,0,43,104,115,151,131,86,85,96,71,84,74,54,37,27,21,42
SULAWESI BARAT,POLEWALI MANDAR,LUYO,2008,BATUPANGA DAALA,1417,0,59,132,147,165,144,141,102,93,86,92,84,60,42,18,28,24
SULAWESI BARAT,POLEWALI MANDAR,LUYO,2009,LUYO,899,0,37,81,89,87,77,66,76,84,61,54,60,43,23,21,13,27
SULAWESI BARAT,POLEWALI MANDAR,LUYO,2010,PUSSUI BARAT,601,0,26,51,69,68,75,53,37,39,39,39,26,28,19,12,7,13
SULAWESI BARAT,POLEWALI MANDAR,LUYO,2011,PUCCADI,927,5,47,92,90,116,95,67,74,65,57,73,46,21,19,23,12,25
SULAWESI BARAT,POLEWALI MANDAR,LIMBORO,1001,LIMBORO,1147,0,41,80,90,113,88,66,60,81,73,80,88,67,77,46,34,63
SULAWESI BARAT,POLEWALI MANDAR,LIMBORO,2002,LEMBANG LEMBANG,1704,0,64,120,149,150,154,123,109,111,100,116,114,94,71,76,60,93
SULAWESI BARAT,POLEWALI MANDAR,LIMBORO,2003,TANDASURA,879,0,34,79,87,101,89,72,60,62,58,65,47,36,24,20,14,31
SULAWESI BARAT,POLEWALI MANDAR,LIMBORO,2004,SAMASUNDU,898,0,31,90,90,85,72,61,51,46,59,60,59,42,47,29,30,46
SULAWESI BARAT,POLEWALI MANDAR,LIMBORO,2005,NAPO,1065,0,49,84,116,104,112,77,57,62,59,73,59,60,50,34,28,41
SULAWESI BARAT,POLEWALI MANDAR,LIMBORO,2006,TODANG TODANG,437,0,18,37,47,43,51,31,19,26,23,25,24,28,25,20,9,11
SULAWESI BARAT,POLEWALI MANDAR,LIMBORO,2007,PENDULANGAN,390,0,18,29,46,51,43,32,30,20,20,24,31,8,17,6,5,10
SULAWESI BARAT,POLEWALI MANDAR,LIMBORO,2008,RENGGEANG,734,0,27,68,62,67,72,58,48,54,41,38,55,40,30,29,23,22
SULAWESI BARAT,POLEWALI MANDAR,LIMBORO,2009,SALARRI,461,0,21,44,51,56,47,29,24,23,35,34,22,23,18,10,5,19
SULAWESI BARAT,POLEWALI MANDAR,LIMBORO,2010,TANGAN BARU,605,0,13,55,51,78,53,53,34,41,39,31,37,25,27,25,15,28
SULAWESI BARAT,POLEWALI MANDAR,LIMBORO,2011,PALECE,878,0,28,66,74,93,89,70,48,54,61,47,70,43,42,26,30,37
SULAWESI BARAT,POLEWALI MANDAR,BALANIPA,1002,BALANIPA,1553,34,83,129,133,165,150,118,100,105,95,113,106,58,60,38,31,35
SULAWESI BARAT,POLEWALI MANDAR,BALANIPA,2001,TAMMAJARRA,901,0,50,85,95,102,69,86,65,61,47,57,53,41,32,28,8,22
SULAWESI BARAT,POLEWALI MANDAR,BALANIPA,2003,TAMANGGALLE,1244,26,91,129,117,136,107,95,89,79,71,77,77,46,30,19,25,30
SULAWESI BARAT,POLEWALI MANDAR,BALANIPA,2004,MOSSO,342,0,13,23,19,21,45,35,21,20,21,27,26,19,18,10,4,20
SULAWESI BARAT,POLEWALI MANDAR,BALANIPA,2005,GALUNG TULUK,1788,0,90,164,187,177,162,143,146,108,111,130,86,113,64,41,20,46
SULAWESI BARAT,POLEWALI MANDAR,BALANIPA,2006,SABANG SUBIK,1529,24,74,133,129,154,132,119,101,100,100,111,84,102,51,47,34,34
SULAWESI BARAT,POLEWALI MANDAR,BALANIPA,2007,PAMBUSUANG,2984,98,180,275,258,280,289,231,201,189,199,172,171,140,111,80,47,63
SULAWESI BARAT,POLEWALI MANDAR,BALANIPA,2008,BALA,2554,105,137,244,222,248,261,198,179,173,155,161,132,109,80,72,29,49
SULAWESI BARAT,POLEWALI MANDAR,BALANIPA,2009,LAMBANAN,305,0,12,29,22,21,17,19,15,19,13,32,30,20,25,4,10,17
SULAWESI BARAT,POLEWALI MANDAR,BALANIPA,2010,LEGO,597,0,23,53,53,73,58,43,43,44,46,39,26,28,20,19,11,18
SULAWESI BARAT,POLEWALI MANDAR,BALANIPA,2011,PALLIS,302,0,10,25,27,34,21,13,17,28,24,19,19,17,10,9,10,19
SULAWESI BARAT,POLEWALI MANDAR,ANREAPI,1001,ANREAPI,643,0,22,53,62,62,81,59,46,41,40,44,44,29,17,12,14,17
SULAWESI BARAT,POLEWALI MANDAR,ANREAPI,2002,DUAMPANUA,1484,0,79,150,162,160,160,115,97,108,121,101,77,50,40,19,18,27
SULAWESI BARAT,POLEWALI MANDAR,ANREAPI,2003,KELAPA DUA,1012,0,46,83,96,86,102,87,84,99,83,70,57,36,23,25,14,21
SULAWESI BARAT,POLEWALI MANDAR,ANREAPI,2004,PAPPANDANGAN,784,0,30,73,55,76,80,91,64,58,61,46,56,32,22,6,11,23
SULAWESI BARAT,POLEWALI MANDAR,ANREAPI,2005,KUNYI,828,0,32,79,88,71,84,63,62,77,57,59,57,27,22,18,10,22
SULAWESI BARAT,POLEWALI MANDAR,MATAKALI,1001,MATAKALI,1636,17,79,148,151,145,139,138,139,130,123,99,101,86,41,37,19,44
SULAWESI BARAT,POLEWALI MANDAR,MATAKALI,2002,PETAMPANUA,2618,12,104,229,275,236,262,228,204,200,189,189,151,112,78,40,43,66
SULAWESI BARAT,POLEWALI MANDAR,MATAKALI,2003,BARUMBUNG,1281,14,64,125,133,131,108,114,95,111,81,80,68,54,34,18,23,28
SULAWESI BARAT,POLEWALI MANDAR,MATAKALI,2004,PASIANG,2164,16,99,200,246,228,217,183,166,157,146,141,116,73,65,40,25,46
SULAWESI BARAT,POLEWALI MANDAR,MATAKALI,2005,TONROLIMA,1371,16,74,144,111,112,122,99,100,126,103,104,71,48,54,31,23,33
SULAWESI BARAT,POLEWALI MANDAR,MATAKALI,2006,INDOMAKKOMBONG,1728,32,71,136,148,159,158,149,116,136,153,102,122,72,61,49,30,34
SULAWESI BARAT,POLEWALI MANDAR,MATAKALI,2007,BUNGA-BUNGA,623,0,20,65,57,59,67,55,46,55,45,37,33,25,14,13,6,26
SULAWESI BARAT,POLEWALI MANDAR,ALLU,1009,PETOOSANG,776,0,16,57,62,88,100,60,39,45,54,56,56,38,39,28,16,22
SULAWESI BARAT,POLEWALI MANDAR,ALLU,2002,MOMBI,1218,0,40,91,129,125,116,73,65,71,70,100,79,71,44,46,27,71
SULAWESI BARAT,POLEWALI MANDAR,ALLU,2003,KALUMAMMANG,714,0,24,65,69,94,64,59,42,43,52,47,46,33,24,12,13,27
SULAWESI BARAT,POLEWALI MANDAR,ALLU,2004,PAO-PAO,1137,0,47,72,144,137,102,86,80,82,77,74,69,52,41,23,19,32
SULAWESI BARAT,POLEWALI MANDAR,ALLU,2005,PUPPU URING,860,0,44,115,107,98,96,67,60,49,56,38,38,31,16,9,21,15
SULAWESI BARAT,POLEWALI MANDAR,ALLU,2006,SARAGIAN,825,0,38,67,78,89,87,61,39,59,55,49,51,29,34,26,27,36
SULAWESI BARAT,POLEWALI MANDAR,ALLU,2007,SAYOANG,301,0,10,32,32,31,18,17,15,21,19,21,15,17,16,11,10,16
SULAWESI BARAT,POLEWALI MANDAR,ALLU,2008,ALU,916,0,44,79,85,134,100,68,41,53,69,60,55,39,26,11,12,40
SULAWESI BARAT,POLEWALI MANDAR,BULO,2001,BULO,414,0,12,33,34,42,44,47,26,27,34,22,43,19,7,6,6,12
SULAWESI BARAT,POLEWALI MANDAR,BULO,2002,PULLIWA,1326,39,78,145,131,107,113,130,94,111,103,70,73,56,35,18,13,10
SULAWESI BARAT,POLEWALI MANDAR,BULO,2003,PATAMBANUA,488,0,36,49,48,60,69,45,29,35,31,36,16,14,6,6,4,4
SULAWESI BARAT,POLEWALI MANDAR,BULO,2004,KAROMBANG,567,14,32,37,48,63,57,60,38,51,46,48,23,22,6,8,5,9
SULAWESI BARAT,POLEWALI MANDAR,BULO,2005,DAALA TIMUR,409,0,19,48,48,53,40,32,43,28,27,23,17,12,14,1,3,1
SULAWESI BARAT,POLEWALI MANDAR,BULO,2006,LENGGO,259,0,12,29,21,35,30,42,16,13,19,9,15,8,7,1,0,2
SULAWESI BARAT,POLEWALI MANDAR,BULO,2007,SABURA,245,2,12,16,22,32,31,20,12,16,27,21,11,9,6,4,1,3
SULAWESI BARAT,POLEWALI MANDAR,BULO,2008,SEPPORRAKI,383,11,23,37,30,35,45,34,37,27,21,33,18,9,10,6,3,4
SULAWESI BARAT,POLEWALI MANDAR,BULO,2009,IHING,419,0,19,45,36,45,45,41,38,33,28,37,18,14,7,6,5,2
SULAWESI BARAT,MAJENE,BANGGAE,1001,BANGGAE,2301,15,92,169,176,228,220,189,184,154,167,165,147,116,93,83,39,64
SULAWESI BARAT,MAJENE,BANGGAE,1003,BARU,2815,59,183,267,282,279,254,247,219,235,156,156,139,115,73,57,30,64
SULAWESI BARAT,MAJENE,BANGGAE,1007,PANGALI ALI,4690,81,265,401,434,500,415,361,352,354,305,278,265,242,146,110,73,108
SULAWESI BARAT,MAJENE,BANGGAE,1009,TOTOLI,2731,81,168,297,329,294,262,206,213,216,162,144,97,71,62,61,31,37
SULAWESI BARAT,MAJENE,BANGGAE,1010,RANGAS,3928,0,233,437,408,441,411,344,315,326,248,206,163,122,94,67,40,73
SULAWESI BARAT,MAJENE,BANGGAE,1013,GALUNG,1655,35,82,166,142,156,142,114,117,141,105,119,101,69,47,45,38,36
SULAWESI BARAT,MAJENE,BANGGAE,2011,PALIPI SOREANG,1169,38,80,128,106,136,125,102,101,82,57,65,54,31,19,14,10,21
SULAWESI BARAT,MAJENE,BANGGAE,2012,PAMBOBORANG,1224,0,72,105,131,162,132,102,87,81,72,71,57,45,21,25,29,32
SULAWESI BARAT,MAJENE,PAMBOANG,1001,LALAMPANUA,1037,0,43,78,102,95,99,78,73,81,66,66,71,52,44,30,20,39
SULAWESI BARAT,MAJENE,PAMBOANG,1002,SIRINDU,935,32,41,84,76,112,88,62,67,71,49,48,54,47,35,25,18,26
SULAWESI BARAT,MAJENE,PAMBOANG,2003,ADOLANG,549,0,26,44,59,61,58,46,30,41,49,31,28,19,21,13,14,9
SULAWESI BARAT,MAJENE,PAMBOANG,2004,BABABULO,957,25,75,84,84,99,104,82,63,76,67,36,37,27,30,26,14,28
SULAWESI BARAT,MAJENE,PAMBOANG,2005,BONDE,1252,0,63,120,127,128,133,140,82,68,81,83,68,55,38,18,22,26
SULAWESI BARAT,MAJENE,PAMBOANG,2006,BETTENG,577,0,24,63,66,73,75,48,48,34,30,22,22,12,17,15,12,16
SULAWESI BARAT,MAJENE,PAMBOANG,2007,SIMBANG,414,0,18,32,18,48,47,37,38,16,27,31,22,21,13,20,5,21
SULAWESI BARAT,MAJENE,PAMBOANG,2008,BONDE UTARA,1882,64,129,223,221,220,202,142,132,112,102,81,75,60,37,35,15,32
SULAWESI BARAT,MAJENE,PAMBOANG,2009,BABABULO UTARA,655,0,32,53,69,75,69,60,42,45,46,39,31,28,14,20,13,19
SULAWESI BARAT,MAJENE,PAMBOANG,2010,BUTTU PAMBOANG,467,0,31,32,55,37,52,52,29,32,29,22,23,20,19,11,5,18
SULAWESI BARAT,MAJENE,PAMBOANG,2011,BANUA ADOLANG,553,0,39,78,76,84,54,43,35,25,30,22,19,14,17,8,3,6
SULAWESI BARAT,MAJENE,PAMBOANG,2012,ADOLANG DHUA,512,0,20,45,72,74,37,46,29,34,33,36,19,15,18,10,11,13
SULAWESI BARAT,MAJENE,PAMBOANG,2013,TINAMBUNG,1207,33,68,111,114,105,113,103,77,87,72,75,68,55,34,34,29,29
SULAWESI BARAT,MAJENE,PAMBOANG,2014,PESULOANG,505,0,31,56,49,52,42,46,41,37,32,21,28,16,18,10,7,19
SULAWESI BARAT,MAJENE,PAMBOANG,2015,BALOMBONG,705,0,36,61,43,71,73,76,50,40,40,35,47,38,39,19,11,26
SULAWESI BARAT,MAJENE,SENDANA,1001,MOSSO,2303,66,108,203,237,225,239,213,146,133,150,131,126,98,70,70,48,40
SULAWESI BARAT,MAJENE,SENDANA,1002,MOSSO DHUA,870,13,49,98,91,74,79,55,58,75,50,57,41,31,38,22,14,25
SULAWESI BARAT,MAJENE,SENDANA,2004,TOTOLISI SENDANA,913,0,46,96,84,104,103,66,53,61,64,65,55,34,20,24,19,19
SULAWESI BARAT,MAJENE,SENDANA,2007,TALLUBANUA,1057,56,89,108,120,116,107,89,74,64,52,53,46,27,15,16,13,12
SULAWESI BARAT,MAJENE,SENDANA,2015,LALATEDZONG,584,0,33,58,50,74,54,47,32,48,35,30,34,24,18,14,10,23
SULAWESI BARAT,MAJENE,SENDANA,2016,BINANGA,377,0,17,32,28,50,45,35,24,20,24,22,26,23,13,7,5,6
SULAWESI BARAT,MAJENE,SENDANA,2017,PUTTADA,414,0,22,32,41,58,38,34,21,31,26,14,23,20,16,10,12,16
SULAWESI BARAT,MAJENE,SENDANA,2018,PAMINGGALAN,291,2,14,24,37,42,23,26,16,22,21,16,10,7,15,2,4,10
SULAWESI BARAT,MAJENE,SENDANA,2019,LEPPANGANG,389,0,11,35,37,49,49,33,21,21,22,37,20,9,16,9,5,15
SULAWESI BARAT,MAJENE,SENDANA,2020,PUNDAU,354,0,25,40,37,51,29,29,15,21,23,20,17,10,11,6,9,11
SULAWESI BARAT,MAJENE,SENDANA,2021,SENDANA,513,7,30,39,52,47,52,52,34,31,35,33,33,15,19,12,6,16
SULAWESI BARAT,MAJENE,SENDANA,2022,BANUA SENDANA,834,29,39,68,107,93,68,67,45,54,59,45,48,24,31,18,18,21
SULAWESI BARAT,MAJENE,SENDANA,2023,TALLUBANUA UTARA,851,0,43,89,85,101,80,67,68,61,48,58,44,37,21,19,10,20
SULAWESI BARAT,MAJENE,SENDANA,2024,LIMBORO RAMBU-RAMBU,428,0,17,55,62,57,40,29,26,25,34,24,18,13,12,3,7,6
SULAWESI BARAT,MAJENE,SENDANA,2025,LIMBUA,1085,31,37,74,96,101,113,90,67,65,69,81,73,53,48,31,17,39
SULAWESI BARAT,MAJENE,SENDANA,2026,BUKIT SAMANG,713,0,36,67,77,89,77,63,33,43,46,55,30,21,21,19,15,21
SULAWESI BARAT,MAJENE,MALUNDA,1001,MALUNDA,1176,0,48,111,112,135,114,82,70,99,104,79,69,51,34,20,24,24
SULAWESI BARAT,MAJENE,MALUNDA,1015,LAMUNGANG BATU,985,0,48,94,104,110,99,83,69,79,86,61,44,44,26,12,8,18
SULAWESI BARAT,MAJENE,MALUNDA,2002,BAMBANGAN,799,27,66,94,85,97,104,72,54,60,37,34,27,20,9,10,0,3
SULAWESI BARAT,MAJENE,MALUNDA,2004,LOMBANG,501,8,26,59,48,47,64,57,43,28,29,25,35,9,12,6,4,1
SULAWESI BARAT,MAJENE,MALUNDA,2005,LOMBONG,1085,19,70,118,125,113,106,93,70,77,75,66,41,32,24,24,18,14
SULAWESI BARAT,MAJENE,MALUNDA,2006,MEKKATTA,1148,0,69,129,110,140,137,110,77,81,82,65,50,36,27,16,9,10
SULAWESI BARAT,MAJENE,MALUNDA,2010,MALIAYA,1091,36,62,104,121,140,136,97,55,80,59,63,48,25,26,13,14,12
SULAWESI BARAT,MAJENE,MALUNDA,2011,LOMBANG TIMUR,429,0,13,41,32,43,58,48,26,33,39,34,24,14,13,5,5,1
SULAWESI BARAT,MAJENE,MALUNDA,2012,SALUTAHONGAN,567,17,43,88,83,82,71,34,24,32,30,18,16,14,7,3,2,3
SULAWESI BARAT,MAJENE,MALUNDA,2013,LOMBONG TIMUR,613,0,35,69,61,70,61,50,42,40,48,43,27,19,11,14,10,13
SULAWESI BARAT,MAJENE,MALUNDA,2014,MEKKATTA SELATAN,510,0,21,65,53,54,49,58,35,33,34,28,25,17,12,9,7,10
SULAWESI BARAT,MAJENE,MALUNDA,2016,KAYUANGIN,801,28,46,78,70,90,98,64,55,49,57,54,35,16,30,4,7,20
SULAWESI BARAT,MAJENE,ULUMANDA,2001,KABIRAAN,645,0,29,74,50,70,90,69,50,56,38,34,37,20,14,6,3,5
SULAWESI BARAT,MAJENE,ULUMANDA,2002,SAMBABO,512,0,25,47,59,67,60,45,27,46,43,28,33,11,6,4,5,6
SULAWESI BARAT,MAJENE,ULUMANDA,2003,TANDEALLO,656,0,16,52,53,60,77,69,42,57,65,42,29,25,31,6,11,21
SULAWESI BARAT,MAJENE,ULUMANDA,2004,ULUMANDA,548,0,31,61,52,59,77,52,31,52,37,36,25,8,11,7,2,7
SULAWESI BARAT,MAJENE,ULUMANDA,2005,SALUTAMBUNG,653,0,26,56,68,77,85,70,31,48,58,36,41,17,14,11,6,9
SULAWESI BARAT,MAJENE,ULUMANDA,2006,POPENGA,471,0,27,48,50,65,65,47,30,32,26,20,23,15,6,7,1,9
SULAWESI BARAT,MAJENE,ULUMANDA,2007,SULAI,478,0,26,54,50,52,60,51,29,30,25,27,26,12,7,7,7,15
SULAWESI BARAT,MAJENE,ULUMANDA,2008,PANGGALO,532,0,12,36,56,65,74,45,42,51,42,34,35,18,3,9,5,5
SULAWESI BARAT,MAJENE,TAMMERODO SENDANA,2001,SEPPONG,718,0,30,80,77,68,76,50,43,47,47,47,54,30,23,14,12,20
SULAWESI BARAT,MAJENE,TAMMERODO SENDANA,2002,TAMMERODO,1067,43,51,101,104,93,89,106,68,85,68,61,49,43,31,36,13,26
SULAWESI BARAT,MAJENE,TAMMERODO SENDANA,2003,ULIDANG,1000,0,40,87,107,102,93,98,60,77,80,67,61,40,21,27,17,23
SULAWESI BARAT,MAJENE,TAMMERODO SENDANA,2004,TALLAMBALAO,990,0,53,84,87,111,114,77,73,88,59,59,50,46,27,22,15,25
SULAWESI BARAT,MAJENE,TAMMERODO SENDANA,2005,TAMMERODO UTARA,968,33,51,86,70,111,97,82,81,72,59,57,53,39,34,20,11,12
SULAWESI BARAT,MAJENE,TAMMERODO SENDANA,2006,MANYAMBA,723,0,28,61,75,105,74,71,53,47,50,45,37,27,15,14,8,13
SULAWESI BARAT,MAJENE,TAMMERODO SENDANA,2007,AWO,885,15,46,90,101,110,77,83,60,64,71,39,57,31,17,8,7,9
SULAWESI BARAT,MAJENE,TUBO SENDANA,2001,ONANG,1848,22,110,190,234,210,207,163,112,100,131,114,75,57,41,35,21,26
SULAWESI BARAT,MAJENE,TUBO SENDANA,2002,TUBO,537,0,35,53,51,59,33,55,40,35,43,28,30,23,28,11,3,10
SULAWESI BARAT,MAJENE,TUBO SENDANA,2003,ONANG UTARA,591,8,30,52,47,65,70,48,42,30,38,42,39,22,23,8,14,13
SULAWESI BARAT,MAJENE,TUBO SENDANA,2004,TUBO SELATAN,466,0,31,39,53,54,47,34,23,35,36,26,26,19,12,8,11,12
SULAWESI BARAT,MAJENE,TUBO SENDANA,2005,BONDE BONDE,453,12,18,42,34,49,58,25,30,33,37,45,20,17,13,6,4,10
SULAWESI BARAT,MAJENE,TUBO SENDANA,2006,TUBO TENGAH,520,0,26,59,58,55,49,45,32,31,34,33,26,24,16,13,9,10
SULAWESI BARAT,MAJENE,TUBO SENDANA,2007,TUBO POANG,462,0,27,47,52,53,39,36,35,34,36,33,20,10,13,12,5,10
SULAWESI BARAT,MAJENE,BANGGAE TIMUR,1001,BAURUNG,2533,0,126,265,256,305,272,213,214,176,177,134,147,73,72,29,33,41
SULAWESI BARAT,MAJENE,BANGGAE TIMUR,1002,BARUGA,986,0,35,95,86,121,90,86,75,65,67,60,60,50,28,25,17,26
SULAWESI BARAT,MAJENE,BANGGAE TIMUR,1003,BARUGA DHUA,773,0,37,61,76,77,69,69,60,51,32,46,37,32,37,34,26,29
SULAWESI BARAT,MAJENE,BANGGAE TIMUR,1004,LABUANG,2286,52,84,184,193,202,195,158,168,168,160,140,156,125,100,92,41,68
SULAWESI BARAT,MAJENE,BANGGAE TIMUR,1005,TANDE,803,0,25,66,59,71,74,67,43,60,46,58,53,47,29,33,30,42
SULAWESI BARAT,MAJENE,BANGGAE TIMUR,1006,LEMBANG,3164,97,210,325,362,316,257,247,235,242,228,181,151,110,75,58,30,40
SULAWESI BARAT,MAJENE,BANGGAE TIMUR,1007,LABUANG UTARA,2506,58,123,208,213,256,216,180,177,195,167,188,157,121,95,56,44,52
SULAWESI BARAT,MAJENE,BANGGAE TIMUR,1008,TANDE TIMUR,1052,30,62,97,105,95,61,86,96,70,68,52,60,55,49,22,18,26
SULAWESI BARAT,MAJENE,BANGGAE TIMUR,2009,BUTTU BARUGA,450,0,26,48,45,61,49,36,43,28,25,23,19,8,9,10,6,14
SULAWESI BARAT,MAMUJU TENGAH,TOBADAK,2001,MAHAHE,1496,41,74,128,146,141,141,127,122,122,119,84,92,72,26,29,14,18
SULAWESI BARAT,MAMUJU TENGAH,TOBADAK,2002,SALOBAJA,1186,28,67,94,101,104,136,102,88,74,88,93,84,43,42,20,8,14
SULAWESI BARAT,MAMUJU TENGAH,TOBADAK,2003,TOBADAK,4077,123,242,391,412,371,408,346,359,324,297,253,216,128,96,43,35,33
SULAWESI BARAT,MAMUJU TENGAH,TOBADAK,2004,PALONGAAN,1309,39,81,106,110,126,121,118,96,112,82,80,82,65,41,24,12,14
SULAWESI BARAT,MAMUJU TENGAH,TOBADAK,2005,BATU PARIGI,2810,64,133,227,276,275,314,219,196,212,238,199,173,108,75,37,30,34
SULAWESI BARAT,MAMUJU TENGAH,TOBADAK,2006,BAMBADARU,703,23,41,65,72,54,83,47,46,49,48,46,45,32,20,16,8,8
SULAWESI BARAT,MAMUJU TENGAH,TOBADAK,2007,SEJATI,466,0,24,35,47,38,62,50,38,23,28,36,25,21,21,7,2,9
SULAWESI BARAT,MAMUJU TENGAH,TOBADAK,2008,SALOADAK,1063,34,46,81,92,104,117,109,82,72,59,81,71,46,30,9,10,20
SULAWESI BARAT,MAMUJU TENGAH,PANGALE,2001,POLO PANGALE,751,0,29,78,67,56,60,66,79,69,62,35,47,38,35,13,12,5
SULAWESI BARAT,MAMUJU TENGAH,PANGALE,2002,PANGALE,918,21,48,75,102,102,77,76,68,64,57,58,62,37,25,13,18,15
SULAWESI BARAT,MAMUJU TENGAH,PANGALE,2003,SARTANAMAJU,294,0,16,31,24,37,29,30,23,19,15,26,13,7,7,6,4,7
SULAWESI BARAT,MAMUJU TENGAH,PANGALE,2004,POLO LERENG,855,21,38,78,76,70,75,63,76,66,64,52,44,51,30,20,15,16
SULAWESI BARAT,MAMUJU TENGAH,PANGALE,2005,KUO,1299,19,72,114,114,92,122,99,98,102,118,78,76,84,44,28,22,17
SULAWESI BARAT,MAMUJU TENGAH,PANGALE,2006,POLO CAMBA,486,8,26,43,35,55,60,32,47,28,32,30,39,16,14,5,6,10
SULAWESI BARAT,MAMUJU TENGAH,PANGALE,2007,LAMBA-LAMBA,407,0,17,38,41,38,44,41,37,23,34,26,30,13,7,7,2,9
SULAWESI BARAT,MAMUJU TENGAH,PANGALE,2008,KOMBILING,836,21,61,96,80,84,97,73,60,59,59,39,36,25,16,14,12,4
SULAWESI BARAT,MAMUJU TENGAH,PANGALE,2009,LEMO-LEMO,378,0,21,41,34,27,33,27,36,31,27,22,31,14,11,7,5,11
SULAWESI BARAT,MAMUJU TENGAH,BUDONG-BUDONG,2001,BABANA,3118,75,171,333,324,312,291,274,300,253,213,201,145,88,68,38,17,15
SULAWESI BARAT,MAMUJU TENGAH,BUDONG-BUDONG,2002,LUMU,1291,36,84,136,130,162,122,108,101,92,77,54,59,42,33,22,14,19
SULAWESI BARAT,MAMUJU TENGAH,BUDONG-BUDONG,2003,PONTANAKAYANG,1611,40,99,158,171,138,157,111,138,117,128,100,82,65,41,25,26,15
SULAWESI BARAT,MAMUJU TENGAH,BUDONG-BUDONG,2004,SALOGATTA,1722,50,103,168,141,146,179,142,125,149,142,103,81,60,62,35,18,18
SULAWESI BARAT,MAMUJU TENGAH,BUDONG-BUDONG,2005,KIRE,1050,6,43,110,103,97,123,73,80,86,85,60,57,40,28,29,13,17
SULAWESI BARAT,MAMUJU TENGAH,BUDONG-BUDONG,2006,TINALI,770,18,46,81,70,67,74,62,66,72,53,42,34,29,22,13,8,13
SULAWESI BARAT,MAMUJU TENGAH,BUDONG-BUDONG,2007,SALUMANURUNG,615,0,27,62,59,74,71,44,59,51,47,40,37,11,14,9,3,7
SULAWESI BARAT,MAMUJU TENGAH,BUDONG-BUDONG,2008,PASAPA,531,0,20,46,52,66,70,51,39,34,56,37,26,13,7,1,6,7
SULAWESI BARAT,MAMUJU TENGAH,BUDONG-BUDONG,2009,BOJO,890,21,44,112,77,97,93,70,74,62,77,60,40,32,10,10,5,6
SULAWESI BARAT,MAMUJU TENGAH,BUDONG-BUDONG,2010,BARAKKANG,581,3,22,59,59,56,66,60,48,49,40,48,23,15,18,4,3,8
SULAWESI BARAT,MAMUJU TENGAH,BUDONG-BUDONG,2011,LEMBAH HADA,244,0,7,27,31,20,19,21,20,28,16,23,9,12,5,3,2,1
SULAWESI BARAT,MAMUJU TENGAH,TOPOYO,2001,BUDONG-BUDONG,1110,29,46,107,114,139,109,101,74,106,85,73,43,28,25,17,6,8
SULAWESI BARAT,MAMUJU TENGAH,TOPOYO,2002,TOPOYO,4547,84,212,407,431,354,423,459,526,424,269,302,284,166,96,61,32,17
SULAWESI BARAT,MAMUJU TENGAH,TOPOYO,2003,TUMBU,1293,32,64,137,127,158,141,98,104,88,92,85,61,39,26,19,12,10
SULAWESI BARAT,MAMUJU TENGAH,TOPOYO,2004,KABUBU,717,0,25,82,61,63,57,69,82,58,46,44,44,42,15,11,11,7
SULAWESI BARAT,MAMUJU TENGAH,TOPOYO,2005,WAEPUTEH,936,35,53,94,77,73,88,89,90,87,71,58,39,27,26,15,10,4
SULAWESI BARAT,MAMUJU TENGAH,TOPOYO,2006,TANGKOU,320,0,8,18,31,38,28,24,30,38,28,24,21,16,13,1,1,1
SULAWESI BARAT,MAMUJU TENGAH,TOPOYO,2007,TABOLANG,1815,75,124,201,172,146,189,180,158,118,128,96,82,51,32,40,10,13
SULAWESI BARAT,MAMUJU TENGAH,TOPOYO,2008,PARAILI,474,0,15,42,57,47,40,54,54,41,33,30,26,17,11,3,1,3
SULAWESI BARAT,MAMUJU TENGAH,TOPOYO,2009,SALUPANGKANG,823,0,42,57,65,58,78,88,66,63,45,66,63,45,33,24,15,15
SULAWESI BARAT,MAMUJU TENGAH,TOPOYO,2010,SALUPANGKANG IV,215,15,15,18,10,16,29,25,14,21,11,11,8,6,5,5,3,3
SULAWESI BARAT,MAMUJU TENGAH,TOPOYO,2011,TAPPILINA,340,0,11,21,29,33,37,45,36,18,28,23,21,21,8,5,3,1
SULAWESI BARAT,MAMUJU TENGAH,TOPOYO,2012,BAMBAMANURUNG,356,0,11,43,29,33,40,36,30,34,35,35,10,12,4,2,0,2
SULAWESI BARAT,MAMUJU TENGAH,TOPOYO,2013,SALULEKBO,1431,17,80,121,154,149,141,113,136,122,128,108,82,38,20,9,4,9
SULAWESI BARAT,MAMUJU TENGAH,TOPOYO,2014,PANGALLOANG,749,0,52,78,85,84,81,67,60,63,50,38,34,21,15,5,7,9
SULAWESI BARAT,MAMUJU TENGAH,TOPOYO,2015,SINABATTA,431,0,23,45,41,54,44,37,35,34,29,39,22,9,9,2,4,4
SULAWESI BARAT,MAMUJU TENGAH,KAROSSA,2001,KAROSSA,2617,12,137,272,296,291,237,236,187,266,214,150,153,77,40,28,16,5
SULAWESI BARAT,MAMUJU TENGAH,KAROSSA,2002,TASOKKO,2132,59,132,211,224,261,248,176,145,157,131,124,90,63,48,26,17,20
SULAWESI BARAT,MAMUJU TENGAH,KAROSSA,2003,LARA,881,1,20,88,116,110,101,78,69,53,84,34,52,28,17,19,9,2
SULAWESI BARAT,MAMUJU TENGAH,KAROSSA,2004,KADAILA,799,0,38,71,57,83,89,78,62,45,54,63,53,46,34,10,11,5
SULAWESI BARAT,MAMUJU TENGAH,KAROSSA,2005,KAYU CALLA,332,7,11,29,31,31,48,28,20,17,31,15,27,16,11,4,2,4
SULAWESI BARAT,MAMUJU TENGAH,KAROSSA,2006,LEMBAH HOPO,451,0,27,55,48,47,53,42,29,31,31,23,21,20,18,1,1,4
SULAWESI BARAT,MAMUJU TENGAH,KAROSSA,2007,BENGGAULU,776,0,60,89,88,92,80,89,57,55,64,61,34,5,1,0,1,0
SULAWESI BARAT,MAMUJU TENGAH,KAROSSA,2008,SUKA MAJU,678,11,31,67,67,94,96,73,33,52,40,34,44,16,10,2,5,3
SULAWESI BARAT,MAMUJU TENGAH,KAROSSA,2009,KAMBUNONG,1257,17,67,118,145,164,154,113,76,97,91,58,61,33,29,10,12,12
SULAWESI BARAT,MAMUJU TENGAH,KAROSSA,2010,SALUBIRO,597,0,32,75,59,75,64,60,54,39,37,41,23,17,8,6,4,3
SULAWESI BARAT,MAMUJU TENGAH,KAROSSA,2011,SANJANGO,438,0,27,48,57,47,45,49,43,24,30,28,16,11,5,1,4,3
