PROVINSI,KABUPATEN,KECAMATAN,KELURAHAN,LUAS_WILAYAH,JUMLAH_PENDUDUK,KEPADATAN_PENDUDUK,KRS,BPJS,IDM
SULAWESI BARAT,MAJENE,BANGGAE,BANGGAE,2.27,4551,2004.85,190,609,
SULAWESI BARAT,MAJENE,BANGGAE,BARU,2.46,5625,2286.59,535,223,
SULAWESI BARAT,MAJENE,BANGGAE,GALUNG,2.14,3348,1564.49,329,478,
SULAWESI BARAT,MAJENE,BANGGAE,PALIPI SOREANG,4.12,2346,569.42,162,241,MAJU
SULAWESI BARAT,MAJENE,BANGGAE,PAMBOBORANG,3.11,2442,785.21,217,335,MAJU
SULAWESI BARAT,MAJENE,BANGGAE,PANGALI ALI,4.49,9461,2107.13,540,698,
SULAWESI BARAT,MAJENE,BANGGAE,RANGAS,2.23,7945,3562.78,625,690,
SULAWESI BARAT,MAJENE,BANGGAE,TOTOLI,4.33,5459,1260.74,528,278,
SULAWESI BARAT,MAJENE,BANGGAE TIMUR,BARUGA,6.28,1957,311.62,102,620,
SULAWESI BARAT,MAJENE,BANGGAE TIMUR,BARUGA DHUA,7.69,1500,195.06,115,569,
SULAWESI BARAT,MAJENE,BANGGAE TIMUR,BAURUNG,2.14,5066,2367.29,319,943,
SULAWESI BARAT,MAJENE,BANGGAE TIMUR,BUTTU BARUGA,1.34,869,648.51,89,607,BERKEMBANG
SULAWESI BARAT,MAJENE,BANGGAE TIMUR,LABUANG,0.26,4512,17353.85,201,602,
SULAWESI BARAT,MAJENE,BANGGAE TIMUR,LABUANG UTARA,1.15,4934,4290.43,362,976,
SULAWESI BARAT,MAJENE,BANGGAE TIMUR,LEMBANG,2.71,6313,2329.52,406,486,
SULAWESI BARAT,MAJENE,BANGGAE TIMUR,TANDE,4.82,1549,321.37,116,753,
SULAWESI BARAT,MAJENE,BANGGAE TIMUR,TANDE TIMUR,3.65,2048,561.1,102,813,
SULAWESI BARAT,MAJENE,MALUNDA,BAMBANGAN,4.63,1631,352.27,277,889,TERTINGGAL
SULAWESI BARAT,MAJENE,MALUNDA,KAYUANGIN,1.76,1655,940.34,133,672,BERKEMBANG
SULAWESI BARAT,MAJENE,MALUNDA,LAMUNGANG BATU,3.03,2005,661.72,194,419,
SULAWESI BARAT,MAJENE,MALUNDA,LOMBANG,12.83,1040,81.06,114,489,TERTINGGAL
SULAWESI BARAT,MAJENE,MALUNDA,LOMBANG TIMUR,75.9,898,11.83,173,132,TERTINGGAL
SULAWESI BARAT,MAJENE,MALUNDA,LOMBONG,2.69,2174,808.18,171,678,MAJU
SULAWESI BARAT,MAJENE,MALUNDA,LOMBONG TIMUR,3.34,1198,358.68,158,188,MAJU
SULAWESI BARAT,MAJENE,MALUNDA,MALIAYA,2.17,2164,997.24,111,367,BERKEMBANG
SULAWESI BARAT,MAJENE,MALUNDA,MALUNDA,4.29,2367,551.75,131,632,
SULAWESI BARAT,MAJENE,MALUNDA,MEKKATTA,22.6,2326,102.92,153,234,BERKEMBANG
SULAWESI BARAT,MAJENE,MALUNDA,MEKKATTA SELATAN,2.11,1065,504.74,98,732,BERKEMBANG
SULAWESI BARAT,MAJENE,MALUNDA,SALUTAHONGAN,10.74,1147,106.8,145,482,TERTINGGAL
SULAWESI BARAT,MAJENE,PAMBOANG,ADOLANG,7.37,1129,153.19,33,620,BERKEMBANG
SULAWESI BARAT,MAJENE,PAMBOANG,ADOLANG DHUA,11.15,1046,93.81,81,362,BERKEMBANG
SULAWESI BARAT,MAJENE,PAMBOANG,BABABULO,2.44,1894,776.23,172,560,BERKEMBANG
SULAWESI BARAT,MAJENE,PAMBOANG,BABABULO UTARA,2.33,1332,571.67,74,354,BERKEMBANG
SULAWESI BARAT,MAJENE,PAMBOANG,BALOMBONG,2.25,1382,614.22,56,974,BERKEMBANG
SULAWESI BARAT,MAJENE,PAMBOANG,BANUA ADOLANG,12.57,1182,94.03,84,181,SANGAT TERTINGGAL
SULAWESI BARAT,MAJENE,PAMBOANG,BETTENG,8.4,1164,138.57,90,134,TERTINGGAL
SULAWESI BARAT,MAJENE,PAMBOANG,BONDE,2.64,2554,967.42,157,653,MAJU
SULAWESI BARAT,MAJENE,PAMBOANG,BONDE UTARA,2.42,3822,1579.34,377,893,BERKEMBANG
SULAWESI BARAT,MAJENE,PAMBOANG,BUTTU PAMBOANG,4.92,955,194.11,41,165,BERKEMBANG
SULAWESI BARAT,MAJENE,PAMBOANG,LALAMPANUA,4.67,2019,432.33,79,918,
SULAWESI BARAT,MAJENE,PAMBOANG,PESULOANG,3.05,1050,344.26,47,555,BERKEMBANG
SULAWESI BARAT,MAJENE,PAMBOANG,SIMBANG,1.62,843,520.37,67,331,MAJU
SULAWESI BARAT,MAJENE,PAMBOANG,SIRINDU,2.45,1842,751.84,69,705,
SULAWESI BARAT,MAJENE,PAMBOANG,TINAMBUNG,2.63,2375,903.04,147,352,BERKEMBANG
SULAWESI BARAT,MAJENE,SENDANA,BANUA SENDANA,5.25,1676,319.24,214,418,
SULAWESI BARAT,MAJENE,SENDANA,BINANGA,8.44,789,93.48,26,654,
SULAWESI BARAT,MAJENE,SENDANA,BUKIT SAMANG,10.58,1452,137.24,82,385,
SULAWESI BARAT,MAJENE,SENDANA,LALATEDZONG,7.75,1143,147.48,65,746,MAJU
SULAWESI BARAT,MAJENE,SENDANA,LEPPANGANG,3.89,766,196.92,66,935,
SULAWESI BARAT,MAJENE,SENDANA,LIMBORO RAMBU-RAMBU,7.45,939,126.04,68,489,
SULAWESI BARAT,MAJENE,SENDANA,LIMBUA,7.17,2112,294.56,123,652,
SULAWESI BARAT,MAJENE,SENDANA,MOSSO,7.85,4551,579.75,154,125,BERKEMBANG
SULAWESI BARAT,MAJENE,SENDANA,MOSSO DHUA,10.87,1798,165.41,102,324,
SULAWESI BARAT,MAJENE,SENDANA,PAMINGGALAN,8.84,574,64.93,68,274,
SULAWESI BARAT,MAJENE,SENDANA,PUNDAU,11.72,692,59.04,27,426,
SULAWESI BARAT,MAJENE,SENDANA,PUTTADA,17.54,838,47.78,77,673,
SULAWESI BARAT,MAJENE,SENDANA,SENDANA,4.06,1048,258.13,134,485,
SULAWESI BARAT,MAJENE,SENDANA,TALLUBANUA,14.55,2149,147.7,174,659,TERTINGGAL
SULAWESI BARAT,MAJENE,SENDANA,TALLUBANUA UTARA,15.05,1758,116.81,87,142,
SULAWESI BARAT,MAJENE,SENDANA,TOTOLISI SENDANA,5.02,1810,360.56,64,717,BERKEMBANG
SULAWESI BARAT,MAJENE,TAMMERODO SENDANA,AWO,13.64,1804,132.26,268,891,
SULAWESI BARAT,MAJENE,TAMMERODO SENDANA,MANYAMBA,6.2,1414,228.06,170,784,
SULAWESI BARAT,MAJENE,TAMMERODO SENDANA,SEPPONG,8.15,1470,180.37,81,984,
SULAWESI BARAT,MAJENE,TAMMERODO SENDANA,TALLAMBALAO,15.47,1948,125.92,178,794,
SULAWESI BARAT,MAJENE,TAMMERODO SENDANA,TAMMERODO,3.6,2184,606.67,200,345,
SULAWESI BARAT,MAJENE,TAMMERODO SENDANA,TAMMERODO UTARA,2.83,2057,726.86,244,675,
SULAWESI BARAT,MAJENE,TAMMERODO SENDANA,ULIDANG,5.51,2060,373.87,114,984,
SULAWESI BARAT,MAJENE,TUBO SENDANA,BONDE BONDE,2.71,931,343.54,68,538,
SULAWESI BARAT,MAJENE,TUBO SENDANA,ONANG,13.64,3734,273.75,319,607,
SULAWESI BARAT,MAJENE,TUBO SENDANA,ONANG UTARA,3.63,1187,327,67,975,
SULAWESI BARAT,MAJENE,TUBO SENDANA,TUBO,3.38,1132,334.91,55,994,
SULAWESI BARAT,MAJENE,TUBO SENDANA,TUBO POANG,5.01,921,183.83,59,468,
SULAWESI BARAT,MAJENE,TUBO SENDANA,TUBO SELATAN,6.92,920,132.95,52,794,
SULAWESI BARAT,MAJENE,TUBO SENDANA,TUBO TENGAH,5.88,1034,175.85,52,621,
SULAWESI BARAT,MAJENE,ULUMANDA,KABIRAAN,25.62,1332,51.99,132,586,
SULAWESI BARAT,MAJENE,ULUMANDA,PANGGALO,69.53,1117,16.07,143,946,
SULAWESI BARAT,MAJENE,ULUMANDA,POPENGA,126.69,993,7.84,81,680,
SULAWESI BARAT,MAJENE,ULUMANDA,SALUTAMBUNG,36.26,1283,35.38,63,119,
SULAWESI BARAT,MAJENE,ULUMANDA,SAMBABO,20.88,1072,51.34,84,535,
SULAWESI BARAT,MAJENE,ULUMANDA,SULAI,12.52,938,74.92,17,116,
SULAWESI BARAT,MAJENE,ULUMANDA,TANDEALLO,58.89,1311,22.26,99,153,
SULAWESI BARAT,MAJENE,ULUMANDA,ULUMANDA,105.61,1138,10.78,167,242,
SULAWESI BARAT,MAMASA,ARALLE,ARALLE,5.27,948,179.89,76,479,
SULAWESI BARAT,MAMASA,ARALLE,ARALLE SELATAN,5.27,283,53.7,26,946,
SULAWESI BARAT,MAMASA,ARALLE,ARALLE UTARA,30.31,625,20.62,50,236,
SULAWESI BARAT,MAMASA,ARALLE,BARURU,40.42,627,15.51,82,257,
SULAWESI BARAT,MAMASA,ARALLE,HAHANGAN,8.79,288,32.76,24,247,
SULAWESI BARAT,MAMASA,ARALLE,KALABE,7.03,503,71.55,64,250,
SULAWESI BARAT,MAMASA,ARALLE,PAMOSEANG PANGGA,12.3,231,18.78,41,203,
SULAWESI BARAT,MAMASA,ARALLE,PANETEAN,29.87,524,17.54,24,285,
SULAWESI BARAT,MAMASA,ARALLE,RALLE ANAK,5.27,261,49.53,20,926,
SULAWESI BARAT,MAMASA,ARALLE,RALLEANAK UTARA,3.95,343,86.84,35,203,
SULAWESI BARAT,MAMASA,ARALLE,UHAIDAHO,8.79,675,76.79,51,934,
SULAWESI BARAT,MAMASA,ARALLE,UHAILANU,9.59,736,76.75,80,691,
SULAWESI BARAT,MAMASA,BALLA,BALLA,6.79,1136,167.3,39,232,
SULAWESI BARAT,MAMASA,BALLA,BALLA BARAT,5.33,668,125.33,62,270,
SULAWESI BARAT,MAMASA,BALLA,BALLA SATANETEAN,16.57,943,56.91,70,898,
SULAWESI BARAT,MAMASA,BALLA,BALLA TIMUR,3.32,226,68.07,43,148,
SULAWESI BARAT,MAMASA,BALLA,BALLA TUMUKA,10.05,777,77.31,106,953,
SULAWESI BARAT,MAMASA,BALLA,BAMBAPUANG,4.33,481,111.09,17,550,
SULAWESI BARAT,MAMASA,BALLA,PIDARA,5.07,452,89.15,55,756,
SULAWESI BARAT,MAMASA,BALLA,SEPAKUAN,8.07,1065,131.97,117,549,
SULAWESI BARAT,MAMASA,BAMBANG,BALATANA,2.27,381,167.84,61,351,
SULAWESI BARAT,MAMASA,BAMBANG,BAMBANG,5.33,1153,216.32,101,816,
SULAWESI BARAT,MAMASA,BAMBANG,BAMBANG TIMUR,2.84,629,221.48,93,467,
SULAWESI BARAT,MAMASA,BAMBANG,LIMBADEBATA,7.29,610,83.68,17,554,
SULAWESI BARAT,MAMASA,BAMBANG,MASOSO,6.81,404,59.32,10,632,
SULAWESI BARAT,MAMASA,BAMBANG,MINANGA,2.27,1207,531.72,138,127,
SULAWESI BARAT,MAMASA,BAMBANG,MOKALLANG,4.76,464,97.48,52,638,
SULAWESI BARAT,MAMASA,BAMBANG,RANTELEMO,2.27,367,161.67,3,241,
SULAWESI BARAT,MAMASA,BAMBANG,RANTETARIMA,8.85,292,32.99,29,131,
SULAWESI BARAT,MAMASA,BAMBANG,SALUASSING,3.74,873,233.42,9,427,
SULAWESI BARAT,MAMASA,BAMBANG,SALUBULO,3.74,449,120.05,36,150,
SULAWESI BARAT,MAMASA,BAMBANG,SALUDENGEN,8.73,476,54.52,38,155,
SULAWESI BARAT,MAMASA,BAMBANG,SALUKADI,5.67,618,108.99,13,260,
SULAWESI BARAT,MAMASA,BAMBANG,SALUKEPOPOK,1.7,862,507.06,48,504,
SULAWESI BARAT,MAMASA,BAMBANG,SALURURU,1.42,240,169.01,0,160,
SULAWESI BARAT,MAMASA,BAMBANG,SALUTABANG,3.18,310,97.48,35,152,
SULAWESI BARAT,MAMASA,BAMBANG,SIKAMASE,21.33,396,18.57,44,933,
SULAWESI BARAT,MAMASA,BAMBANG,TANETE TOMBA,2.84,336,118.31,13,900,
SULAWESI BARAT,MAMASA,BAMBANG,ULUMAMBI,33.11,703,21.23,104,772,
SULAWESI BARAT,MAMASA,BAMBANG,ULUMAMBI BARAT,8.02,609,75.94,36,238,
SULAWESI BARAT,MAMASA,BUNTUMALANGKA,ARALLE TIMUR,26.36,696,26.4,90,108,
SULAWESI BARAT,MAMASA,BUNTUMALANGKA,BUNTUMALANGKA,14.06,965,68.63,60,787,
SULAWESI BARAT,MAMASA,BUNTUMALANGKA,KABAE,18.45,460,24.93,8,873,
SULAWESI BARAT,MAMASA,BUNTUMALANGKA,KEBANGA,15.82,532,33.63,76,500,
SULAWESI BARAT,MAMASA,BUNTUMALANGKA,PENATANGAN,13.18,834,63.28,118,908,
SULAWESI BARAT,MAMASA,BUNTUMALANGKA,RANTEBERAN,35.58,1106,31.08,95,437,
SULAWESI BARAT,MAMASA,BUNTUMALANGKA,SALURINDU,29.43,417,14.17,37,181,
SULAWESI BARAT,MAMASA,BUNTUMALANGKA,SALUTAMBUN,12.3,509,41.38,40,925,
SULAWESI BARAT,MAMASA,BUNTUMALANGKA,SALUTAMBUN BARAT,12.3,531,43.17,59,792,
SULAWESI BARAT,MAMASA,BUNTUMALANGKA,SALUTAMBUN TIMUR,14.06,395,28.09,8,770,
SULAWESI BARAT,MAMASA,BUNTUMALANGKA,TAORA,20.17,443,21.96,56,516,
SULAWESI BARAT,MAMASA,MAMASA,BOMBONG LAMBE,10.15,1258,123.94,145,350,
SULAWESI BARAT,MAMASA,MAMASA,BUBUN BATU,3.98,920,231.16,93,811,
SULAWESI BARAT,MAMASA,MAMASA,BUNTU BUDA,6.98,2503,358.6,180,800,
SULAWESI BARAT,MAMASA,MAMASA,LAMBANAN,88.31,2327,26.35,176,893,
SULAWESI BARAT,MAMASA,MAMASA,LEMBANA SALULO,4.03,700,173.7,28,780,
SULAWESI BARAT,MAMASA,MAMASA,MAMASA,7.11,2937,413.08,178,467,
SULAWESI BARAT,MAMASA,MAMASA,MAMBULILING,16.08,908,56.47,99,367,
SULAWESI BARAT,MAMASA,MAMASA,OSANGO,11.54,3539,306.67,240,912,
SULAWESI BARAT,MAMASA,MAMASA,PEBASSIAN,6.93,428,61.76,65,418,
SULAWESI BARAT,MAMASA,MAMASA,RAMBUSARATU,36.02,1770,49.14,44,104,
SULAWESI BARAT,MAMASA,MAMASA,TAUPE,22.94,1758,76.63,267,765,
SULAWESI BARAT,MAMASA,MAMASA,TONDOK BAKARU,36,2073,57.58,58,797,
SULAWESI BARAT,MAMASA,MAMBI,BUJUNG MANURUNG,3.9,344,88.21,48,466,
SULAWESI BARAT,MAMASA,MAMBI,INDOBANUA,15,339,22.6,36,884,
SULAWESI BARAT,MAMASA,MAMBI,MAMBI,6.4,1489,232.66,70,560,
SULAWESI BARAT,MAMASA,MAMBI,PAMOSEAN,13.86,386,27.85,59,782,
SULAWESI BARAT,MAMASA,MAMBI,RANTEBULAHAN,6.03,520,86.24,86,253,
SULAWESI BARAT,MAMASA,MAMBI,SALU ALO,6,561,93.5,80,334,
SULAWESI BARAT,MAMASA,MAMBI,SALUBANUA,32.06,290,9.05,7,753,
SULAWESI BARAT,MAMASA,MAMBI,SALUDURIAN,10,499,49.9,76,815,
SULAWESI BARAT,MAMASA,MAMBI,SELUMAKA,14.35,926,64.53,25,269,
SULAWESI BARAT,MAMASA,MAMBI,SENDANA,3.1,922,297.42,103,839,
SULAWESI BARAT,MAMASA,MAMBI,SONDONGLAYU,4,498,124.5,55,266,
SULAWESI BARAT,MAMASA,MAMBI,TALIPUKKI,15.07,1148,76.18,132,556,
SULAWESI BARAT,MAMASA,MAMBI,TAPALINA,8.26,652,78.93,79,752,
SULAWESI BARAT,MAMASA,MEHALAAN,BOTTENG,22.23,451,20.29,59,129,
SULAWESI BARAT,MAMASA,MEHALAAN,KONDO,14.5,251,17.31,44,320,
SULAWESI BARAT,MAMASA,MEHALAAN,LEKO SUKAMAJU,7.71,197,25.55,28,583,
SULAWESI BARAT,MAMASA,MEHALAAN,MEHALAAN,13.98,362,25.89,28,338,
SULAWESI BARAT,MAMASA,MEHALAAN,MEHALAAN BARAT,32.32,569,17.61,30,650,
SULAWESI BARAT,MAMASA,MEHALAAN,MESAKADA,8.82,459,52.04,8,831,
SULAWESI BARAT,MAMASA,MEHALAAN,PASSEMBUK,22.04,204,9.26,37,813,
SULAWESI BARAT,MAMASA,MEHALAAN,SALUAHOK,5.88,485,82.48,53,966,
SULAWESI BARAT,MAMASA,MEHALAAN,SALUBALO,8.5,294,34.59,20,399,
SULAWESI BARAT,MAMASA,MEHALAAN,SALUKONTA,19.25,457,23.74,42,691,
SULAWESI BARAT,MAMASA,MEHALAAN,ULUMEA,7.2,213,29.58,32,207,
SULAWESI BARAT,MAMASA,MESSAWA,MAKUANG,12.5,864,69.12,59,166,
SULAWESI BARAT,MAMASA,MESSAWA,MALIMBONG,18.14,391,21.55,3,116,
SULAWESI BARAT,MAMASA,MESSAWA,MATANDE,18.13,550,30.34,3,617,
SULAWESI BARAT,MAMASA,MESSAWA,MESSAWA,11.58,541,46.72,21,317,
SULAWESI BARAT,MAMASA,MESSAWA,PASMA MAMBU,11.58,538,46.46,44,386,
SULAWESI BARAT,MAMASA,MESSAWA,RIPPUNG,48.77,1156,23.7,8,358,
SULAWESI BARAT,MAMASA,MESSAWA,SEPANG,7.3,666,91.23,11,988,
SULAWESI BARAT,MAMASA,MESSAWA,SIPAI,15.09,689,45.66,34,333,
SULAWESI BARAT,MAMASA,MESSAWA,TANETE BATU,7.79,588,75.48,2,464,
SULAWESI BARAT,MAMASA,NOSU,BATUPAPAN,20.14,1039,51.59,132,260,
SULAWESI BARAT,MAMASA,NOSU,MASEWWE,14.17,656,46.29,105,381,
SULAWESI BARAT,MAMASA,NOSU,MINANGA,16.37,328,20.04,33,147,
SULAWESI BARAT,MAMASA,NOSU,MINANGA TIMUR,18.61,536,28.8,64,248,
SULAWESI BARAT,MAMASA,NOSU,NOSU,17.88,883,49.38,37,724,
SULAWESI BARAT,MAMASA,NOSU,PARINDING,9.03,305,33.78,32,930,
SULAWESI BARAT,MAMASA,NOSU,SIWI,17.13,494,28.84,57,620,
SULAWESI BARAT,MAMASA,PANA,DATUBARINGAN,7.65,951,124.31,127,686,
SULAWESI BARAT,MAMASA,PANA,KARAKA,6.21,604,97.26,54,635,
SULAWESI BARAT,MAMASA,PANA,MAMULLU,8.13,815,100.25,94,537,
SULAWESI BARAT,MAMASA,PANA,MANIPI,6.69,1218,182.06,156,435,
SULAWESI BARAT,MAMASA,PANA,PANA,8.13,579,71.22,69,501,
SULAWESI BARAT,MAMASA,PANA,PANURA,5.74,692,120.56,77,988,
SULAWESI BARAT,MAMASA,PANA,SALOAN,23.81,816,34.27,116,466,
SULAWESI BARAT,MAMASA,PANA,SALUTAMBUN,25.08,599,23.88,54,442,
SULAWESI BARAT,MAMASA,PANA,SAPAN,7.17,642,89.54,59,557,
SULAWESI BARAT,MAMASA,PANA,TALLANG BULAWAN,6.21,692,111.43,84,994,
SULAWESI BARAT,MAMASA,PANA,ULUSALU,34.52,525,15.21,69,185,
SULAWESI BARAT,MAMASA,PANA,ULUSALU INDAH,13.85,531,38.34,39,845,
SULAWESI BARAT,MAMASA,PANA,WERI,27.36,499,18.24,51,209,
SULAWESI BARAT,MAMASA,RANTEBULAHAN TIMUR,BAMBANG BUDA,1.58,881,557.59,29,985,
SULAWESI BARAT,MAMASA,RANTEBULAHAN TIMUR,BUANGIN,6.13,831,135.56,88,253,
SULAWESI BARAT,MAMASA,RANTEBULAHAN TIMUR,KIRAK,7.13,568,79.66,89,224,
SULAWESI BARAT,MAMASA,RANTEBULAHAN TIMUR,LEKO,1.19,230,193.28,27,812,
SULAWESI BARAT,MAMASA,RANTEBULAHAN TIMUR,SALUMOKANAN,5.24,686,130.92,83,675,
SULAWESI BARAT,MAMASA,RANTEBULAHAN TIMUR,SALUMOKANAN BARAT,1.58,912,577.22,99,295,
SULAWESI BARAT,MAMASA,RANTEBULAHAN TIMUR,SALUMOKANAN UTARA,7.86,794,101.02,54,402,
SULAWESI BARAT,MAMASA,RANTEBULAHAN TIMUR,SAMPALE,1.16,398,343.1,48,568,
SULAWESI BARAT,MAMASA,SESENAPADANG,LISUAN ADA,14.94,648,43.37,62,981,
SULAWESI BARAT,MAMASA,SESENAPADANG,MALANGKENA PADANG,21.09,614,29.11,80,649,
SULAWESI BARAT,MAMASA,SESENAPADANG,MALIMBONG,13.03,264,20.26,25,666,
SULAWESI BARAT,MAMASA,SESENAPADANG,MARAMPAN OROBUA,10.07,409,40.62,24,155,
SULAWESI BARAT,MAMASA,SESENAPADANG,OROBUA,14.44,1720,119.11,145,194,
SULAWESI BARAT,MAMASA,SESENAPADANG,OROBUA SELATAN,15.16,544,35.88,70,356,
SULAWESI BARAT,MAMASA,SESENAPADANG,OROBUA TIMUR,15.54,411,26.45,32,574,
SULAWESI BARAT,MAMASA,SESENAPADANG,PALADAN,11.33,590,52.07,69,504,
SULAWESI BARAT,MAMASA,SESENAPADANG,RANTE PUANG,18.3,1174,64.15,84,312,
SULAWESI BARAT,MAMASA,SESENAPADANG,SATENETEAN,17.09,459,26.86,54,908,
SULAWESI BARAT,MAMASA,SUMARORONG,BANEA,23.9,779,32.59,85,491,
SULAWESI BARAT,MAMASA,SUMARORONG,BATANG URU,30.9,1052,34.05,14,219,
SULAWESI BARAT,MAMASA,SUMARORONG,BATANGNGURU TIMUR,39.83,954,23.95,68,555,
SULAWESI BARAT,MAMASA,SUMARORONG,RANTE KAMASE,15.22,1367,89.82,44,477,
SULAWESI BARAT,MAMASA,SUMARORONG,SALUBALO,17.83,961,53.9,80,152,
SULAWESI BARAT,MAMASA,SUMARORONG,SASAKAN,37.72,1303,34.54,113,721,
SULAWESI BARAT,MAMASA,SUMARORONG,SIBANAWA,29.43,1079,36.66,88,664,
SULAWESI BARAT,MAMASA,SUMARORONG,SUMARORONG,14.06,1501,106.76,31,113,
SULAWESI BARAT,MAMASA,SUMARORONG,TABONE,15.79,1022,64.72,66,828,
SULAWESI BARAT,MAMASA,SUMARORONG,TADISI,29.32,562,19.17,22,435,
SULAWESI BARAT,MAMASA,TABANG,BAKADISURA,13,1183,91,131,291,
SULAWESI BARAT,MAMASA,TABANG,KALAMA,55.4,757,13.66,100,338,
SULAWESI BARAT,MAMASA,TABANG,MASUPU,31.5,613,19.46,88,688,
SULAWESI BARAT,MAMASA,TABANG,SALUKONA,83.32,599,7.19,100,559,
SULAWESI BARAT,MAMASA,TABANG,TABANG,18.76,1495,79.69,148,561,
SULAWESI BARAT,MAMASA,TABANG,TABANG BARAT,30.6,2561,83.69,288,553,
SULAWESI BARAT,MAMASA,TABANG,TADOKALUA,71.93,1203,16.72,125,516,
SULAWESI BARAT,MAMASA,TABULAHAN,BURANA,56.75,753,13.27,106,491,
SULAWESI BARAT,MAMASA,TABULAHAN,GANDANG DEWATA,46.82,280,5.98,38,623,
SULAWESI BARAT,MAMASA,TABULAHAN,LAKAHANG,57.46,1832,31.88,303,851,
SULAWESI BARAT,MAMASA,TABULAHAN,LAKAHANG UTAMA,3.78,535,141.53,31,647,
SULAWESI BARAT,MAMASA,TABULAHAN,MALATIRO,30.27,1333,44.04,87,565,
SULAWESI BARAT,MAMASA,TABULAHAN,PANGANDARAN,41.62,761,18.28,152,800,
SULAWESI BARAT,MAMASA,TABULAHAN,PERIANGAN,56.04,459,8.19,47,859,
SULAWESI BARAT,MAMASA,TABULAHAN,PEU',51.2,302,5.9,16,945,
SULAWESI BARAT,MAMASA,TABULAHAN,SALUBAKKA,28.37,546,19.25,13,599,
SULAWESI BARAT,MAMASA,TABULAHAN,SALULEANG,46.82,342,7.3,50,913,
SULAWESI BARAT,MAMASA,TABULAHAN,TABULAHAN,43.34,413,9.53,59,499,
SULAWESI BARAT,MAMASA,TABULAHAN,TALOPAK,28.61,353,12.34,14,453,
SULAWESI BARAT,MAMASA,TABULAHAN,TAMPAK KURRA,18.14,989,54.52,120,794,
SULAWESI BARAT,MAMASA,TABULAHAN,TIMORO,4.73,252,53.28,13,745,
SULAWESI BARAT,MAMASA,TANDUK KALUA,BALLABATU,5.02,1097,218.53,138,585,
SULAWESI BARAT,MAMASA,TANDUK KALUA,KANAN,12.63,879,69.6,120,946,
SULAWESI BARAT,MAMASA,TANDUK KALUA,MALABO,6.17,588,95.3,35,898,
SULAWESI BARAT,MAMASA,TANDUK KALUA,MANNABABA,8.36,588,70.33,79,710,
SULAWESI BARAT,MAMASA,TANDUK KALUA,MESAKADA,17.14,822,47.96,83,119,
SULAWESI BARAT,MAMASA,TANDUK KALUA,MINAKE,12.64,1060,83.86,73,103,
SULAWESI BARAT,MAMASA,TANDUK KALUA,PAMBE,5.74,668,116.38,41,469,
SULAWESI BARAT,MAMASA,TANDUK KALUA,PARONDOBULAWAN,10.36,960,92.66,97,177,
SULAWESI BARAT,MAMASA,TANDUK KALUA,SALURANO,4.47,609,136.24,60,458,
SULAWESI BARAT,MAMASA,TANDUK KALUA,SINDAGAMANIK,16.27,1181,72.59,142,654,
SULAWESI BARAT,MAMASA,TANDUK KALUA,TALIMBUNG,6.54,692,105.81,103,252,
SULAWESI BARAT,MAMASA,TANDUK KALUA,TAMALANTIK,15.51,1021,65.83,158,531,
SULAWESI BARAT,MAMASA,TAWALIAN,KARIANGO,11.9,1509,126.81,115,438,
SULAWESI BARAT,MAMASA,TAWALIAN,RANTETANGNGA,9.01,1435,159.27,71,248,
SULAWESI BARAT,MAMASA,TAWALIAN,TAWALIAN,11.58,2538,219.17,145,452,
SULAWESI BARAT,MAMASA,TAWALIAN,TAWALIAN TIMUR,13.5,2021,149.7,221,228,
SULAWESI BARAT,MAMUJU,BONEHAU,BANUADA,112.89,576,5.1,23,309,
SULAWESI BARAT,MAMUJU,BONEHAU,BONEHAU,153.47,1143,7.45,132,741,
SULAWESI BARAT,MAMUJU,BONEHAU,BUTTUADA,206.02,1133,5.5,195,482,
SULAWESI BARAT,MAMUJU,BONEHAU,HINUA,29.64,697,23.52,59,721,
SULAWESI BARAT,MAMUJU,BONEHAU,KINATANG,225.52,633,2.81,86,436,
SULAWESI BARAT,MAMUJU,BONEHAU,LUMIKA,23.17,772,33.32,71,462,
SULAWESI BARAT,MAMUJU,BONEHAU,MAPPU,51.94,592,11.4,68,716,
SULAWESI BARAT,MAMUJU,BONEHAU,SALUTIWO,50.28,765,15.21,83,742,
SULAWESI BARAT,MAMUJU,BONEHAU,TAMALEA,21.51,394,18.32,62,101,
SULAWESI BARAT,MAMUJU,KALUKKU,BEBANGA,64.31,7792,121.16,509,479,
SULAWESI BARAT,MAMUJU,KALUKKU,BELANG BELANG,87.74,3496,39.84,91,683,
SULAWESI BARAT,MAMUJU,KALUKKU,BERU-BERU,14.41,5105,354.27,99,925,
SULAWESI BARAT,MAMUJU,KALUKKU,GULILING,40.91,1467,35.86,252,640,
SULAWESI BARAT,MAMUJU,KALUKKU,KABULOANG,26.3,3570,135.74,97,195,
SULAWESI BARAT,MAMUJU,KALUKKU,KALUKKU,11.46,4522,394.59,192,718,
SULAWESI BARAT,MAMUJU,KALUKKU,KALUKKU BARAT,10.41,4153,398.94,137,642,
SULAWESI BARAT,MAMUJU,KALUKKU,KEANG,45.89,4523,98.56,610,932,
SULAWESI BARAT,MAMUJU,KALUKKU,PAMMULUKANG,26.09,1744,66.85,277,828,
SULAWESI BARAT,MAMUJU,KALUKKU,POKKANG,17.35,2267,130.66,101,350,
SULAWESI BARAT,MAMUJU,KALUKKU,SINYONYOI,14.84,5310,357.82,112,618,
SULAWESI BARAT,MAMUJU,KALUKKU,SINYONYOI SELATAN,42.81,3978,92.92,694,453,
SULAWESI BARAT,MAMUJU,KALUKKU,SONDOANG,25.24,2170,85.97,223,980,
SULAWESI BARAT,MAMUJU,KALUKKU,UHAIMATE,24.91,833,33.44,238,181,
SULAWESI BARAT,MAMUJU,KALUMPANG,BATU MAKKADA,90.09,901,10,68,673,
SULAWESI BARAT,MAMUJU,KALUMPANG,KALUMPANG,250.62,415,1.66,286,755,
SULAWESI BARAT,MAMUJU,KALUMPANG,KARAMA,56.03,931,16.62,239,904,
SULAWESI BARAT,MAMUJU,KALUMPANG,KARATAUN,179.61,1322,7.36,256,938,
SULAWESI BARAT,MAMUJU,KALUMPANG,KONDO BULO,237.47,869,3.66,418,512,
SULAWESI BARAT,MAMUJU,KALUMPANG,LASA',170.44,681,4,207,903,
SULAWESI BARAT,MAMUJU,KALUMPANG,LIMBONG,107.2,780,7.28,156,438,
SULAWESI BARAT,MAMUJU,KALUMPANG,MAKKALIKI,60.9,505,8.29,578,546,
SULAWESI BARAT,MAMUJU,KALUMPANG,POLIO,32.43,628,19.36,322,723,
SULAWESI BARAT,MAMUJU,KALUMPANG,SALUMAKKI,330.61,706,2.14,150,322,
SULAWESI BARAT,MAMUJU,KALUMPANG,SANDAPANG,117.83,715,6.07,116,453,
SULAWESI BARAT,MAMUJU,KALUMPANG,SIRAUN,127.2,319,2.51,136,119,
SULAWESI BARAT,MAMUJU,KALUMPANG,TUMOGA,41.08,866,21.08,11,300,
SULAWESI BARAT,MAMUJU,KEP. BALA BALAKANG,BALA BALAKANG,0.74,2179,2944.59,81,168,
SULAWESI BARAT,MAMUJU,KEP. BALA BALAKANG,BALA-BALAKANG TIMUR,0.73,768,1052.05,226,938,
SULAWESI BARAT,MAMUJU,MAMUJU,BAMBU,18.36,5028,273.86,136,422,
SULAWESI BARAT,MAMUJU,MAMUJU,BATU PANNU,12.92,1460,113,76,789,
SULAWESI BARAT,MAMUJU,MAMUJU,BINANGA,40.78,13269,325.38,59,602,
SULAWESI BARAT,MAMUJU,MAMUJU,KARAMPUANG,7.62,3251,426.64,85,257,
SULAWESI BARAT,MAMUJU,MAMUJU,KAREMA,62.91,8564,136.13,103,654,
SULAWESI BARAT,MAMUJU,MAMUJU,MAMUNYU,57.48,5803,100.96,122,955,
SULAWESI BARAT,MAMUJU,MAMUJU,RIMUKU,12.72,7713,606.37,103,217,
SULAWESI BARAT,MAMUJU,MAMUJU,TADUI,34.87,3371,96.67,58,498,
SULAWESI BARAT,MAMUJU,PAPALANG,BATU AMPA,30.35,1361,44.84,66,367,
SULAWESI BARAT,MAMUJU,PAPALANG,BODA-BODA,11.89,1409,118.5,139,801,
SULAWESI BARAT,MAMUJU,PAPALANG,BONDA,31.88,2271,71.24,52,744,
SULAWESI BARAT,MAMUJU,PAPALANG,PAPALANG,31.06,4915,158.24,211,356,
SULAWESI BARAT,MAMUJU,PAPALANG,SALUKAYU,23.87,1781,74.61,220,622,
SULAWESI BARAT,MAMUJU,PAPALANG,SISANGO,19.36,752,38.84,19,290,
SULAWESI BARAT,MAMUJU,PAPALANG,SUKADAMAI,5.37,746,138.92,120,190,
SULAWESI BARAT,MAMUJU,PAPALANG,TOABO,15.89,4153,261.36,78,713,
SULAWESI BARAT,MAMUJU,PAPALANG,TOPORE,31.7,2916,91.99,59,360,
SULAWESI BARAT,MAMUJU,SAMPAGA,BUNDE,17.46,3820,218.79,50,111,
SULAWESI BARAT,MAMUJU,SAMPAGA,KALONDING,46,3083,67.02,86,966,
SULAWESI BARAT,MAMUJU,SAMPAGA,LOSSO,7.94,1013,127.58,425,635,
SULAWESI BARAT,MAMUJU,SAMPAGA,SALUBARANA,9.53,739,77.54,304,362,
SULAWESI BARAT,MAMUJU,SAMPAGA,SAMPAGA,8.18,1427,174.45,114,933,
SULAWESI BARAT,MAMUJU,SAMPAGA,TANAMBUAH,8.68,555,63.94,355,788,
SULAWESI BARAT,MAMUJU,SAMPAGA,TARAILU,13.06,2930,224.35,109,694,
SULAWESI BARAT,MAMUJU,SIMBORO,BOTTENG,29.88,1668,55.82,850,110,
SULAWESI BARAT,MAMUJU,SIMBORO,BOTTENG UTARA,16.3,2418,148.34,197,672,
SULAWESI BARAT,MAMUJU,SIMBORO,PATI'DI,6.21,1561,251.37,572,602,
SULAWESI BARAT,MAMUJU,SIMBORO,RANGAS,33.77,4813,142.52,600,271,
SULAWESI BARAT,MAMUJU,SIMBORO,SALETTO,8.92,3559,398.99,493,627,
SULAWESI BARAT,MAMUJU,SIMBORO,SIMBORO,11.03,16030,1453.31,375,669,
SULAWESI BARAT,MAMUJU,SIMBORO,SUMARE,14.31,2648,185.05,115,102,
SULAWESI BARAT,MAMUJU,SIMBORO,TAPANDULLU,12.05,746,61.91,103,633,
SULAWESI BARAT,MAMUJU,TAPALANG,BELA,69.65,494,7.09,46,754,
SULAWESI BARAT,MAMUJU,TAPALANG,DAYANGINNA,11.08,1520,137.18,34,510,
SULAWESI BARAT,MAMUJU,TAPALANG,GALUNG,29.19,2802,95.99,131,824,
SULAWESI BARAT,MAMUJU,TAPALANG,KASAMBANG,16.08,2601,161.75,54,753,
SULAWESI BARAT,MAMUJU,TAPALANG,KOPEANG,22.8,689,30.22,95,729,
SULAWESI BARAT,MAMUJU,TAPALANG,OROBATU,7.48,1076,143.85,42,553,
SULAWESI BARAT,MAMUJU,TAPALANG,RANTEDODA,44.91,833,18.55,55,339,
SULAWESI BARAT,MAMUJU,TAPALANG,TAAN,30.06,3373,112.21,81,506,
SULAWESI BARAT,MAMUJU,TAPALANG,TAKANDEANG,15.67,2480,158.26,77,947,
SULAWESI BARAT,MAMUJU,TAPALANG,TAMPALANG,26.1,2238,85.75,168,524,
SULAWESI BARAT,MAMUJU,TAPALANG BARAT,AHU,6.62,1265,191.09,672,662,
SULAWESI BARAT,MAMUJU,TAPALANG BARAT,DUNGKAIT,22.69,2028,89.38,163,498,
SULAWESI BARAT,MAMUJU,TAPALANG BARAT,LABUANG RANO,18.39,3073,167.1,63,559,
SULAWESI BARAT,MAMUJU,TAPALANG BARAT,LEBANI,22.65,1499,66.18,38,410,
SULAWESI BARAT,MAMUJU,TAPALANG BARAT,PANGASAAN,11.02,886,80.4,127,333,
SULAWESI BARAT,MAMUJU,TAPALANG BARAT,PASABU,17.03,1484,87.14,188,116,
SULAWESI BARAT,MAMUJU,TAPALANG BARAT,TANETE PAO,11.23,415,36.95,110,447,
SULAWESI BARAT,MAMUJU,TOMMO,BUANA SAKTI,14.47,1394,96.34,284,146,
SULAWESI BARAT,MAMUJU,TOMMO,CAMPALOGA,49.57,1957,39.48,96,895,
SULAWESI BARAT,MAMUJU,TOMMO,KAKULLASANG,29.4,2768,94.15,29,467,
SULAWESI BARAT,MAMUJU,TOMMO,KALEPU,12.16,611,50.25,121,108,
SULAWESI BARAT,MAMUJU,TOMMO,LELING,243.83,685,2.81,47,111,
SULAWESI BARAT,MAMUJU,TOMMO,LELING BARAT,109.37,1136,10.39,149,679,
SULAWESI BARAT,MAMUJU,TOMMO,LELING UTARA,151.55,979,6.46,199,978,
SULAWESI BARAT,MAMUJU,TOMMO,MALINO,10.24,530,51.76,312,565,
SULAWESI BARAT,MAMUJU,TOMMO,RANTEMARIO,19.63,1100,56.04,144,486,
SULAWESI BARAT,MAMUJU,TOMMO,SALUDENGEN,39.1,1043,26.68,465,319,
SULAWESI BARAT,MAMUJU,TOMMO,SANDANA,21.24,685,32.25,410,720,
SULAWESI BARAT,MAMUJU,TOMMO,TAMEJARRA,24.32,1272,52.3,1150,178,
SULAWESI BARAT,MAMUJU,TOMMO,TAMEMONGGA,25.4,1246,49.06,324,246,
SULAWESI BARAT,MAMUJU,TOMMO,TOMMO,19.4,1675,86.34,38,485,
SULAWESI BARAT,MAMUJU TENGAH,BUDONG-BUDONG,BABANA,41.17,6390,155.21,71,511,MANDIRI
SULAWESI BARAT,MAMUJU TENGAH,BUDONG-BUDONG,BARAKKANG,41.35,1236,29.89,149,962,BERKEMBANG
SULAWESI BARAT,MAMUJU TENGAH,BUDONG-BUDONG,BOJO,32.89,1830,55.64,179,622,BERKEMBANG
SULAWESI BARAT,MAMUJU TENGAH,BUDONG-BUDONG,KIRE,25.14,2211,87.95,192,341,MAJU
SULAWESI BARAT,MAMUJU TENGAH,BUDONG-BUDONG,LEMBAH HADA,15.14,532,35.14,83,978,TERTINGGAL
SULAWESI BARAT,MAMUJU TENGAH,BUDONG-BUDONG,LUMU,14.25,2622,184,107,907,BERKEMBANG
SULAWESI BARAT,MAMUJU TENGAH,BUDONG-BUDONG,PASAPA,17.29,1117,64.6,131,294,TERTINGGAL
SULAWESI BARAT,MAMUJU TENGAH,BUDONG-BUDONG,PONTANAKAYANG,31.91,3202,100.34,352,832,BERKEMBANG
SULAWESI BARAT,MAMUJU TENGAH,BUDONG-BUDONG,SALOGATTA,16.19,3526,217.79,263,845,MANDIRI
SULAWESI BARAT,MAMUJU TENGAH,BUDONG-BUDONG,SALUMANURUNG,10.05,1265,125.87,192,136,BERKEMBANG
SULAWESI BARAT,MAMUJU TENGAH,BUDONG-BUDONG,TINALI,4.29,1570,365.97,134,702,BERKEMBANG
SULAWESI BARAT,MAMUJU TENGAH,KAROSSA,BENGGAULU,14.22,1578,110.97,106,422,MAJU
SULAWESI BARAT,MAMUJU TENGAH,KAROSSA,KADAILA,17.4,1668,95.86,291,984,BERKEMBANG
SULAWESI BARAT,MAMUJU TENGAH,KAROSSA,KAMBUNONG,169.37,2572,15.19,106,252,BERKEMBANG
SULAWESI BARAT,MAMUJU TENGAH,KAROSSA,KAROSSA,328.64,5441,16.56,153,595,MANDIRI
SULAWESI BARAT,MAMUJU TENGAH,KAROSSA,KAYU CALLA,9.64,692,71.78,119,892,BERKEMBANG
SULAWESI BARAT,MAMUJU TENGAH,KAROSSA,LARA,102.26,1828,17.88,67,549,MAJU
SULAWESI BARAT,MAMUJU TENGAH,KAROSSA,LEMBAH HOPO,21.51,964,44.82,83,464,BERKEMBANG
SULAWESI BARAT,MAMUJU TENGAH,KAROSSA,SALUBIRO,132.35,1237,9.35,562,429,BERKEMBANG
SULAWESI BARAT,MAMUJU TENGAH,KAROSSA,SANJANGO,59.36,885,14.91,103,365,BERKEMBANG
SULAWESI BARAT,MAMUJU TENGAH,KAROSSA,SUKA MAJU,89.45,1409,15.75,270,187,BERKEMBANG
SULAWESI BARAT,MAMUJU TENGAH,KAROSSA,TASOKKO,211.92,4413,20.82,139,926,MAJU
SULAWESI BARAT,MAMUJU TENGAH,PANGALE,KOMBILING,8.59,1675,194.99,151,267,BERKEMBANG
SULAWESI BARAT,MAMUJU TENGAH,PANGALE,KUO,4.54,2625,578.19,64,791,BERKEMBANG
SULAWESI BARAT,MAMUJU TENGAH,PANGALE,LAMBA-LAMBA,11.77,878,74.6,621,769,BERKEMBANG
SULAWESI BARAT,MAMUJU TENGAH,PANGALE,LEMO-LEMO,5.78,718,124.22,76,858,TERTINGGAL
SULAWESI BARAT,MAMUJU TENGAH,PANGALE,PANGALE,12.31,1886,153.21,174,867,BERKEMBANG
SULAWESI BARAT,MAMUJU TENGAH,PANGALE,POLO CAMBA,17.95,998,55.6,318,369,BERKEMBANG
SULAWESI BARAT,MAMUJU TENGAH,PANGALE,POLO LERENG,12.3,1752,142.44,45,480,BERKEMBANG
SULAWESI BARAT,MAMUJU TENGAH,PANGALE,POLO PANGALE,8.75,1550,177.14,18,148,BERKEMBANG
SULAWESI BARAT,MAMUJU TENGAH,PANGALE,SARTANAMAJU,9.13,602,65.94,87,195,BERKEMBANG
SULAWESI BARAT,MAMUJU TENGAH,TOBADAK,BAMBADARU,18.83,1478,78.49,166,350,BERKEMBANG
SULAWESI BARAT,MAMUJU TENGAH,TOBADAK,BATU PARIGI,216.34,5964,27.57,33,975,BERKEMBANG
SULAWESI BARAT,MAMUJU TENGAH,TOBADAK,MAHAHE,5.6,3001,535.89,32,970,MAJU
SULAWESI BARAT,MAMUJU TENGAH,TOBADAK,PALONGAAN,27.86,2661,95.51,135,545,MAJU
SULAWESI BARAT,MAMUJU TENGAH,TOBADAK,SALOADAK,57.04,2155,37.78,123,628,TERTINGGAL
SULAWESI BARAT,MAMUJU TENGAH,TOBADAK,SALOBAJA,15.54,2365,152.19,111,952,MAJU
SULAWESI BARAT,MAMUJU TENGAH,TOBADAK,SEJATI,288.29,988,3.43,146,890,SANGAT TERTINGAL
SULAWESI BARAT,MAMUJU TENGAH,TOBADAK,TOBADAK,70.41,8157,115.85,88,537,MANDIRI
SULAWESI BARAT,MAMUJU TENGAH,TOPOYO,BAMBAMANURUNG,4.76,744,156.3,18,221,BERKEMBANG
SULAWESI BARAT,MAMUJU TENGAH,TOPOYO,BUDONG-BUDONG,17.7,2296,129.72,121,963,BERKEMBANG
SULAWESI BARAT,MAMUJU TENGAH,TOPOYO,KABUBU,3.89,1446,371.72,39,952,MANDIRI
SULAWESI BARAT,MAMUJU TENGAH,TOPOYO,PANGALLOANG,14.15,1526,107.84,114,183,TERTINGGAL
SULAWESI BARAT,MAMUJU TENGAH,TOPOYO,PARAILI,6.2,975,157.26,35,628,BERKEMBANG
SULAWESI BARAT,MAMUJU TENGAH,TOPOYO,SALULEKBO,713.27,3153,4.42,398,638,TERTINGGAL
SULAWESI BARAT,MAMUJU TENGAH,TOPOYO,SALUPANGKANG,10.93,1656,151.51,65,133,MAJU
SULAWESI BARAT,MAMUJU TENGAH,TOPOYO,SALUPANGKANG IV,10.91,439,40.24,41,718,TERTINGGAL
SULAWESI BARAT,MAMUJU TENGAH,TOPOYO,SINABATTA,17.95,891,49.64,56,353,BERKEMBANG
SULAWESI BARAT,MAMUJU TENGAH,TOPOYO,TABOLANG,41.42,3658,88.31,246,404,BERKEMBANG
SULAWESI BARAT,MAMUJU TENGAH,TOPOYO,TANGKOU,3.36,678,201.79,13,683,BERKEMBANG
SULAWESI BARAT,MAMUJU TENGAH,TOPOYO,TAPPILINA,7.32,694,94.81,32,678,BERKEMBANG
SULAWESI BARAT,MAMUJU TENGAH,TOPOYO,TOPOYO,8.34,9316,1117.03,413,293,MANDIRI
SULAWESI BARAT,MAMUJU TENGAH,TOPOYO,TUMBU,16.72,2706,161.84,286,792,BERKEMBANG
SULAWESI BARAT,MAMUJU TENGAH,TOPOYO,WAEPUTEH,7.87,1849,234.94,71,510,BERKEMBANG
SULAWESI BARAT,PASANGKAYU,BAMBAIRA,BAMBAIRA,21.23,2682,126.33,229,204,MAJU
SULAWESI BARAT,PASANGKAYU,BAMBAIRA,KALUKU NANGKA,19.33,2810,145.37,246,872,BERKEMBANG
SULAWESI BARAT,PASANGKAYU,BAMBAIRA,KASOLOANG,14.55,2156,148.18,162,300,MAJU
SULAWESI BARAT,PASANGKAYU,BAMBAIRA,TAMPAURE,9.73,2031,208.74,246,831,TERTINGGAL
SULAWESI BARAT,PASANGKAYU,BAMBALAMOTU,BAMBALAMOTU,13.61,3839,282.07,328,736,
SULAWESI BARAT,PASANGKAYU,BAMBALAMOTU,KALOLA,96.19,3689,38.35,358,965,BERKEMBANG
SULAWESI BARAT,PASANGKAYU,BAMBALAMOTU,PANGIANG,21.47,2352,109.55,197,116,BERKEMBANG
SULAWESI BARAT,PASANGKAYU,BAMBALAMOTU,POLEWALI,35.26,3357,95.21,302,648,BERKEMBANG
SULAWESI BARAT,PASANGKAYU,BAMBALAMOTU,RANDOMAYANG,17.27,3929,227.5,318,110,BERKEMBANG
SULAWESI BARAT,PASANGKAYU,BAMBALAMOTU,WULAI,59.17,1985,33.55,252,480,TERTINGGAL
SULAWESI BARAT,PASANGKAYU,BARAS,BALANTI,56.17,2448,43.58,47,230,BERKEMBANG
SULAWESI BARAT,PASANGKAYU,BARAS,BARAS,9.3,2005,215.59,130,430,
SULAWESI BARAT,PASANGKAYU,BARAS,BULU PARIGI,16.85,1349,80.06,111,998,BERKEMBANG
SULAWESI BARAT,PASANGKAYU,BARAS,KASANO,57.08,3602,63.1,198,386,BERKEMBANG
SULAWESI BARAT,PASANGKAYU,BARAS,MOTU,114.72,4945,43.1,422,563,BERKEMBANG
SULAWESI BARAT,PASANGKAYU,BARAS,TOWONI,23.75,853,35.92,114,534,BERKEMBANG
SULAWESI BARAT,PASANGKAYU,BULU TABA,BUKIT HARAPAN,324.24,1242,3.83,101,106,BERKEMBANG
SULAWESI BARAT,PASANGKAYU,BULU TABA,KARAVE,17.91,2432,135.79,108,684,MAJU
SULAWESI BARAT,PASANGKAYU,BULU TABA,KASTABUANA,24.67,1334,54.07,52,196,BERKEMBANG
SULAWESI BARAT,PASANGKAYU,BULU TABA,LELEJAE,14.14,1339,94.7,55,353,BERKEMBANG
SULAWESI BARAT,PASANGKAYU,BULU TABA,LILIMORI,18.72,2708,144.66,125,292,MAJU
SULAWESI BARAT,PASANGKAYU,BULU TABA,OMPI,27.54,715,25.96,115,916,TERTINGGAL
SULAWESI BARAT,PASANGKAYU,BULU TABA,SUMBER SARI,1.4,241,172.14,9,794,BERKEMBANG
SULAWESI BARAT,PASANGKAYU,DAPURANG,BENGGAULU,741.19,3195,4.31,285,454,MAJU
SULAWESI BARAT,PASANGKAYU,DAPURANG,BULU BONGGU,109.78,2367,21.56,198,159,BERKEMBANG
SULAWESI BARAT,PASANGKAYU,DAPURANG,DAPURANG,46.01,4001,86.96,272,409,MAJU
SULAWESI BARAT,PASANGKAYU,DAPURANG,SARASA,23.6,1873,79.36,149,835,BERKEMBANG
SULAWESI BARAT,PASANGKAYU,DAPURANG,TIRTABUANA,1.91,1154,604.19,36,881,BERKEMBANG
SULAWESI BARAT,PASANGKAYU,DURIPOKU,SAPTANAJAYA,9.87,1664,168.59,103,101,BERKEMBANG
SULAWESI BARAT,PASANGKAYU,DURIPOKU,SIPAKAINGA,170.71,722,4.23,36,707,BERKEMBANG
SULAWESI BARAT,PASANGKAYU,DURIPOKU,TAMMARUNANG,12.26,2522,205.71,185,256,BERKEMBANG
SULAWESI BARAT,PASANGKAYU,DURIPOKU,TARANGGI,22.61,954,42.19,84,659,TERTINGGAL
SULAWESI BARAT,PASANGKAYU,LARIANG,BAJAWALI,7.05,850,120.57,5,655,BERKEMBANG
SULAWESI BARAT,PASANGKAYU,LARIANG,BAMBAKORO,17.65,1133,64.19,119,271,TERTINGGAL
SULAWESI BARAT,PASANGKAYU,LARIANG,BATU MATORU,12.08,862,71.36,51,570,TERTINGGAL
SULAWESI BARAT,PASANGKAYU,LARIANG,KENANGAN,6.47,488,75.43,21,304,BERKEMBANG
SULAWESI BARAT,PASANGKAYU,LARIANG,KULU,8.31,714,85.92,41,474,BERKEMBANG
SULAWESI BARAT,PASANGKAYU,LARIANG,PARABU,8.24,1008,122.33,30,911,MAJU
SULAWESI BARAT,PASANGKAYU,LARIANG,SINGGANI,23.66,1407,59.47,58,996,BERKEMBANG
SULAWESI BARAT,PASANGKAYU,PASANGKAYU,AKO,13.69,3166,231.26,291,608,MAJU
SULAWESI BARAT,PASANGKAYU,PASANGKAYU,GUNUNG SARI,49.31,2901,58.83,214,677,MAJU
SULAWESI BARAT,PASANGKAYU,PASANGKAYU,KARYA BERSAMA,28.35,2128,75.06,174,309,BERKEMBANG
SULAWESI BARAT,PASANGKAYU,PASANGKAYU,MARTAJAYA,21.03,1592,75.7,45,126,
SULAWESI BARAT,PASANGKAYU,PASANGKAYU,PAKAVA,143.84,2294,15.95,231,989,TERTINGGAL
SULAWESI BARAT,PASANGKAYU,PASANGKAYU,PASANGKAYU,55.83,11793,211.23,678,194,
SULAWESI BARAT,PASANGKAYU,PEDONGGA,BATU OGE,6.23,941,151.04,71,712,MAJU
SULAWESI BARAT,PASANGKAYU,PEDONGGA,MALEI,9.2,1677,182.28,66,207,MAJU
SULAWESI BARAT,PASANGKAYU,PEDONGGA,MARTASARI,69.87,2598,37.18,137,190,BERKEMBANG
SULAWESI BARAT,PASANGKAYU,PEDONGGA,PEDANDA,8.71,1226,140.76,63,860,KOSONG
SULAWESI BARAT,PASANGKAYU,SARJO,LETAWA,14.48,1909,131.84,122,593,BERKEMBANG
SULAWESI BARAT,PASANGKAYU,SARJO,MAPONU,12.49,1170,93.67,100,889,BERKEMBANG
SULAWESI BARAT,PASANGKAYU,SARJO,SARJO,4.36,2380,545.87,155,969,BERKEMBANG
SULAWESI BARAT,PASANGKAYU,SARJO,SARUDE,5.7,2202,386.32,183,670,KOSONG
SULAWESI BARAT,PASANGKAYU,SARUDU,BULU MARIO,21.11,3776,178.87,221,609,MAJU
SULAWESI BARAT,PASANGKAYU,SARUDU,DODA,25.92,2434,93.9,91,843,MAJU
SULAWESI BARAT,PASANGKAYU,SARUDU,KUMASARI,18.01,1850,102.72,61,550,MAJU
SULAWESI BARAT,PASANGKAYU,SARUDU,PATIKA,8.04,646,80.35,77,867,BERKEMBANG
SULAWESI BARAT,PASANGKAYU,SARUDU,SARUDU,25.99,5219,200.81,320,812,MAJU
SULAWESI BARAT,PASANGKAYU,TIKKE RAYA,JENGENG RAYA,33.43,2257,67.51,105,565,
SULAWESI BARAT,PASANGKAYU,TIKKE RAYA,LARIANG,93.55,3716,39.72,165,398,KOSONG
SULAWESI BARAT,PASANGKAYU,TIKKE RAYA,MAKMUR JAYA,39.48,4253,107.73,196,913,MAJU
SULAWESI BARAT,PASANGKAYU,TIKKE RAYA,PAJALELE,73.13,2557,34.97,73,303,BERKEMBANG
SULAWESI BARAT,PASANGKAYU,TIKKE RAYA,TIKKE,27,3012,111.56,135,836,BERKEMBANG
SULAWESI BARAT,POLEWALI MANDAR,ALLU,ALU,8.2,1807,220.37,143,836,
SULAWESI BARAT,POLEWALI MANDAR,ALLU,KALUMAMMANG,21.1,1434,67.96,79,380,
SULAWESI BARAT,POLEWALI MANDAR,ALLU,MOMBI,2.36,2377,1007.2,122,140,
SULAWESI BARAT,POLEWALI MANDAR,ALLU,PAO-PAO,18.56,2313,124.62,243,349,
SULAWESI BARAT,POLEWALI MANDAR,ALLU,PETOOSANG,5.36,1517,283.02,159,631,
SULAWESI BARAT,POLEWALI MANDAR,ALLU,PUPPU URING,32.7,1746,53.39,100,559,
SULAWESI BARAT,POLEWALI MANDAR,ALLU,SARAGIAN,5.75,1644,285.91,137,144,
SULAWESI BARAT,POLEWALI MANDAR,ALLU,SAYOANG,5.98,564,94.31,20,276,
SULAWESI BARAT,POLEWALI MANDAR,ANREAPI,ANREAPI,5.66,1243,219.61,66,793,
SULAWESI BARAT,POLEWALI MANDAR,ANREAPI,DUAMPANUA,20.87,2944,141.06,64,683,
SULAWESI BARAT,POLEWALI MANDAR,ANREAPI,KELAPA DUA,11.08,2137,192.87,87,531,
SULAWESI BARAT,POLEWALI MANDAR,ANREAPI,KUNYI,25.64,1729,67.43,181,489,
SULAWESI BARAT,POLEWALI MANDAR,ANREAPI,PAPPANDANGAN,27.83,1627,58.46,95,186,
SULAWESI BARAT,POLEWALI MANDAR,BALANIPA,BALA,16.01,5136,320.8,366,687,
SULAWESI BARAT,POLEWALI MANDAR,BALANIPA,BALANIPA,22.84,3111,136.21,272,304,
SULAWESI BARAT,POLEWALI MANDAR,BALANIPA,GALUNG TULUK,4.44,3574,804.95,350,136,
SULAWESI BARAT,POLEWALI MANDAR,BALANIPA,LAMBANAN,10.33,588,56.92,39,613,
SULAWESI BARAT,POLEWALI MANDAR,BALANIPA,LEGO,5.51,1229,223.05,142,470,
SULAWESI BARAT,POLEWALI MANDAR,BALANIPA,MOSSO,16.99,707,41.61,42,903,
SULAWESI BARAT,POLEWALI MANDAR,BALANIPA,PALLIS,10.91,594,54.45,61,619,
SULAWESI BARAT,POLEWALI MANDAR,BALANIPA,PAMBUSUANG,1.77,5847,3303.39,331,844,
SULAWESI BARAT,POLEWALI MANDAR,BALANIPA,SABANG SUBIK,2.25,3053,1356.89,190,707,
SULAWESI BARAT,POLEWALI MANDAR,BALANIPA,TAMANGGALLE,5.69,2506,440.42,174,841,
SULAWESI BARAT,POLEWALI MANDAR,BALANIPA,TAMMAJARRA,3.26,1806,553.99,126,860,
SULAWESI BARAT,POLEWALI MANDAR,BINUANG,AMASSANGAN,10.47,3663,349.86,324,495,
SULAWESI BARAT,POLEWALI MANDAR,BINUANG,AMOLA,9.53,1693,177.65,73,682,
SULAWESI BARAT,POLEWALI MANDAR,BINUANG,BATETANGNGA,44.29,5450,123.05,468,735,
SULAWESI BARAT,POLEWALI MANDAR,BINUANG,KALEOK,22.27,1307,58.69,55,366,
SULAWESI BARAT,POLEWALI MANDAR,BINUANG,KUAJANG,9.33,2852,305.68,170,318,
SULAWESI BARAT,POLEWALI MANDAR,BINUANG,MAMMI,6.78,1534,226.25,120,954,
SULAWESI BARAT,POLEWALI MANDAR,BINUANG,MIRRING,20.87,3410,163.39,181,758,
SULAWESI BARAT,POLEWALI MANDAR,BINUANG,PAKU,11.5,2726,237.04,230,509,
SULAWESI BARAT,POLEWALI MANDAR,BINUANG,REA,7.49,3094,413.08,236,789,
SULAWESI BARAT,POLEWALI MANDAR,BINUANG,TONYAMAN,3.52,5129,1457.1,299,932,
SULAWESI BARAT,POLEWALI MANDAR,BULO,BULO,22.4,798,35.63,47,672,
SULAWESI BARAT,POLEWALI MANDAR,BULO,DAALA TIMUR,8.25,866,104.97,29,164,
SULAWESI BARAT,POLEWALI MANDAR,BULO,IHING,10.7,870,81.31,60,733,
SULAWESI BARAT,POLEWALI MANDAR,BULO,KAROMBANG,20.1,1238,61.59,127,792,
SULAWESI BARAT,POLEWALI MANDAR,BULO,LENGGO,52.05,506,9.72,76,585,
SULAWESI BARAT,POLEWALI MANDAR,BULO,PATAMBANUA,66.45,992,14.93,60,330,
SULAWESI BARAT,POLEWALI MANDAR,BULO,PULLIWA,32.61,2682,82.24,270,186,
SULAWESI BARAT,POLEWALI MANDAR,BULO,SABURA,15.25,472,30.95,27,385,
SULAWESI BARAT,POLEWALI MANDAR,BULO,SEPPORRAKI,1.3,801,616.15,29,420,
SULAWESI BARAT,POLEWALI MANDAR,CAMPALAGIAN,BONDE,1.3,4380,3369.23,254,280,
SULAWESI BARAT,POLEWALI MANDAR,CAMPALAGIAN,BOTTO,5.73,2669,465.79,135,497,
SULAWESI BARAT,POLEWALI MANDAR,CAMPALAGIAN,GATTUNGAN,2.77,1972,711.91,174,887,
SULAWESI BARAT,POLEWALI MANDAR,CAMPALAGIAN,KATUMBANGAN,5,4537,907.4,399,235,
SULAWESI BARAT,POLEWALI MANDAR,CAMPALAGIAN,KATUMBANGAN LEMO,4.25,3698,870.12,409,966,
SULAWESI BARAT,POLEWALI MANDAR,CAMPALAGIAN,KENJE,2.56,3181,1242.58,180,610,
SULAWESI BARAT,POLEWALI MANDAR,CAMPALAGIAN,LAGI-AGI,4,2770,692.5,187,534,
SULAWESI BARAT,POLEWALI MANDAR,CAMPALAGIAN,LALIKO,4.55,2994,658.02,206,349,
SULAWESI BARAT,POLEWALI MANDAR,CAMPALAGIAN,LAMPOKO,6.55,3734,570.08,254,382,
SULAWESI BARAT,POLEWALI MANDAR,CAMPALAGIAN,LAPEO,2.39,3835,1604.6,323,940,
SULAWESI BARAT,POLEWALI MANDAR,CAMPALAGIAN,ONGKO,7.58,1652,217.94,256,620,
SULAWESI BARAT,POLEWALI MANDAR,CAMPALAGIAN,PADANG,2.3,891,387.39,39,811,
SULAWESI BARAT,POLEWALI MANDAR,CAMPALAGIAN,PADANG TIMUR,4.5,1713,380.67,177,293,
SULAWESI BARAT,POLEWALI MANDAR,CAMPALAGIAN,PANYAMPA,6.25,2214,354.24,236,346,
SULAWESI BARAT,POLEWALI MANDAR,CAMPALAGIAN,PAPPANG,1.25,2235,1788,98,673,
SULAWESI BARAT,POLEWALI MANDAR,CAMPALAGIAN,PARAPPE,3,3849,1283,229,724,
SULAWESI BARAT,POLEWALI MANDAR,CAMPALAGIAN,SUMARRANG,20.1,4891,243.33,537,196,
SULAWESI BARAT,POLEWALI MANDAR,CAMPALAGIAN,SURUANG,3.77,2119,562.07,96,147,
SULAWESI BARAT,POLEWALI MANDAR,LIMBORO,LEMBANG LEMBANG,5.48,3371,615.15,318,842,
SULAWESI BARAT,POLEWALI MANDAR,LIMBORO,LIMBORO,1.63,2154,1321.47,192,819,
SULAWESI BARAT,POLEWALI MANDAR,LIMBORO,NAPO,3.48,2041,586.49,125,260,
SULAWESI BARAT,POLEWALI MANDAR,LIMBORO,PALECE,1.76,1699,965.34,175,436,
SULAWESI BARAT,POLEWALI MANDAR,LIMBORO,PENDULANGAN,15.71,783,49.84,60,442,
SULAWESI BARAT,POLEWALI MANDAR,LIMBORO,RENGGEANG,4.8,1454,302.92,159,134,
SULAWESI BARAT,POLEWALI MANDAR,LIMBORO,SALARRI,5.41,981,181.33,103,811,
SULAWESI BARAT,POLEWALI MANDAR,LIMBORO,SAMASUNDU,4.02,1785,444.03,74,222,
SULAWESI BARAT,POLEWALI MANDAR,LIMBORO,TANDASURA,7.86,1787,227.35,145,936,
SULAWESI BARAT,POLEWALI MANDAR,LIMBORO,TANGAN BARU,4.1,1158,282.44,73,374,
SULAWESI BARAT,POLEWALI MANDAR,LIMBORO,TODANG TODANG,10.81,827,76.5,117,369,
SULAWESI BARAT,POLEWALI MANDAR,LUYO,BARU,6.8,4300,632.35,282,410,
SULAWESI BARAT,POLEWALI MANDAR,LUYO,BATUPANGA,16.12,3481,215.94,360,163,
SULAWESI BARAT,POLEWALI MANDAR,LUYO,BATUPANGA DAALA,23.06,2880,124.89,265,698,
SULAWESI BARAT,POLEWALI MANDAR,LUYO,LUYO,5.55,1845,332.43,90,880,
SULAWESI BARAT,POLEWALI MANDAR,LUYO,MAMBU,4.53,2415,533.11,167,871,
SULAWESI BARAT,POLEWALI MANDAR,LUYO,MAPILI BARAT,1.85,2851,1541.08,178,515,
SULAWESI BARAT,POLEWALI MANDAR,LUYO,PUCCADI,4.49,1878,418.26,105,471,
SULAWESI BARAT,POLEWALI MANDAR,LUYO,PUSSUI,12.64,1981,156.72,126,278,
SULAWESI BARAT,POLEWALI MANDAR,LUYO,PUSSUI BARAT,16.51,1211,73.35,168,429,
SULAWESI BARAT,POLEWALI MANDAR,LUYO,SAMBALI WALI,15.65,2514,160.64,224,834,
SULAWESI BARAT,POLEWALI MANDAR,LUYO,TENGGELANG,16.4,3673,223.96,417,174,
SULAWESI BARAT,POLEWALI MANDAR,MAPILLI,BEROANGIN,10.21,2070,202.74,153,422,
SULAWESI BARAT,POLEWALI MANDAR,MAPILLI,BONNE BONNE,3.48,1921,552.01,88,342,
SULAWESI BARAT,POLEWALI MANDAR,MAPILLI,BONRA,3.03,2961,977.23,169,508,
SULAWESI BARAT,POLEWALI MANDAR,MAPILLI,BUKU,8.16,2326,285.05,117,312,
SULAWESI BARAT,POLEWALI MANDAR,MAPILLI,KURMA,11.03,3422,310.24,198,444,
SULAWESI BARAT,POLEWALI MANDAR,MAPILLI,LANDI KANUSUANG,26.89,3271,121.64,334,642,
SULAWESI BARAT,POLEWALI MANDAR,MAPILLI,MAPILI,3.58,2008,560.89,157,873,
SULAWESI BARAT,POLEWALI MANDAR,MAPILLI,RAPPANG BARAT,11.03,2793,253.22,57,864,
SULAWESI BARAT,POLEWALI MANDAR,MAPILLI,RUMPA,8.16,2876,352.45,188,458,
SULAWESI BARAT,POLEWALI MANDAR,MAPILLI,SATTOKO,10.06,612,60.83,19,915,
SULAWESI BARAT,POLEWALI MANDAR,MAPILLI,SEGERANG,2.51,1465,583.67,64,109,
SULAWESI BARAT,POLEWALI MANDAR,MAPILLI,UGIBARU,4.19,2909,694.27,183,806,
SULAWESI BARAT,POLEWALI MANDAR,MATAKALI,BARUMBUNG,8.78,2628,299.32,155,174,
SULAWESI BARAT,POLEWALI MANDAR,MATAKALI,BUNGA-BUNGA,3.92,1266,322.96,31,643,
SULAWESI BARAT,POLEWALI MANDAR,MATAKALI,INDOMAKKOMBONG,9.94,3543,356.44,148,327,
SULAWESI BARAT,POLEWALI MANDAR,MATAKALI,MATAKALI,8.01,3243,404.87,154,209,
SULAWESI BARAT,POLEWALI MANDAR,MATAKALI,PASIANG,23.66,4354,184.02,250,866,
SULAWESI BARAT,POLEWALI MANDAR,MATAKALI,PETAMPANUA,8.94,5209,582.66,485,299,
SULAWESI BARAT,POLEWALI MANDAR,MATAKALI,TONROLIMA,9.48,2749,289.98,193,809,
SULAWESI BARAT,POLEWALI MANDAR,MATANGNGA,BA'BA TAPUA,15.3,318,20.78,58,853,
SULAWESI BARAT,POLEWALI MANDAR,MATANGNGA,KATIMBANG,29.35,577,19.66,94,879,
SULAWESI BARAT,POLEWALI MANDAR,MATANGNGA,LILLI,21.87,624,28.53,33,229,
SULAWESI BARAT,POLEWALI MANDAR,MATANGNGA,MAMBU TAPUA,37.38,536,14.34,41,127,
SULAWESI BARAT,POLEWALI MANDAR,MATANGNGA,MATANGNGA,32.63,878,26.91,52,370,
SULAWESI BARAT,POLEWALI MANDAR,MATANGNGA,RANGOAN,35.7,673,18.85,84,854,
SULAWESI BARAT,POLEWALI MANDAR,MATANGNGA,TAPUA,64.66,1253,19.38,217,319,
SULAWESI BARAT,POLEWALI MANDAR,POLEWALI,DARMA,5.67,7730,1363.32,398,528,
SULAWESI BARAT,POLEWALI MANDAR,POLEWALI,LANTORA,1.4,5240,3742.86,274,551,
SULAWESI BARAT,POLEWALI MANDAR,POLEWALI,MADATE,2.38,8303,3488.66,572,734,
SULAWESI BARAT,POLEWALI MANDAR,POLEWALI,MANDING,3,4328,1442.67,352,188,
SULAWESI BARAT,POLEWALI MANDAR,POLEWALI,PEKKABATA,1.95,4741,2431.28,209,668,
SULAWESI BARAT,POLEWALI MANDAR,POLEWALI,POLEWALI,1.01,5771,5713.86,377,339,
SULAWESI BARAT,POLEWALI MANDAR,POLEWALI,SULEWATANG,9.79,4088,417.57,300,892,
SULAWESI BARAT,POLEWALI MANDAR,POLEWALI,TAKATIDUNG,4.5,5607,1246,386,686,
SULAWESI BARAT,POLEWALI MANDAR,POLEWALI,WATTANG,0.71,4076,5740.85,266,906,
SULAWESI BARAT,POLEWALI MANDAR,TAPANGO,BANATO REJO,2.95,1998,677.29,164,153,
SULAWESI BARAT,POLEWALI MANDAR,TAPANGO,BATU,7.88,1128,143.15,106,873,
SULAWESI BARAT,POLEWALI MANDAR,TAPANGO,BUSSU,8.27,1178,142.44,71,461,
SULAWESI BARAT,POLEWALI MANDAR,TAPANGO,DAKKA,7.45,1811,243.09,109,111,
SULAWESI BARAT,POLEWALI MANDAR,TAPANGO,JAMBU MALEA,3.02,1649,546.03,103,864,
SULAWESI BARAT,POLEWALI MANDAR,TAPANGO,KALIMBUA,19.81,1364,68.85,81,575,
SULAWESI BARAT,POLEWALI MANDAR,TAPANGO,KURRAK,13.3,577,43.38,69,551,
SULAWESI BARAT,POLEWALI MANDAR,TAPANGO,PALATTA,11.87,1601,134.88,112,401,
SULAWESI BARAT,POLEWALI MANDAR,TAPANGO,PELITAKAN,3.86,1744,451.81,115,765,
SULAWESI BARAT,POLEWALI MANDAR,TAPANGO,RAPPANG,6.46,2162,334.67,180,663,
SULAWESI BARAT,POLEWALI MANDAR,TAPANGO,RISO,20.5,2221,108.34,198,143,
SULAWESI BARAT,POLEWALI MANDAR,TAPANGO,TAPANGO,9.31,2492,267.67,157,125,
SULAWESI BARAT,POLEWALI MANDAR,TAPANGO,TAPANGO BARAT,6.01,1560,259.57,128,225,
SULAWESI BARAT,POLEWALI MANDAR,TAPANGO,TUTTULA,6.82,917,134.46,56,229,
SULAWESI BARAT,POLEWALI MANDAR,TINAMBUNG,BATULAYA,3.08,1842,598.05,170,911,
SULAWESI BARAT,POLEWALI MANDAR,TINAMBUNG,GALUNG LOMBOK,6.81,2336,343.02,227,970,
SULAWESI BARAT,POLEWALI MANDAR,TINAMBUNG,KARAMA,1.7,4879,2870,314,944,
SULAWESI BARAT,POLEWALI MANDAR,TINAMBUNG,LEKOPADIS,1.79,2559,1429.61,295,972,
SULAWESI BARAT,POLEWALI MANDAR,TINAMBUNG,SEPABATU,1.59,2173,1366.67,245,981,
SULAWESI BARAT,POLEWALI MANDAR,TINAMBUNG,TANDUNG,5.5,2035,370,211,403,
SULAWESI BARAT,POLEWALI MANDAR,TINAMBUNG,TANGNGA TANGNGA,0.79,3284,4156.96,455,614,
SULAWESI BARAT,POLEWALI MANDAR,TINAMBUNG,TINAMBUNG,0.73,3601,4932.88,251,512,
SULAWESI BARAT,POLEWALI MANDAR,TUTAR,AMBOPADANG,19.02,1480,77.81,84,376,
SULAWESI BARAT,POLEWALI MANDAR,TUTAR,ARABUA,15.38,802,52.15,52,587,
SULAWESI BARAT,POLEWALI MANDAR,TUTAR,BESOANGIN,30.9,1005,32.52,59,942,
SULAWESI BARAT,POLEWALI MANDAR,TUTAR,BESOANGIN UTARA,38.59,694,17.98,92,581,
SULAWESI BARAT,POLEWALI MANDAR,TUTAR,PEBURRU,13.11,1492,113.81,117,592,
SULAWESI BARAT,POLEWALI MANDAR,TUTAR,PIRIANG TAPIKO,91.37,1153,12.62,87,824,
SULAWESI BARAT,POLEWALI MANDAR,TUTAR,PODA,15.24,1293,84.84,110,787,
SULAWESI BARAT,POLEWALI MANDAR,TUTAR,POLLEWANI,28.24,2199,77.87,150,785,
SULAWESI BARAT,POLEWALI MANDAR,TUTAR,RATTE,30.76,1683,54.71,223,609,
SULAWESI BARAT,POLEWALI MANDAR,TUTAR,TALOBA,33.48,959,28.64,114,826,
SULAWESI BARAT,POLEWALI MANDAR,TUTAR,TARAMANU,33,1579,47.85,226,254,
SULAWESI BARAT,POLEWALI MANDAR,TUTAR,TARAMANU TUA,50.16,1156,23.05,135,361,
SULAWESI BARAT,POLEWALI MANDAR,TUTAR,TUBBI,30.65,1271,41.47,75,127,
SULAWESI BARAT,POLEWALI MANDAR,WONOMULYO,ARJO SARI,2.77,1863,672.56,69,313,
SULAWESI BARAT,POLEWALI MANDAR,WONOMULYO,BAKKA-BAKKA,3.37,1780,528.19,67,194,
SULAWESI BARAT,POLEWALI MANDAR,WONOMULYO,BANUA BARU,1.82,2035,1118.13,76,605,
SULAWESI BARAT,POLEWALI MANDAR,WONOMULYO,BUMIAYU,3.79,3069,809.76,79,502,
SULAWESI BARAT,POLEWALI MANDAR,WONOMULYO,BUMIMULYO,3.03,1435,473.6,46,390,
SULAWESI BARAT,POLEWALI MANDAR,WONOMULYO,CAMPURJO,2.52,2467,978.97,107,771,
SULAWESI BARAT,POLEWALI MANDAR,WONOMULYO,GALESON,11.1,2734,246.31,191,401,
SULAWESI BARAT,POLEWALI MANDAR,WONOMULYO,KEBUNSARI,3.63,1974,543.8,45,888,
SULAWESI BARAT,POLEWALI MANDAR,WONOMULYO,NEPO,12.2,2429,199.1,159,908,
SULAWESI BARAT,POLEWALI MANDAR,WONOMULYO,SIDODADI,2.21,6380,2886.88,322,810,
SULAWESI BARAT,POLEWALI MANDAR,WONOMULYO,SIDOREJO,2.79,3895,1396.06,164,884,
SULAWESI BARAT,POLEWALI MANDAR,WONOMULYO,SUGIHWARAS,2.35,4914,2091.06,238,165,
SULAWESI BARAT,POLEWALI MANDAR,WONOMULYO,SUMBEREJO,4.69,4315,920.04,169,529,
SULAWESI BARAT,POLEWALI MANDAR,WONOMULYO,TUMPILING,20.14,2205,109.48,79,244,
