PROVINSI,KABUPATEN,KECAMATAN,KELURAHAN,LUAS_WILAYAH,JUMLAH_PENDUDUK,KEPADATAN_PENDUDUK,KRS,BPJS,IDM,No..Registrasi,NAMA_FASKES,Belum,Sudah
SULAWESI BARAT,MAMUJU TENGAH,TOBADAK,MAHAHE,53,196,40,267,970,BERKEMBANG,7606005,Puskesmas Tobadak,3,3
SULAWESI BARAT,MAMUJU TENGAH,TOBADAK,MAHAHE,53,196,40,267,970,BERKEMBANG,7606021,"Praktek Mandiri Bidan "" SAYANG IBU""",1,2
SULAWESI BARAT,MAMUJU TENGAH,TOBADAK,SALOBAJA,14,891,12,835,952,TERTINGGAL,760600504,PUSTU SULOBAJA,1,1
SULAWESI BARAT,MAMUJU TENGAH,TOBADAK,TOBADAK,98,863,48,711,537,MAJU,7606011,RSUD Kab Mamuju Tengah,1,2
SULAWESI BARAT,MAMUJU TENGAH,TOBADAK,TOBADAK,98,863,48,711,537,MAJU,7606022,KLINIK POLRES MAMUJU TENGAH,4,0
SULAWESI BARAT,MAMUJU TENGAH,TOBADAK,TOBADAK,98,863,48,711,537,MAJU,7606024,PMB MAWADDAH,1,1
SULAWESI BARAT,MAMUJU TENGAH,TOBADAK,TOBADAK,98,863,48,711,537,MAJU,760600501,PUSTU TOBADAK,2,0
SULAWESI BARAT,MAMUJU TENGAH,TOBADAK,PALONGAAN,99,120,58,481,545,MANDIRI,760600502,PUSTU POLONGAAN,3,0
SULAWESI BARAT,MAMUJU TENGAH,TOBADAK,PALONGAAN,99,120,58,481,545,MANDIRI,760600507,POSKESDES TASANTUNG,1,0
SULAWESI BARAT,MAMUJU TENGAH,TOBADAK,BATU PARIGI,62,254,85,368,975,BERKEMBANG,7606016,PUSKESMAS BATUPARIGI,0,1
SULAWESI BARAT,MAMUJU TENGAH,TOBADAK,BATU PARIGI,62,254,85,368,975,BERKEMBANG,760601601,Poskesdes Saluandeang,1,0
SULAWESI BARAT,MAMUJU TENGAH,TOBADAK,BATU PARIGI,62,254,85,368,975,BERKEMBANG,760601603,Poskesdes tanetebaha,1,0
SULAWESI BARAT,MAMUJU TENGAH,TOBADAK,BATU PARIGI,62,254,85,368,975,BERKEMBANG,760601605,Poskesdes Pandoang-Doang,2,0
SULAWESI BARAT,MAMUJU TENGAH,TOBADAK,BAMBADARU,84,611,88,246,350,TERTINGGAL,760600505,PUSTU BAMBADARU,1,1
SULAWESI BARAT,MAMUJU TENGAH,TOBADAK,BAMBADARU,84,611,88,246,350,TERTINGGAL,760600508,POSKESDES PATALASSANG,1,0
SULAWESI BARAT,MAMUJU TENGAH,TOBADAK,SEJATI,97,932,58,293,890,MAJU,760600602,pustu sejati,2,0
SULAWESI BARAT,MAMUJU TENGAH,TOBADAK,SALOADAK,96,402,65,697,628,MANDIRI,7606006,Puskesmas Saloadak,3,1
SULAWESI BARAT,MAMUJU TENGAH,TOBADAK,SALOADAK,96,402,65,697,628,MANDIRI,760600601,poskesdes tawaro,1,0
SULAWESI BARAT,MAMUJU TENGAH,TOBADAK,SALOADAK,96,402,65,697,628,MANDIRI,760600603,PUSTU RAWA MAKMUR,0,1
SULAWESI BARAT,MAMUJU TENGAH,PANGALE,POLO PANGALE,96,517,35,851,148,BERKEMBANG,7606001,Puskesmas Pangale,4,4
SULAWESI BARAT,MAMUJU TENGAH,PANGALE,POLO PANGALE,96,517,35,851,148,BERKEMBANG,760600104,Puskesdes Sidomulyo,0,1
SULAWESI BARAT,MAMUJU TENGAH,PANGALE,PANGALE,23,779,17,577,867,TERTINGGAL,760600101,Pustu Pangale,1,1
SULAWESI BARAT,MAMUJU TENGAH,PANGALE,PANGALE,23,779,17,577,867,TERTINGGAL,760600102,Poskesdes Latibung,0,1
SULAWESI BARAT,MAMUJU TENGAH,PANGALE,SARTANAMAJU,16,605,23,278,195,MAJU,760600105,Pustu Sartana Maju,1,0
SULAWESI BARAT,MAMUJU TENGAH,PANGALE,POLO LERENG,89,472,22,421,480,MANDIRI,760600202,Pustu Polo Lereng,2,0
SULAWESI BARAT,MAMUJU TENGAH,PANGALE,POLO LERENG,89,472,22,421,480,MANDIRI,760600203,Poskesdes Tritunggal,1,0
SULAWESI BARAT,MAMUJU TENGAH,PANGALE,KUO,37,325,45,144,791,BERKEMBANG,760600106,Pustu Kuo,4,0
SULAWESI BARAT,MAMUJU TENGAH,PANGALE,POLO CAMBA,33,122,16,535,369,TERTINGGAL,7606002,Puskesmas Polo Camba,7,2
SULAWESI BARAT,MAMUJU TENGAH,PANGALE,POLO CAMBA,33,122,16,535,369,TERTINGGAL,760600201,Poskesdes Polo Camba II,2,0
SULAWESI BARAT,MAMUJU TENGAH,PANGALE,LAMBA-LAMBA,26,843,58,604,769,MAJU,760600205,Poskesdes Lamba-lamba,1,0
SULAWESI BARAT,MAMUJU TENGAH,PANGALE,KOMBILING,22,534,80,774,267,MANDIRI,760600204,Pustu Kombiling,2,0
SULAWESI BARAT,MAMUJU TENGAH,PANGALE,LEMO-LEMO,50,230,94,111,858,BERKEMBANG,760600103,Puskesdes Lemo-Lemo,2,0
SULAWESI BARAT,MAMUJU TENGAH,BUDONG-BUDONG,BABANA,62,361,26,162,511,TERTINGGAL,7606003,Puskesmas Babana,2,1
SULAWESI BARAT,MAMUJU TENGAH,BUDONG-BUDONG,BABANA,62,361,26,162,511,TERTINGGAL,760600301,PUSTU POLOHU,2,0
SULAWESI BARAT,MAMUJU TENGAH,BUDONG-BUDONG,BABANA,62,361,26,162,511,TERTINGGAL,760600302,POSKESDES LEMBAH HARAPAN,1,0
SULAWESI BARAT,MAMUJU TENGAH,BUDONG-BUDONG,LUMU,96,486,61,454,907,MAJU,760600305,PUSTU LUMU,7,0
SULAWESI BARAT,MAMUJU TENGAH,BUDONG-BUDONG,PONTANAKAYANG,59,179,39,441,832,MANDIRI,760600405,pustu pontanakayyang,1,1
SULAWESI BARAT,MAMUJU TENGAH,BUDONG-BUDONG,SALOGATTA,88,603,58,614,845,BERKEMBANG,7606004,Puskesmas Salugatta,8,5
SULAWESI BARAT,MAMUJU TENGAH,BUDONG-BUDONG,SALOGATTA,88,603,58,614,845,BERKEMBANG,760600401,pustu salugatta,1,0
SULAWESI BARAT,MAMUJU TENGAH,BUDONG-BUDONG,SALOGATTA,88,603,58,614,845,BERKEMBANG,760600402,PKD KM 10,1,0
SULAWESI BARAT,MAMUJU TENGAH,BUDONG-BUDONG,KIRE,44,644,53,870,341,TERTINGGAL,760600304,PUSTU RANTE KOMBILING,1,0
SULAWESI BARAT,MAMUJU TENGAH,BUDONG-BUDONG,KIRE,44,644,53,870,341,TERTINGGAL,760600306,pustu kire,1,0
SULAWESI BARAT,MAMUJU TENGAH,BUDONG-BUDONG,TINALI,93,928,34,373,702,MAJU,760600403,Pustu Tinali,1,0
SULAWESI BARAT,MAMUJU TENGAH,BUDONG-BUDONG,SALUMANURUNG,48,682,97,162,136,MANDIRI,760600410,PUSTU SALU MANURUNG,1,0
SULAWESI BARAT,MAMUJU TENGAH,BUDONG-BUDONG,PASAPA,43,891,68,946,294,BERKEMBANG,760600409,pustu pasapa,1,0
SULAWESI BARAT,MAMUJU TENGAH,BUDONG-BUDONG,PASAPA,43,891,68,946,294,BERKEMBANG,760600411,PUSTU RANTE MARIO,1,0
SULAWESI BARAT,MAMUJU TENGAH,BUDONG-BUDONG,BOJO,26,264,28,736,622,TERTINGGAL,760600407,PUSTU BOJO,1,0
SULAWESI BARAT,MAMUJU TENGAH,BUDONG-BUDONG,BOJO,26,264,28,736,622,TERTINGGAL,760600408,POSKESDES RAWA INDAH,1,0
SULAWESI BARAT,MAMUJU TENGAH,BUDONG-BUDONG,BARAKKANG,100,921,38,712,962,MAJU,760600404,pustu barakkang,1,0
SULAWESI BARAT,MAMUJU TENGAH,BUDONG-BUDONG,LEMBAH HADA,82,841,41,278,978,MANDIRI,760600406,poskesdes lembah hada,2,0
SULAWESI BARAT,MAMUJU TENGAH,TOPOYO,BUDONG-BUDONG,29,579,84,664,963,BERKEMBANG,760600709,poskesdes patulana ujung,1,0
SULAWESI BARAT,MAMUJU TENGAH,TOPOYO,BUDONG-BUDONG,29,579,84,664,963,BERKEMBANG,760600713,PUSTU BUDONG-BUDONG,1,0
SULAWESI BARAT,MAMUJU TENGAH,TOPOYO,TOPOYO,27,708,22,480,293,TERTINGGAL,7606007,PUSKESMAS TOPOYO,10,4
SULAWESI BARAT,MAMUJU TENGAH,TOPOYO,TOPOYO,27,708,22,480,293,TERTINGGAL,7606017,PMB HATI BUNDA,3,1
SULAWESI BARAT,MAMUJU TENGAH,TOPOYO,TOPOYO,27,708,22,480,293,TERTINGGAL,7606019,Abu Medical Clinik,3,0
SULAWESI BARAT,MAMUJU TENGAH,TOPOYO,TUMBU,35,574,36,911,792,MAJU,760600705,PUSTU TUMBU,1,0
SULAWESI BARAT,MAMUJU TENGAH,TOPOYO,TUMBU,35,574,36,911,792,MAJU,760600706,POSKESDES WAELOTONG,2,0
SULAWESI BARAT,MAMUJU TENGAH,TOPOYO,TUMBU,35,574,36,911,792,MAJU,760600712,PKD TANJUNG LALLERE,2,0
SULAWESI BARAT,MAMUJU TENGAH,TOPOYO,KABUBU,45,143,24,638,952,MANDIRI,760600702,PUSTU KABUBU,1,0
SULAWESI BARAT,MAMUJU TENGAH,TOPOYO,WAEPUTEH,40,809,24,408,510,BERKEMBANG,7606020,PMB SAYANG IBU,3,0
SULAWESI BARAT,MAMUJU TENGAH,TOPOYO,WAEPUTEH,40,809,24,408,510,BERKEMBANG,760600703,PUSTU WAEPUTEH,1,0
SULAWESI BARAT,MAMUJU TENGAH,TOPOYO,TANGKOU,66,188,78,594,683,TERTINGGAL,760600803,PUSTU TANGKAU,1,0
SULAWESI BARAT,MAMUJU TENGAH,TOPOYO,TABOLANG,46,753,61,360,404,MAJU,760600804,PUSTU TABOLANG,2,0
SULAWESI BARAT,MAMUJU TENGAH,TOPOYO,TABOLANG,46,753,61,360,404,MAJU,760600805,PUSTU KALANDO,1,0
SULAWESI BARAT,MAMUJU TENGAH,TOPOYO,PARAILI,71,787,97,352,628,MANDIRI,760600704,PUSTU PARAILI,1,0
SULAWESI BARAT,MAMUJU TENGAH,TOPOYO,SALUPANGKANG,42,742,65,189,133,BERKEMBANG,7606008,Pukesmas Salupangkang,7,5
SULAWESI BARAT,MAMUJU TENGAH,TOPOYO,SALUPANGKANG IV,87,503,79,632,718,TERTINGGAL,760600802,PUSTU SALUPANGKANG IV,1,0
SULAWESI BARAT,MAMUJU TENGAH,TOPOYO,TAPPILINA,11,785,16,108,678,MAJU,760600711,pustu tappilina,2,0
SULAWESI BARAT,MAMUJU TENGAH,TOPOYO,BAMBAMANURUNG,76,883,67,443,221,MANDIRI,760600801,PUSTU BAMBAMANURUNG,2,0
SULAWESI BARAT,MAMUJU TENGAH,TOPOYO,SALULEKBO,68,114,60,916,638,BERKEMBANG,760600806,PUSTU SALULEBO,2,0
SULAWESI BARAT,MAMUJU TENGAH,TOPOYO,SALULEKBO,68,114,60,916,638,BERKEMBANG,760600807,POSKESDES BATU TANGGA,1,0
SULAWESI BARAT,MAMUJU TENGAH,TOPOYO,SALULEKBO,68,114,60,916,638,BERKEMBANG,760600808,Poskesdesa Batu Dinding,1,0
SULAWESI BARAT,MAMUJU TENGAH,TOPOYO,PANGALLOANG,14,343,83,746,183,TERTINGGAL,7606025,PMB KASIH IBU,1,2
SULAWESI BARAT,MAMUJU TENGAH,TOPOYO,PANGALLOANG,14,343,83,746,183,TERTINGGAL,760600710,PKD pangalloang,2,1
SULAWESI BARAT,MAMUJU TENGAH,TOPOYO,SINABATTA,24,879,90,390,353,MAJU,760600707,POSKESDES SINABATTA,2,0
SULAWESI BARAT,MAMUJU TENGAH,KAROSSA,KAROSSA,41,487,88,919,595,MANDIRI,7606009,Puskesmas Durikumba,0,2
SULAWESI BARAT,MAMUJU TENGAH,KAROSSA,KAROSSA,41,487,88,919,595,MANDIRI,760600909,Pustu Karossa Pantai,1,0
SULAWESI BARAT,MAMUJU TENGAH,KAROSSA,KAROSSA,41,487,88,919,595,MANDIRI,760600911,POSKESDES LARA III,1,0
SULAWESI BARAT,MAMUJU TENGAH,KAROSSA,TASOKKO,81,778,45,619,926,BERKEMBANG,760601005,Pustu Tasokko,5,0
SULAWESI BARAT,MAMUJU TENGAH,KAROSSA,TASOKKO,81,778,45,619,926,BERKEMBANG,760601015,Poskesdes salubejau,1,0
SULAWESI BARAT,MAMUJU TENGAH,KAROSSA,LARA,76,660,22,197,549,TERTINGGAL,7606010,Puskesmas lara,0,1
SULAWESI BARAT,MAMUJU TENGAH,KAROSSA,LARA,76,660,22,197,549,TERTINGGAL,760601013,POSKESDES ANGGALEHA,1,0
SULAWESI BARAT,MAMUJU TENGAH,KAROSSA,KADAILA,25,699,39,459,984,MAJU,760600905,PUSTU KADAILA,2,0
SULAWESI BARAT,MAMUJU TENGAH,KAROSSA,KAYU CALLA,81,176,26,872,892,MANDIRI,760600902,pustu kayucalla,1,0
SULAWESI BARAT,MAMUJU TENGAH,KAROSSA,LEMBAH HOPO,64,722,54,790,464,BERKEMBANG,760601010,PUSTU LEMBAH HOPO,0,1
SULAWESI BARAT,MAMUJU TENGAH,KAROSSA,LEMBAH HOPO,64,722,54,790,464,BERKEMBANG,760601014,POSKESDES POPENGA,1,0
SULAWESI BARAT,MAMUJU TENGAH,KAROSSA,BENGGAULU,86,708,97,472,422,TERTINGGAL,760600903,pustu mora III,1,0
SULAWESI BARAT,MAMUJU TENGAH,KAROSSA,BENGGAULU,86,708,97,472,422,TERTINGGAL,760600907,poskesdes benggaulu,1,0
SULAWESI BARAT,MAMUJU TENGAH,KAROSSA,BENGGAULU,86,708,97,472,422,TERTINGGAL,760600912,PUSTU MORA IV,1,0
SULAWESI BARAT,MAMUJU TENGAH,KAROSSA,SUKA MAJU,59,604,39,336,187,MAJU,760601009,Poskesdes Lara 1,1,0
SULAWESI BARAT,MAMUJU TENGAH,KAROSSA,SUKA MAJU,59,604,39,336,187,MAJU,760601011,pustu sukamaju,2,0
SULAWESI BARAT,MAMUJU TENGAH,KAROSSA,KAMBUNONG,80,488,22,230,252,MANDIRI,760601007,POSKESDES ANTALILI,1,1
SULAWESI BARAT,MAMUJU TENGAH,KAROSSA,KAMBUNONG,80,488,22,230,252,MANDIRI,760601008,PUSTU KAMBUNONG,4,0
SULAWESI BARAT,MAMUJU TENGAH,KAROSSA,KAMBUNONG,80,488,22,230,252,MANDIRI,760601012,poskesdes pulau kambunong,1,0
SULAWESI BARAT,MAMUJU TENGAH,KAROSSA,SALUBIRO,48,522,90,585,429,BERKEMBANG,760601002,pustu salubiro,2,1
SULAWESI BARAT,MAMUJU TENGAH,KAROSSA,SANJANGO,56,508,66,313,365,TERTINGGAL,760600904,poskesdes sanjango,1,0
SULAWESI BARAT,MAMUJU TENGAH,KAROSSA,SANJANGO,56,508,66,313,365,TERTINGGAL,760600913,PUSTU SANJANGO,0,1
SULAWESI BARAT,PASANGKAYU,BAMBAIRA,TAMPAURE,17,475,38,612,831,MAJU,760100201,POSKESDES SALUIRA,1,0
SULAWESI BARAT,PASANGKAYU,BAMBAIRA,TAMPAURE,17,475,38,612,831,MAJU,760100202,POSKESDES BAMBARANO,1,0
SULAWESI BARAT,PASANGKAYU,BAMBAIRA,BAMBAIRA,94,216,89,713,204,MANDIRI,7601002,UPT PUSKESMAS BAMBAIRA,5,2
SULAWESI BARAT,PASANGKAYU,BAMBAIRA,BAMBAIRA,94,216,89,713,204,MANDIRI,760100206,POSKESDES BARUGA BARU,1,0
SULAWESI BARAT,PASANGKAYU,BAMBAIRA,BAMBAIRA,94,216,89,713,204,MANDIRI,760100207,PUSTU BAMBAIRA,2,0
SULAWESI BARAT,PASANGKAYU,BAMBAIRA,KASOLOANG,93,517,59,105,300,BERKEMBANG,760100204,POSKESDES KASOLOANG,3,1
SULAWESI BARAT,PASANGKAYU,BAMBAIRA,KALUKU NANGKA,46,389,57,726,872,TERTINGGAL,760100205,PUSTU KALUKUNANGKA,1,1
SULAWESI BARAT,PASANGKAYU,BAMBAIRA,KALUKU NANGKA,46,389,57,726,872,TERTINGGAL,760100208,POLINDES KALUKU NANGKA,0,1
SULAWESI BARAT,PASANGKAYU,BAMBALAMOTU,RANDOMAYANG,79,522,19,325,110,MAJU,7601003,UPT Puskesmas Bambalamotu,3,3
SULAWESI BARAT,PASANGKAYU,BAMBALAMOTU,BAMBALAMOTU,20,753,37,951,736,MANDIRI,760100310,Pustu Bambalamotu,0,1
SULAWESI BARAT,PASANGKAYU,BAMBALAMOTU,BAMBALAMOTU,20,753,37,951,736,MANDIRI,760100312,Pustu Baliri,1,0
SULAWESI BARAT,PASANGKAYU,BAMBALAMOTU,BAMBALAMOTU,20,753,37,951,736,MANDIRI,760100313,Pustu Sawi,1,0
SULAWESI BARAT,PASANGKAYU,BAMBALAMOTU,POLEWALI,62,601,23,533,648,BERKEMBANG,760100306,Pustu Polewali,1,0
SULAWESI BARAT,PASANGKAYU,BAMBALAMOTU,POLEWALI,62,601,23,533,648,BERKEMBANG,760100307,Poskesdes Hikma,1,0
SULAWESI BARAT,PASANGKAYU,BAMBALAMOTU,POLEWALI,62,601,23,533,648,BERKEMBANG,760100308,Poskesdes Lelumpang,1,0
SULAWESI BARAT,PASANGKAYU,BAMBALAMOTU,PANGIANG,47,802,46,447,116,TERTINGGAL,760100304,Pustu Pangiang,1,0
SULAWESI BARAT,PASANGKAYU,BAMBALAMOTU,PANGIANG,47,802,46,447,116,TERTINGGAL,760100305,Poskesdes Salule,1,0
SULAWESI BARAT,PASANGKAYU,BAMBALAMOTU,KALOLA,26,125,74,483,965,MAJU,760100301,Pustu Tasonde,0,1
SULAWESI BARAT,PASANGKAYU,BAMBALAMOTU,KALOLA,26,125,74,483,965,MAJU,760100302,Pustu Kalola,1,0
SULAWESI BARAT,PASANGKAYU,BAMBALAMOTU,KALOLA,26,125,74,483,965,MAJU,760100303,Poskesdes Sulapa,1,0
SULAWESI BARAT,PASANGKAYU,BAMBALAMOTU,WULAI,84,317,40,201,480,MANDIRI,760100309,Poskesdes Wulai,0,1
SULAWESI BARAT,PASANGKAYU,BARAS,BARAS,87,191,12,159,430,BERKEMBANG,760101002,Pustu Bambaloka,0,2
SULAWESI BARAT,PASANGKAYU,BARAS,BARAS,87,191,12,159,430,BERKEMBANG,760101004,BPM INDO'KU,1,0
SULAWESI BARAT,PASANGKAYU,BARAS,BULU PARIGI,39,307,19,260,998,TERTINGGAL,7601010,UPT PUSKESMAS BARAS 1,5,1
SULAWESI BARAT,PASANGKAYU,BARAS,BALANTI,73,627,42,902,230,MAJU,760101104,Pustu Balanti,1,0
SULAWESI BARAT,PASANGKAYU,BARAS,MOTU,25,311,79,312,563,MANDIRI,7601011,UPT PUSKESMAS BARAS 2,10,1
SULAWESI BARAT,PASANGKAYU,BARAS,MOTU,25,311,79,312,563,MANDIRI,7601018,KLINIK NUSA INDAH,0,1
SULAWESI BARAT,PASANGKAYU,BARAS,MOTU,25,311,79,312,563,MANDIRI,760101101,Poskesdes Motu,1,0
SULAWESI BARAT,PASANGKAYU,BARAS,MOTU,25,311,79,312,563,MANDIRI,760101105,BPM Smart,0,1
SULAWESI BARAT,PASANGKAYU,BARAS,TOWONI,20,153,49,424,534,BERKEMBANG,760101102,Polindes Towoni,1,0
SULAWESI BARAT,PASANGKAYU,BARAS,TOWONI,20,153,49,424,534,BERKEMBANG,760101103,Pustu Towoni,1,0
SULAWESI BARAT,PASANGKAYU,BARAS,KASANO,55,231,53,631,386,TERTINGGAL,760101001,Pustu Kasano,1,0
SULAWESI BARAT,PASANGKAYU,BULU TABA,SUMBER SARI,51,424,82,756,794,MAJU,760100902,PUSTU SUMBER SARI,2,0
SULAWESI BARAT,PASANGKAYU,BULU TABA,LELEJAE,42,928,53,215,353,MANDIRI,760100901,PUSTU LELEJAE,2,0
SULAWESI BARAT,PASANGKAYU,BULU TABA,BUKIT HARAPAN,19,804,26,977,106,BERKEMBANG,760100904,PUSTU BUKIT HARAPAN,1,0
SULAWESI BARAT,PASANGKAYU,BULU TABA,BUKIT HARAPAN,19,804,26,977,106,BERKEMBANG,760100905,POSKESDES HOW,1,0
SULAWESI BARAT,PASANGKAYU,BULU TABA,LILIMORI,18,820,69,819,292,TERTINGGAL,7601009,UPT PUSKESMAS BULUTABA,8,2
SULAWESI BARAT,PASANGKAYU,BULU TABA,KARAVE,57,676,41,638,684,MAJU,760100907,PUSTU KARAVE,1,0
SULAWESI BARAT,PASANGKAYU,BULU TABA,KASTABUANA,44,367,29,243,196,MANDIRI,760100906,PUSTU KASTABUANA,2,0
SULAWESI BARAT,PASANGKAYU,BULU TABA,OMPI,69,232,99,749,916,BERKEMBANG,760100903,PUSTU OMPI,1,0
SULAWESI BARAT,PASANGKAYU,DAPURANG,DAPURANG,53,519,53,860,409,TERTINGGAL,760101401,Pustu Dapurang,1,0
SULAWESI BARAT,PASANGKAYU,DAPURANG,DAPURANG,53,519,53,860,409,TERTINGGAL,760101403,Poskesdes Dapurang,0,1
SULAWESI BARAT,PASANGKAYU,DAPURANG,DAPURANG,53,519,53,860,409,TERTINGGAL,760101404,Polindes Tabalia,1,0
SULAWESI BARAT,PASANGKAYU,DAPURANG,DAPURANG,53,519,53,860,409,TERTINGGAL,760101418,BPM ISYANA,8,0
SULAWESI BARAT,PASANGKAYU,DAPURANG,DAPURANG,53,519,53,860,409,TERTINGGAL,760101419,Poskesdes Belawa Rahmat,1,0
SULAWESI BARAT,PASANGKAYU,DAPURANG,BENGGAULU,49,840,77,332,454,MAJU,7601014,UPT PUSKESMAS DAPURANG,3,2
SULAWESI BARAT,PASANGKAYU,DAPURANG,BENGGAULU,49,840,77,332,454,MAJU,760101409,Poskesdes Benggaulu,1,1
SULAWESI BARAT,PASANGKAYU,DAPURANG,BENGGAULU,49,840,77,332,454,MAJU,760101410,Polindes Pammanua,1,0
SULAWESI BARAT,PASANGKAYU,DAPURANG,BENGGAULU,49,840,77,332,454,MAJU,760101411,Pustu Benggaulu,0,1
SULAWESI BARAT,PASANGKAYU,DAPURANG,BENGGAULU,49,840,77,332,454,MAJU,760101412,Polindes Kanantuo,1,0
SULAWESI BARAT,PASANGKAYU,DAPURANG,BENGGAULU,49,840,77,332,454,MAJU,760101413,Polindes Maros Baru,1,1
SULAWESI BARAT,PASANGKAYU,DAPURANG,TIRTABUANA,58,270,34,519,881,MANDIRI,760101405,Pustu Tirtabuana,0,1
SULAWESI BARAT,PASANGKAYU,DAPURANG,BULU BONGGU,21,337,80,844,159,BERKEMBANG,760101402,Polindes Tobajo,1,0
SULAWESI BARAT,PASANGKAYU,DAPURANG,BULU BONGGU,21,337,80,844,159,BERKEMBANG,760101414,Pustu Bulubonggu,1,0
SULAWESI BARAT,PASANGKAYU,DAPURANG,BULU BONGGU,21,337,80,844,159,BERKEMBANG,760101415,Pustu Rontojali,1,0
SULAWESI BARAT,PASANGKAYU,DAPURANG,BULU BONGGU,21,337,80,844,159,BERKEMBANG,760101416,Polindes Duribohe,0,1
SULAWESI BARAT,PASANGKAYU,DAPURANG,BULU BONGGU,21,337,80,844,159,BERKEMBANG,760101417,Polindes Antai Kanan,1,0
SULAWESI BARAT,PASANGKAYU,DAPURANG,SARASA,78,973,94,971,835,TERTINGGAL,760101406,Pustu Sarasa,0,1
SULAWESI BARAT,PASANGKAYU,DAPURANG,SARASA,78,973,94,971,835,TERTINGGAL,760101407,Poskesdes Kasalai,0,1
SULAWESI BARAT,PASANGKAYU,DAPURANG,SARASA,78,973,94,971,835,TERTINGGAL,760101408,Poskesdes Bayu,1,0
SULAWESI BARAT,PASANGKAYU,DURIPOKU,TAMMARUNANG,11,528,21,697,256,MAJU,7601015,UPT PUSKESMAS DURIPOKU,12,0
SULAWESI BARAT,PASANGKAYU,DURIPOKU,SAPTANAJAYA,20,921,53,421,101,MANDIRI,760101501,Pustu Saptanajaya,2,0
SULAWESI BARAT,PASANGKAYU,DURIPOKU,TARANGGI,74,364,16,201,659,BERKEMBANG,760101503,Pustu Taranggi,1,0
SULAWESI BARAT,PASANGKAYU,DURIPOKU,SIPAKAINGA,25,252,14,120,707,TERTINGGAL,760101502,Pustu Sipakainga,1,0
SULAWESI BARAT,PASANGKAYU,LARIANG,KULU,65,630,47,941,474,MAJU,760100806,PUSTU GODANG,0,1
SULAWESI BARAT,PASANGKAYU,LARIANG,PARABU,38,279,89,423,911,MANDIRI,7601008,UPT PUSKESMAS LARIANG,3,2
SULAWESI BARAT,PASANGKAYU,LARIANG,KENANGAN,46,949,21,571,304,BERKEMBANG,760100801,PUSTU KENANGAN,1,0
SULAWESI BARAT,PASANGKAYU,LARIANG,BAJAWALI,37,411,68,549,655,TERTINGGAL,760100802,POSKESDES KENANGAN,1,0
SULAWESI BARAT,PASANGKAYU,LARIANG,BAJAWALI,37,411,68,549,655,TERTINGGAL,760100803,PUSTU BAJAWALI,1,0
SULAWESI BARAT,PASANGKAYU,LARIANG,SINGGANI,61,915,75,620,996,MAJU,760100807,POSKESDES SINGGANI,0,1
SULAWESI BARAT,PASANGKAYU,LARIANG,BATU MATORU,81,989,10,611,570,MANDIRI,760100805,POLINDES BATUMATORU,1,1
SULAWESI BARAT,PASANGKAYU,LARIANG,BAMBAKORO,87,918,37,438,271,BERKEMBANG,760100804,POSKESDES BAMBAKORO,1,1
SULAWESI BARAT,PASANGKAYU,PASANGKAYU,KARYA BERSAMA,12,470,91,614,309,TERTINGGAL,7601004,UPT PUSKESMAS PASANGKAYU 1,7,4
SULAWESI BARAT,PASANGKAYU,PASANGKAYU,AKO,95,488,17,214,608,MAJU,7601016,RSUD Kabupaten Pasangkayu,4,2
SULAWESI BARAT,PASANGKAYU,PASANGKAYU,AKO,95,488,17,214,608,MAJU,7601054,Unit Kesehatan Karyawan TSL-TBL,3,0
SULAWESI BARAT,PASANGKAYU,PASANGKAYU,AKO,95,488,17,214,608,MAJU,760100403,Poskesdes Taranja,2,0
SULAWESI BARAT,PASANGKAYU,PASANGKAYU,PASANGKAYU,40,475,15,985,194,MANDIRI,7601022,SMART MEDICAL CENTER,1,1
SULAWESI BARAT,PASANGKAYU,PASANGKAYU,PASANGKAYU,40,475,15,985,194,MANDIRI,7601025,KLINIK RES MATRA,1,0
SULAWESI BARAT,PASANGKAYU,PASANGKAYU,PASANGKAYU,40,475,15,985,194,MANDIRI,7601055,APOTIK ATTAR FARMA,2,0
SULAWESI BARAT,PASANGKAYU,PASANGKAYU,PASANGKAYU,40,475,15,985,194,MANDIRI,760100401,Poskesdes Tanjung,3,0
SULAWESI BARAT,PASANGKAYU,PASANGKAYU,PASANGKAYU,40,475,15,985,194,MANDIRI,760102201,KLINIK BPM BERSAMA,1,1
SULAWESI BARAT,PASANGKAYU,PASANGKAYU,PASANGKAYU,40,475,15,985,194,MANDIRI,760102202,Bidan Praktek Mandiri FITRI,3,0
SULAWESI BARAT,PASANGKAYU,PASANGKAYU,PASANGKAYU,40,475,15,985,194,MANDIRI,760102401,"Bidan Praktek Mandiri Hj. Jurhana, S.ST",2,1
SULAWESI BARAT,PASANGKAYU,PASANGKAYU,MARTAJAYA,15,656,95,647,126,BERKEMBANG,7601005,UPT PUSKESMAS PASANGKAYU 2,1,7
SULAWESI BARAT,PASANGKAYU,PASANGKAYU,PAKAVA,43,494,33,543,989,TERTINGGAL,760100501,Pustu Pakawa,1,2
SULAWESI BARAT,PASANGKAYU,PASANGKAYU,GUNUNG SARI,80,522,84,975,677,MAJU,7601017,Poli Klinik Kebun PT. Pasangkayu,5,2
SULAWESI BARAT,PASANGKAYU,PASANGKAYU,GUNUNG SARI,80,522,84,975,677,MAJU,760100502,Polindes Bambamone,0,1
SULAWESI BARAT,PASANGKAYU,PEDONGGA,MALEI,91,627,50,336,207,MANDIRI,7601006,UPT PUSKESMAS PEDONGGA,4,2
SULAWESI BARAT,PASANGKAYU,PEDONGGA,PEDANDA,36,597,14,962,860,BERKEMBANG,760100601,PUSTU PEDANDA,0,1
SULAWESI BARAT,PASANGKAYU,PEDONGGA,BATU OGE,49,835,93,495,712,TERTINGGAL,760100604,Polindes Batu Oge,1,1
SULAWESI BARAT,PASANGKAYU,PEDONGGA,MARTASARI,91,763,69,427,190,MAJU,7601021,POLIBUN PT MAMUANG,0,2
SULAWESI BARAT,PASANGKAYU,PEDONGGA,MARTASARI,91,763,69,427,190,MAJU,760100602,PUSTU MARTASARI,2,0
SULAWESI BARAT,PASANGKAYU,PEDONGGA,MARTASARI,91,763,69,427,190,MAJU,760100603,Poskesdes Kabuyu,1,1
SULAWESI BARAT,PASANGKAYU,SARJO,SARJO,75,342,54,788,969,MANDIRI,7601001,UPT PUSKESMAS SARJO,6,6
SULAWESI BARAT,PASANGKAYU,SARJO,MAPONU,56,620,13,992,889,BERKEMBANG,760100103,PUSTU MAPONU,3,0
SULAWESI BARAT,PASANGKAYU,SARJO,LETAWA,80,401,72,635,593,TERTINGGAL,760100102,POSKESDES LETAWA,1,2
SULAWESI BARAT,PASANGKAYU,SARJO,SARUDE,53,860,39,948,670,MAJU,760100101,POSKESDES SARUDE,4,0
SULAWESI BARAT,PASANGKAYU,SARUDU,DODA,86,804,36,270,843,MANDIRI,760101202,Poskesdes Tinangguli,1,0
SULAWESI BARAT,PASANGKAYU,SARUDU,DODA,86,804,36,270,843,MANDIRI,760101203,Pustu Doda,1,0
SULAWESI BARAT,PASANGKAYU,SARUDU,SARUDU,11,683,70,161,812,BERKEMBANG,7601012,UPT PUSKESMAS SARUDU 1,4,2
SULAWESI BARAT,PASANGKAYU,SARUDU,BULU MARIO,57,437,25,543,609,TERTINGGAL,7601013,UPT PUSKESMAS SARUDU 2,10,1
SULAWESI BARAT,PASANGKAYU,SARUDU,BULU MARIO,57,437,25,543,609,TERTINGGAL,7601019,POLIBUN PT SURYARAYA LESTARI 1,3,0
SULAWESI BARAT,PASANGKAYU,SARUDU,BULU MARIO,57,437,25,543,609,TERTINGGAL,7601026,Klinik dr. Suryana Mahmud,0,1
SULAWESI BARAT,PASANGKAYU,SARUDU,KUMASARI,94,413,94,691,550,MAJU,760101201,Pustu Kumasari,2,0
SULAWESI BARAT,PASANGKAYU,SARUDU,PATIKA,39,428,100,766,867,MANDIRI,760101301,Poskesdes Patika,1,0
SULAWESI BARAT,PASANGKAYU,TIKKE RAYA,MAKMUR JAYA,15,443,76,890,913,BERKEMBANG,7601020,POLIKLINIK PT. LETAWA,7,1
SULAWESI BARAT,PASANGKAYU,TIKKE RAYA,MAKMUR JAYA,15,443,76,890,913,BERKEMBANG,760100703,PUSTU MAKMUR JAYA,0,1
SULAWESI BARAT,PASANGKAYU,TIKKE RAYA,LARIANG,25,628,62,267,398,TERTINGGAL,760100705,POSKESDES LARIANG,0,1
SULAWESI BARAT,PASANGKAYU,TIKKE RAYA,TIKKE,25,146,54,263,836,MAJU,760100701,POSKESDES TIKKE,0,1
SULAWESI BARAT,PASANGKAYU,TIKKE RAYA,PAJALELE,59,669,12,575,303,MANDIRI,760100704,POSKESDES PAJALELE,1,0
SULAWESI BARAT,PASANGKAYU,TIKKE RAYA,JENGENG RAYA,65,326,40,544,565,BERKEMBANG,7601007,UPT PUSKESMAS TIKKE,11,3
SULAWESI BARAT,PASANGKAYU,TIKKE RAYA,JENGENG RAYA,65,326,40,544,565,BERKEMBANG,760100702,POSKESDES JENGENG RAYA,1,0
SULAWESI BARAT,MAJENE,BANGGAE,BANGGAE,53,935,32,223,609,TERTINGGAL,7605001,PUSKESMAS BANGGAE I,5,1
SULAWESI BARAT,MAJENE,BANGGAE,BARU,81,948,51,438,223,MAJU,7605002,PKBRS MAJENE,13,1
SULAWESI BARAT,MAJENE,BANGGAE,BARU,81,948,51,438,223,MAJU,7605031,PMB NURDIANA,2,1
SULAWESI BARAT,MAJENE,BANGGAE,BARU,81,948,51,438,223,MAJU,760500201,PRAKTEK MANDIRI BIDAN (PMB) NURRAHMI,3,1
SULAWESI BARAT,MAJENE,BANGGAE,BARU,81,948,51,438,223,MAJU,760500706,PUSTU TEPPO,1,1
SULAWESI BARAT,MAJENE,BANGGAE,PANGALI ALI,60,853,34,473,698,MANDIRI,760500101,PUSTU PANGALI-ALI,0,2
SULAWESI BARAT,MAJENE,BANGGAE,PANGALI ALI,60,853,34,473,698,MANDIRI,760500102,POSKESDES RUSUNG,1,0
SULAWESI BARAT,MAJENE,BANGGAE,PANGALI ALI,60,853,34,473,698,MANDIRI,760500103,BPM ADRIANI,2,0
SULAWESI BARAT,MAJENE,BANGGAE,PANGALI ALI,60,853,34,473,698,MANDIRI,760500104,BPM NUR FAISAH,1,0
SULAWESI BARAT,MAJENE,BANGGAE,TOTOLI,47,891,15,152,278,BERKEMBANG,7605007,PUSKESMAS TOTOLI,3,5
SULAWESI BARAT,MAJENE,BANGGAE,TOTOLI,47,891,15,152,278,BERKEMBANG,7605024,PMB HJ.MARYAM,0,3
SULAWESI BARAT,MAJENE,BANGGAE,TOTOLI,47,891,15,152,278,BERKEMBANG,760500703,POSKESDES KALASA,2,0
SULAWESI BARAT,MAJENE,BANGGAE,TOTOLI,47,891,15,152,278,BERKEMBANG,760500707,PRAKTEK BIDAN MANDIRI NURHAYATI N,3,0
SULAWESI BARAT,MAJENE,BANGGAE,RANGAS,66,514,25,951,690,TERTINGGAL,7605025,PRAKTEK MANDIRI BIDAN NOPI WINARTI,4,1
SULAWESI BARAT,MAJENE,BANGGAE,GALUNG,25,554,32,604,478,MAJU,Tidak Ada,Tidak Ada,0,0
SULAWESI BARAT,MAJENE,BANGGAE,PALIPI SOREANG,54,888,76,734,241,MANDIRI,760500702,POSKESDES SOREANG,3,1
SULAWESI BARAT,MAJENE,BANGGAE,PAMBOBORANG,40,440,64,134,335,BERKEMBANG,760500704,POSKESDES KONJA,1,2
SULAWESI BARAT,MAJENE,BANGGAE,PAMBOBORANG,40,440,64,134,335,BERKEMBANG,760500705,POSKESDES GALUNG PAARA,2,1
SULAWESI BARAT,MAJENE,BANGGAE TIMUR,BAURUNG,91,532,62,293,943,TERTINGGAL,760501401,PUSTU TAMO,0,1
SULAWESI BARAT,MAJENE,BANGGAE TIMUR,BAURUNG,91,532,62,293,943,TERTINGGAL,760501402,POSKESDES BAURUNG,4,0
SULAWESI BARAT,MAJENE,BANGGAE TIMUR,BARUGA,86,858,50,365,620,MAJU,Tidak Ada,Tidak Ada,0,0
SULAWESI BARAT,MAJENE,BANGGAE TIMUR,BARUGA DHUA,78,951,71,719,569,MANDIRI,760500304,Poskesdes Segeri,0,1
SULAWESI BARAT,MAJENE,BANGGAE TIMUR,BARUGA DHUA,78,951,71,719,569,MANDIRI,760500305,Pustu Baruga Dhua,1,0
SULAWESI BARAT,MAJENE,BANGGAE TIMUR,LABUANG,98,475,92,175,602,BERKEMBANG,Tidak Ada,Tidak Ada,0,0
SULAWESI BARAT,MAJENE,BANGGAE TIMUR,TANDE,23,231,60,832,753,TERTINGGAL,760500302,Pustu Tande,1,0
SULAWESI BARAT,MAJENE,BANGGAE TIMUR,TANDE,23,231,60,832,753,TERTINGGAL,760500303,Poskesdes Buttu Tande,1,0
SULAWESI BARAT,MAJENE,BANGGAE TIMUR,LEMBANG,32,309,81,338,486,MAJU,7605014,PUSKESMAS LEMBANG,6,1
SULAWESI BARAT,MAJENE,BANGGAE TIMUR,LEMBANG,32,309,81,338,486,MAJU,760501403,"PRAKTEK MANDIRI BIDAN ASMUNI, Amd. Keb",0,1
SULAWESI BARAT,MAJENE,BANGGAE TIMUR,LABUANG UTARA,77,753,40,901,976,MANDIRI,7605003,Puskesmas Banggae II,2,2
SULAWESI BARAT,MAJENE,BANGGAE TIMUR,LABUANG UTARA,77,753,40,901,976,MANDIRI,7605023,PMB JENI,2,1
SULAWESI BARAT,MAJENE,BANGGAE TIMUR,LABUANG UTARA,77,753,40,901,976,MANDIRI,760502201,PMB USWATI,2,2
SULAWESI BARAT,MAJENE,BANGGAE TIMUR,TANDE TIMUR,68,920,31,733,813,BERKEMBANG,Tidak Ada,Tidak Ada,0,0
SULAWESI BARAT,MAJENE,BANGGAE TIMUR,BUTTU BARUGA,83,520,67,767,607,TERTINGGAL,760500306,Poskesdes Buttu Baruga,1,0
SULAWESI BARAT,MAJENE,MALUNDA,MALUNDA,95,717,59,531,632,MAJU,Tidak Ada,Tidak Ada,0,0
SULAWESI BARAT,MAJENE,MALUNDA,LAMUNGANG BATU,57,720,50,285,419,MANDIRI,7605008,PUSKESMAS MALUNDA,0,8
SULAWESI BARAT,MAJENE,MALUNDA,BAMBANGAN,65,228,59,167,889,BERKEMBANG,760500806,PUSTU BAMBANGAN,1,0
SULAWESI BARAT,MAJENE,MALUNDA,LOMBANG,65,640,11,672,489,TERTINGGAL,760500809,PUSTU LOMBANG,1,0
SULAWESI BARAT,MAJENE,MALUNDA,LOMBONG,57,514,95,421,678,MAJU,760500802,PUSTU LOMBONG,1,0
SULAWESI BARAT,MAJENE,MALUNDA,MEKKATTA,67,402,100,936,234,MANDIRI,760500803,POSKESDES SAMALIO,5,0
SULAWESI BARAT,MAJENE,MALUNDA,MALIAYA,52,246,78,791,367,BERKEMBANG,760500805,POSKESDES MALIAYA,1,0
SULAWESI BARAT,MAJENE,MALUNDA,LOMBANG TIMUR,80,949,27,652,132,TERTINGGAL,760500811,POSKESDES LOMBANG TIMUR,1,0
SULAWESI BARAT,MAJENE,MALUNDA,SALUTAHONGAN,83,730,76,828,482,MAJU,760500812,POSKESDES SALUTAHONGANG,1,0
SULAWESI BARAT,MAJENE,MALUNDA,LOMBONG TIMUR,82,476,100,730,188,MANDIRI,760500808,POSKESDES LOMBONG TIMUR,1,0
SULAWESI BARAT,MAJENE,MALUNDA,MEKKATTA SELATAN,11,109,19,354,732,BERKEMBANG,760500804,POSKESDES TANISI,1,0
SULAWESI BARAT,MAJENE,MALUNDA,KAYUANGIN,51,454,39,201,672,TERTINGGAL,760500801,POSKESDES KAYUANGIN,1,0
SULAWESI BARAT,MAJENE,PAMBOANG,LALAMPANUA,12,556,30,875,918,MAJU,7605005,PUSKESMAS PAMBOANG,3,5
SULAWESI BARAT,MAJENE,PAMBOANG,LALAMPANUA,12,556,30,875,918,MAJU,7605030,BPM RISNA,0,1
SULAWESI BARAT,MAJENE,PAMBOANG,LALAMPANUA,12,556,30,875,918,MAJU,760500524,"BPM YULI PURNAWANTI, AM.Keb",0,1
SULAWESI BARAT,MAJENE,PAMBOANG,SIRINDU,47,300,100,385,705,MANDIRI,760500518,PUSTU SIRINDU,1,1
SULAWESI BARAT,MAJENE,PAMBOANG,SIRINDU,47,300,100,385,705,MANDIRI,760500519,POSKESDES SIRINDU,1,0
SULAWESI BARAT,MAJENE,PAMBOANG,SIRINDU,47,300,100,385,705,MANDIRI,760500523,"BPM KUSUMAWATI, S. Tr. Keb",0,1
SULAWESI BARAT,MAJENE,PAMBOANG,ADOLANG,83,724,48,897,620,BERKEMBANG,760500515,POSKESDES RAWANG ADOLANG,1,0
SULAWESI BARAT,MAJENE,PAMBOANG,BABABULO,73,908,34,595,560,TERTINGGAL,760500503,PUSTU BABABULO,0,1
SULAWESI BARAT,MAJENE,PAMBOANG,BONDE,71,207,38,794,653,MAJU,760500501,PUSTU BONDE,1,1
SULAWESI BARAT,MAJENE,PAMBOANG,BETTENG,95,184,20,195,134,MANDIRI,760500506,PUSTU BETTENG,1,0
SULAWESI BARAT,MAJENE,PAMBOANG,BETTENG,95,184,20,195,134,MANDIRI,760500507,POSKESDES BETTENG,1,0
SULAWESI BARAT,MAJENE,PAMBOANG,BETTENG,95,184,20,195,134,MANDIRI,760500508,POSKESDES GALUNG BETTENG,1,0
SULAWESI BARAT,MAJENE,PAMBOANG,SIMBANG,68,894,51,125,331,BERKEMBANG,760500509,POSKESDES PALLARANGAN,0,1
SULAWESI BARAT,MAJENE,PAMBOANG,SIMBANG,68,894,51,125,331,BERKEMBANG,760500510,PUSTU SIMBANG,0,1
SULAWESI BARAT,MAJENE,PAMBOANG,BONDE UTARA,46,618,57,157,893,TERTINGGAL,760500502,POSKESDES BONDE UTARA,0,1
SULAWESI BARAT,MAJENE,PAMBOANG,BABABULO UTARA,35,520,100,494,354,MAJU,760500504,POSKESDES BABABULO UTARA,0,1
SULAWESI BARAT,MAJENE,PAMBOANG,BUTTU PAMBOANG,58,379,89,553,165,MANDIRI,760500511,POSKESDES PUARE,1,0
SULAWESI BARAT,MAJENE,PAMBOANG,BANUA ADOLANG,33,574,41,916,181,BERKEMBANG,760500512,POSKESDES COCI,1,0
SULAWESI BARAT,MAJENE,PAMBOANG,BANUA ADOLANG,33,574,41,916,181,BERKEMBANG,760500513,POSKESDES BANUA ADOLANG,2,0
SULAWESI BARAT,MAJENE,PAMBOANG,BANUA ADOLANG,33,574,41,916,181,BERKEMBANG,760500514,POSKESDES PARA,1,0
SULAWESI BARAT,MAJENE,PAMBOANG,ADOLANG DHUA,64,609,29,916,362,TERTINGGAL,760500516,POSKESDES ADOLANG,1,0
SULAWESI BARAT,MAJENE,PAMBOANG,ADOLANG DHUA,64,609,29,916,362,TERTINGGAL,760500517,PUSTU ADOLANG,1,0
SULAWESI BARAT,MAJENE,PAMBOANG,TINAMBUNG,11,559,45,511,352,MAJU,760500505,POSKESDES TINAMBUNG,0,1
SULAWESI BARAT,MAJENE,PAMBOANG,TINAMBUNG,11,559,45,511,352,MAJU,760502102,BPM AMELIAH ABDULLAH,0,1
SULAWESI BARAT,MAJENE,PAMBOANG,PESULOANG,51,486,85,284,555,MANDIRI,760500522,POSKESDES PESULOANG,0,1
SULAWESI BARAT,MAJENE,PAMBOANG,BALOMBONG,37,172,26,879,974,BERKEMBANG,760500520,POSKESDES ULU BALOMBONG,1,0
SULAWESI BARAT,MAJENE,PAMBOANG,BALOMBONG,37,172,26,879,974,BERKEMBANG,760500521,POSKESDES BALOMBONG,1,0
SULAWESI BARAT,MAJENE,SENDANA,MOSSO,40,461,90,146,125,TERTINGGAL,7605013,PUSKESMAS SENDANA 1,12,6
SULAWESI BARAT,MAJENE,SENDANA,MOSSO,40,461,90,146,125,TERTINGGAL,760501305,POSKESDES LABUANG,4,0
SULAWESI BARAT,MAJENE,SENDANA,MOSSO DHUA,70,912,66,851,324,MAJU,760501302,POSKESDES PUMBALLAR,1,0
SULAWESI BARAT,MAJENE,SENDANA,MOSSO DHUA,70,912,66,851,324,MAJU,760501321,PUSTU MOSSO DHUA,0,1
SULAWESI BARAT,MAJENE,SENDANA,TOTOLISI SENDANA,57,114,41,472,717,MANDIRI,760501310,POSKESDES TOTOLISI,4,1
SULAWESI BARAT,MAJENE,SENDANA,TALLUBANUA,49,990,50,104,659,BERKEMBANG,760501314,PUSTU TALLU BANUA,7,0
SULAWESI BARAT,MAJENE,SENDANA,TALLUBANUA,49,990,50,104,659,BERKEMBANG,760501315,POSKESDES TULLU BULAN,1,0
SULAWESI BARAT,MAJENE,SENDANA,LALATEDZONG,99,189,98,449,746,TERTINGGAL,760501306,POSKESDES LALATTEDONG,2,0
SULAWESI BARAT,MAJENE,SENDANA,BINANGA,57,956,75,995,654,MAJU,Tidak Ada,Tidak Ada,0,0
SULAWESI BARAT,MAJENE,SENDANA,PUTTADA,19,682,64,286,673,MANDIRI,760501309,PUSTU PUTTADA,3,0
SULAWESI BARAT,MAJENE,SENDANA,PAMINGGALAN,36,782,66,200,274,BERKEMBANG,760501317,POSKESDES PAMINGGALAN,1,0
SULAWESI BARAT,MAJENE,SENDANA,LEPPANGANG,74,302,61,803,935,TERTINGGAL,760501307,PUSTU PUNDAU,6,0
SULAWESI BARAT,MAJENE,SENDANA,PUNDAU,94,112,95,989,426,MAJU,760501308,POSKESDES PUNDAU,2,0
SULAWESI BARAT,MAJENE,SENDANA,SENDANA,22,925,68,764,485,MANDIRI,760501311,PUSTU PALIPI SENDANA,1,0
SULAWESI BARAT,MAJENE,SENDANA,SENDANA,22,925,68,764,485,MANDIRI,760501312,POSKESDES RATTE,1,1
SULAWESI BARAT,MAJENE,SENDANA,SENDANA,22,925,68,764,485,MANDIRI,760501319,BPM INTAN PRATAMA,2,0
SULAWESI BARAT,MAJENE,SENDANA,BANUA SENDANA,28,632,85,294,418,BERKEMBANG,760501313,POSKESDES BANUA SENDANA,4,0
SULAWESI BARAT,MAJENE,SENDANA,TALLUBANUA UTARA,99,695,44,521,142,TERTINGGAL,760501320,PMB SITI MARLINA,1,1
SULAWESI BARAT,MAJENE,SENDANA,LIMBORO RAMBU-RAMBU,89,733,19,552,489,MAJU,760501316,PUSTU LIMBORO RAMBU-RAMBU,2,0
SULAWESI BARAT,MAJENE,SENDANA,LIMBUA,70,787,38,681,652,MANDIRI,760501318,BPM FATIMAH,1,1
SULAWESI BARAT,MAJENE,SENDANA,BUKIT SAMANG,36,175,53,298,385,BERKEMBANG,760501301,"BPM BIDAN MARDA, Amd.Keb",0,1
SULAWESI BARAT,MAJENE,SENDANA,BUKIT SAMANG,36,175,53,298,385,BERKEMBANG,760501303,POSKESDES APOANG,3,1
SULAWESI BARAT,MAJENE,SENDANA,BUKIT SAMANG,36,175,53,298,385,BERKEMBANG,760501304,POSKESDES PASSAU,2,1
SULAWESI BARAT,MAJENE,TAMMERODO SENDANA,SEPPONG,94,706,37,397,984,TERTINGGAL,760500609,Pustu Seppong,1,0
SULAWESI BARAT,MAJENE,TAMMERODO SENDANA,SEPPONG,94,706,37,397,984,TERTINGGAL,760500610,Poskesdes Seppong,1,0
SULAWESI BARAT,MAJENE,TAMMERODO SENDANA,SEPPONG,94,706,37,397,984,TERTINGGAL,760500611,Poskesdes Talongga,1,0
SULAWESI BARAT,MAJENE,TAMMERODO SENDANA,TAMMERODO,47,731,84,731,345,MAJU,760500602,Poskesdes Karema,1,0
SULAWESI BARAT,MAJENE,TAMMERODO SENDANA,ULIDANG,11,734,72,122,984,MANDIRI,760500604,Poskesdes Waigamo,1,0
SULAWESI BARAT,MAJENE,TAMMERODO SENDANA,ULIDANG,11,734,72,122,984,MANDIRI,760500605,Pustu Ulidang,2,0
SULAWESI BARAT,MAJENE,TAMMERODO SENDANA,ULIDANG,11,734,72,122,984,MANDIRI,760500615,BPM BUNDA ESA,3,0
SULAWESI BARAT,MAJENE,TAMMERODO SENDANA,TALLAMBALAO,73,961,84,416,794,BERKEMBANG,760500613,Poskesdes Tallambalao,1,0
SULAWESI BARAT,MAJENE,TAMMERODO SENDANA,TALLAMBALAO,73,961,84,416,794,BERKEMBANG,760500614,Pustu Pa'dangan,1,0
SULAWESI BARAT,MAJENE,TAMMERODO SENDANA,TAMMERODO UTARA,25,212,24,495,675,TERTINGGAL,7605006,PUSKESMAS TAMMERODO,8,1
SULAWESI BARAT,MAJENE,TAMMERODO SENDANA,TAMMERODO UTARA,25,212,24,495,675,TERTINGGAL,760500603,Polindes Leba - Leba,1,0
SULAWESI BARAT,MAJENE,TAMMERODO SENDANA,MANYAMBA,61,542,22,693,784,MAJU,760500612,Poskesdes Manyamba,1,0
SULAWESI BARAT,MAJENE,TAMMERODO SENDANA,AWO,20,384,47,961,891,MANDIRI,760500606,Pustu Tippulu,1,0
SULAWESI BARAT,MAJENE,TAMMERODO SENDANA,AWO,20,384,47,961,891,MANDIRI,760500607,Poskesdes Awo,1,0
SULAWESI BARAT,MAJENE,TUBO SENDANA,ONANG,94,866,58,199,607,BERKEMBANG,760501101,POSKESDES SUMAKUYU,1,0
SULAWESI BARAT,MAJENE,TUBO SENDANA,ONANG,94,866,58,199,607,BERKEMBANG,760501102,PUSTU PARABAYA,0,1
SULAWESI BARAT,MAJENE,TUBO SENDANA,ONANG,94,866,58,199,607,BERKEMBANG,760501109,BPM KASIH BUNDA R5,1,1
SULAWESI BARAT,MAJENE,TUBO SENDANA,TUBO,49,280,73,586,994,TERTINGGAL,760501106,POSKESDES TUBO,1,0
SULAWESI BARAT,MAJENE,TUBO SENDANA,ONANG UTARA,94,838,15,973,975,MAJU,760501103,PUSTU ONANG UTARA,1,0
SULAWESI BARAT,MAJENE,TUBO SENDANA,TUBO SELATAN,53,636,59,361,794,MANDIRI,760501104,PUSTU TUBO SELATAN,1,0
SULAWESI BARAT,MAJENE,TUBO SENDANA,BONDE BONDE,88,490,26,425,538,BERKEMBANG,7605011,PKM SENDANA II,10,0
SULAWESI BARAT,MAJENE,TUBO SENDANA,BONDE BONDE,88,490,26,425,538,BERKEMBANG,760501108,"PRAKTEK MANDIRI BIDAN NURAENI, S.ST,M.Kes",2,0
SULAWESI BARAT,MAJENE,TUBO SENDANA,TUBO TENGAH,48,352,89,109,621,TERTINGGAL,760501105,POSKESDES LOMBONA,1,0
SULAWESI BARAT,MAJENE,TUBO SENDANA,TUBO POANG,37,941,83,219,468,MAJU,760501107,PUSTU TUBO POANG,1,0
SULAWESI BARAT,MAJENE,ULUMANDA,KABIRAAN,41,388,68,942,586,MANDIRI,7605010,PUSKESMAS ULUMANDA,1,3
SULAWESI BARAT,MAJENE,ULUMANDA,SAMBABO,15,955,60,953,535,BERKEMBANG,760501502,POSKESDES SAMBABO,2,0
SULAWESI BARAT,MAJENE,ULUMANDA,TANDEALLO,48,298,21,443,153,TERTINGGAL,760501003,POSKESDES PAKU,0,1
SULAWESI BARAT,MAJENE,ULUMANDA,TANDEALLO,48,298,21,443,153,TERTINGGAL,760501004,PUSTU TANDEALLO,0,1
SULAWESI BARAT,MAJENE,ULUMANDA,ULUMANDA,82,687,16,186,242,MAJU,760501002,PUSTU ULUMANDA,1,0
SULAWESI BARAT,MAJENE,ULUMANDA,SALUTAMBUNG,92,938,95,449,119,MANDIRI,7605015,PUSKESMAS SALUTAMBUNG,4,2
SULAWESI BARAT,MAJENE,ULUMANDA,POPENGA,19,600,30,531,680,BERKEMBANG,760501005,POSKESDES UREKANG,1,0
SULAWESI BARAT,MAJENE,ULUMANDA,SULAI,72,571,98,618,116,TERTINGGAL,760501504,POSKESDES SULAI,3,0
SULAWESI BARAT,MAJENE,ULUMANDA,PANGGALO,58,209,29,930,946,MAJU,760501006,POSKESDES PANGGALO,1,0
SULAWESI BARAT,MAMASA,ARALLE,ARALLE,66,744,29,939,479,MANDIRI,7603002,PUSKESMAS ARALLE,9,1
SULAWESI BARAT,MAMASA,ARALLE,RALLE ANAK,66,613,40,723,926,BERKEMBANG,760300208,PUSTU RALLEANAK,1,1
SULAWESI BARAT,MAMASA,ARALLE,PANETEAN,21,967,45,476,285,TERTINGGAL,760300201,PUSTU PANETEAN,1,0
SULAWESI BARAT,MAMASA,ARALLE,UHAILANU,74,162,26,296,691,MAJU,760300202,POSKESDES UHAILANU,1,0
SULAWESI BARAT,MAMASA,ARALLE,ARALLE UTARA,26,110,43,197,236,MANDIRI,760300203,PUSTU ARALLE UTARA,0,1
SULAWESI BARAT,MAMASA,ARALLE,UHAIDAHO,57,102,91,557,934,BERKEMBANG,760300205,PUSTU UHAIDAO,1,0
SULAWESI BARAT,MAMASA,ARALLE,BARURU,16,191,59,911,257,TERTINGGAL,760300206,PUSTU BARURU,3,0
SULAWESI BARAT,MAMASA,ARALLE,RALLEANAK UTARA,95,869,23,757,203,MAJU,760300209,PUSTU RALLEANAK UTARA,1,0
SULAWESI BARAT,MAMASA,ARALLE,RALLEANAK UTARA,95,869,23,757,203,MAJU,760300211,RALLEANAK UTARA,1,0
SULAWESI BARAT,MAMASA,ARALLE,PAMOSEANG PANGGA,96,747,62,908,203,MANDIRI,760300207,PUSTU PAMOSEANG PANGGA,1,0
SULAWESI BARAT,MAMASA,ARALLE,KALABE,80,931,27,148,250,BERKEMBANG,760300204,"PUSTU KALA,BE",1,0
SULAWESI BARAT,MAMASA,ARALLE,ARALLE SELATAN,48,866,19,785,946,TERTINGGAL,Tidak Ada,Tidak Ada,0,0
SULAWESI BARAT,MAMASA,ARALLE,HAHANGAN,14,924,11,104,247,MAJU,760300210,PUSTU HAHANGAN,3,0
SULAWESI BARAT,MAMASA,BALLA,BALLA,66,173,53,202,232,MANDIRI,7603019,RSUD KONDO SAPATA,23,0
SULAWESI BARAT,MAMASA,BALLA,BALLA,66,173,53,202,232,MANDIRI,760301208,POSKESDES BALLA,3,1
SULAWESI BARAT,MAMASA,BALLA,BALLA BARAT,52,351,47,368,270,BERKEMBANG,760301205,POSKESDES BALLA BARAT,1,0
SULAWESI BARAT,MAMASA,BALLA,BALLA SATANETEAN,70,287,67,534,898,TERTINGGAL,7603012,PUSKESMAS BALLA,5,2
SULAWESI BARAT,MAMASA,BALLA,BALLA TUMUKA,10,407,52,754,953,MAJU,760301206,PUSTU BALLA TUMUKA,1,0
SULAWESI BARAT,MAMASA,BALLA,SEPAKUAN,44,849,68,964,549,MANDIRI,760301207,PUSTU BALLA,5,0
SULAWESI BARAT,MAMASA,BALLA,SEPAKUAN,44,849,68,964,549,MANDIRI,760301209,POSKESDES SALUNATA,1,0
SULAWESI BARAT,MAMASA,BALLA,PIDARA,47,781,31,788,756,BERKEMBANG,760301204,PUSTU PIDARA,2,0
SULAWESI BARAT,MAMASA,BALLA,BAMBAPUANG,36,459,48,134,550,TERTINGGAL,760301202,POSKESDES BAMBAPUANG,2,0
SULAWESI BARAT,MAMASA,BALLA,BALLA TIMUR,97,179,10,220,148,MAJU,760301201,POSKESDES BALLA TIMUR,2,0
SULAWESI BARAT,MAMASA,BAMBANG,MOKALLANG,44,251,28,957,638,MANDIRI,760301103,POSKESDES LEMBANG MOKALLANG,1,0
SULAWESI BARAT,MAMASA,BAMBANG,MASOSO,78,806,67,255,632,BERKEMBANG,760301107,POLINDES MASOSO,1,0
SULAWESI BARAT,MAMASA,BAMBANG,SALUASSING,49,957,34,430,427,TERTINGGAL,760301108,PUSTU SALUASSING,1,0
SULAWESI BARAT,MAMASA,BAMBANG,SALUBULO,79,398,40,675,150,MAJU,760301109,PUSTU SALUBULO,1,0
SULAWESI BARAT,MAMASA,BAMBANG,SALUKADI,79,438,41,104,260,MANDIRI,760301105,PUSTU SALUKADI,1,0
SULAWESI BARAT,MAMASA,BAMBANG,SALUKEPOPOK,49,131,11,991,504,BERKEMBANG,760301111,PUSTU SALUKEPOPOK,2,0
SULAWESI BARAT,MAMASA,BAMBANG,ULUMAMBI BARAT,14,155,79,352,238,TERTINGGAL,760301110,PUSTU ULUMAMBI BARAT,1,0
SULAWESI BARAT,MAMASA,BAMBANG,LIMBADEBATA,95,376,62,125,554,MAJU,760301120,PUSTU LIMBA DEBATA,2,0
SULAWESI BARAT,MAMASA,BAMBANG,TANETE TOMBA,35,970,68,556,900,MANDIRI,760301104,PUSKESDES TANETE TOMBA,1,0
SULAWESI BARAT,MAMASA,BAMBANG,BAMBANG,17,874,43,472,816,BERKEMBANG,760301113,PUSTU BAMBANG,0,1
SULAWESI BARAT,MAMASA,BAMBANG,RANTELEMO,70,228,36,938,241,TERTINGGAL,Tidak Ada,Tidak Ada,0,0
SULAWESI BARAT,MAMASA,BAMBANG,SALUDENGEN,98,469,52,999,155,MAJU,760301114,PUSTU SALUDENGEN,1,0
SULAWESI BARAT,MAMASA,BAMBANG,ULUMAMBI,52,516,44,575,772,MANDIRI,760301115,PUSTU ULUMAMBI,1,0
SULAWESI BARAT,MAMASA,BAMBANG,BAMBANG TIMUR,10,878,53,616,467,BERKEMBANG,760301116,PUSTU BAMBANG TIMUR,1,0
SULAWESI BARAT,MAMASA,BAMBANG,MINANGA,86,182,52,998,127,TERTINGGAL,760301117,PUSTU MINANGA,1,0
SULAWESI BARAT,MAMASA,BAMBANG,SIKAMASE,21,767,11,948,933,MAJU,760301102,POLINDES SIKAMASE,1,0
SULAWESI BARAT,MAMASA,BAMBANG,RANTETARIMA,61,369,62,176,131,MANDIRI,760301118,PUSTU RANTETARIMA,1,0
SULAWESI BARAT,MAMASA,BAMBANG,SALURURU,79,581,19,665,160,BERKEMBANG,7603011,PUSKESMAS BAMBANG,10,2
SULAWESI BARAT,MAMASA,BAMBANG,SALUTABANG,54,364,32,308,152,TERTINGGAL,760301101,POSKESDES SALUTABANG,1,0
SULAWESI BARAT,MAMASA,BAMBANG,BALATANA,52,533,84,535,351,MAJU,760301106,PUSTU BALATANA,1,0
SULAWESI BARAT,MAMASA,BUNTUMALANGKA,BUNTUMALANGKA,40,286,58,305,787,MANDIRI,7603016,PKM BUNTU MALANGKA,6,1
SULAWESI BARAT,MAMASA,BUNTUMALANGKA,RANTEBERAN,30,676,93,834,437,BERKEMBANG,760301601,PUSTU RANTE BERANG,0,1
SULAWESI BARAT,MAMASA,BUNTUMALANGKA,KEBANGA,28,648,10,666,500,TERTINGGAL,760301602,PUSTU KEBANGA,1,0
SULAWESI BARAT,MAMASA,BUNTUMALANGKA,SALURINDU,97,910,94,758,181,MAJU,760301605,PUSTU SALURINDU,0,1
SULAWESI BARAT,MAMASA,BUNTUMALANGKA,TAORA,97,921,48,713,516,MANDIRI,760301604,PUSTU TAORA,1,0
SULAWESI BARAT,MAMASA,BUNTUMALANGKA,KABAE,72,127,63,843,873,BERKEMBANG,760302101,PUSTU KABAE,1,0
SULAWESI BARAT,MAMASA,BUNTUMALANGKA,SALUTAMBUN BARAT,97,332,29,204,792,TERTINGGAL,7603021,PUSKESMAS SALUTAMBUN,9,1
SULAWESI BARAT,MAMASA,BUNTUMALANGKA,PENATANGAN,65,911,44,703,908,MAJU,760301603,PUSTU PENATANGAN,2,0
SULAWESI BARAT,MAMASA,BUNTUMALANGKA,SALUTAMBUN TIMUR,35,291,95,913,770,MANDIRI,760302104,PUSTU SALUTAMBUN TIMUR,1,0
SULAWESI BARAT,MAMASA,BUNTUMALANGKA,SALUTAMBUN,71,783,71,833,925,BERKEMBANG,760302102,PUSTU SALUTAMBUN,1,0
SULAWESI BARAT,MAMASA,BUNTUMALANGKA,ARALLE TIMUR,48,306,81,117,108,TERTINGGAL,760302103,PUSTU ARALLE TIMUR,1,0
SULAWESI BARAT,MAMASA,MAMASA,MAMASA,49,303,27,468,467,MAJU,7603003,PUSKESMAS MAMASA,5,1
SULAWESI BARAT,MAMASA,MAMASA,RAMBUSARATU,46,843,60,491,104,MANDIRI,760300309,Poskesdes Rambu Saratu,2,1
SULAWESI BARAT,MAMASA,MAMASA,OSANGO,31,936,47,503,912,BERKEMBANG,760300301,POSKEDES OSANGO,1,1
SULAWESI BARAT,MAMASA,MAMASA,LAMBANAN,90,689,52,314,893,TERTINGGAL,760300302,PUSTU LAMBANAN,3,0
SULAWESI BARAT,MAMASA,MAMASA,LEMBANA SALULO,72,987,91,216,780,MAJU,760300304,PUSTU LEMSA,2,0
SULAWESI BARAT,MAMASA,MAMASA,TAUPE,34,674,99,318,765,MANDIRI,760300312,PUSTU TAUPE,1,0
SULAWESI BARAT,MAMASA,MAMASA,BUNTU BUDA,47,223,98,283,800,BERKEMBANG,7603020,RUMAH SAKIT BANUA MAMASE,8,0
SULAWESI BARAT,MAMASA,MAMASA,TONDOK BAKARU,67,825,82,155,797,TERTINGGAL,760300305,POSKESDES TONDOK BAKARU,2,0
SULAWESI BARAT,MAMASA,MAMASA,PEBASSIAN,22,190,76,238,418,MAJU,760300306,PUSTU PEBASSIAN,2,0
SULAWESI BARAT,MAMASA,MAMASA,MAMBULILING,10,882,96,368,367,MANDIRI,760300308,PUSTU MAMBULILLING,2,0
SULAWESI BARAT,MAMASA,MAMASA,BOMBONG LAMBE,76,481,67,453,350,BERKEMBANG,760300307,P0SKESDES BOMBONGLAMBE,1,2
SULAWESI BARAT,MAMASA,MAMASA,BOMBONG LAMBE,76,481,67,453,350,BERKEMBANG,760300311,PUSTU BOMBONG LAMBE,1,0
SULAWESI BARAT,MAMASA,MAMASA,BUBUN BATU,58,134,82,158,811,TERTINGGAL,760300310,POSKESDES BUBUN BATU,2,1
SULAWESI BARAT,MAMASA,MAMBI,MAMBI,98,630,99,819,560,MAJU,7603001,PKM Mambi,2,3
SULAWESI BARAT,MAMASA,MAMBI,TALIPUKKI,65,463,45,941,556,MANDIRI,760300104,Pustu Talippuki,1,0
SULAWESI BARAT,MAMASA,MAMBI,RANTEBULAHAN,65,517,74,223,253,BERKEMBANG,760300103,Poskesdes Rantebulahan,1,0
SULAWESI BARAT,MAMASA,MAMBI,SONDONGLAYU,94,921,94,539,266,TERTINGGAL,760300110,Pustu Sondong Layuk,1,0
SULAWESI BARAT,MAMASA,MAMBI,SALUBANUA,50,115,63,985,753,MAJU,760300109,Pustu Salubanua,1,0
SULAWESI BARAT,MAMASA,MAMBI,TAPALINA,91,549,51,395,752,MANDIRI,760300111,Pustu Tapalinna,2,0
SULAWESI BARAT,MAMASA,MAMBI,SENDANA,14,552,59,724,839,BERKEMBANG,760300101,Pustu Sendana,1,0
SULAWESI BARAT,MAMASA,MAMBI,PAMOSEAN,72,112,35,969,782,TERTINGGAL,760300107,Pustu Pamoseang,1,0
SULAWESI BARAT,MAMASA,MAMBI,SELUMAKA,23,501,63,304,269,MAJU,760300106,Pustu Salumaka,1,0
SULAWESI BARAT,MAMASA,MAMBI,BUJUNG MANURUNG,92,910,99,468,466,MANDIRI,760300105,Pustu Bujung Manurung,1,0
SULAWESI BARAT,MAMASA,MAMBI,SALU ALO,84,755,12,162,334,BERKEMBANG,760300112,Polindes Salualo,1,0
SULAWESI BARAT,MAMASA,MAMBI,INDOBANUA,48,361,31,404,884,TERTINGGAL,760300108,Pustu Indobanua,1,0
SULAWESI BARAT,MAMASA,MAMBI,SALUDURIAN,61,609,58,239,815,MAJU,760300102,Pustu Saludurian,1,0
SULAWESI BARAT,MAMASA,MEHALAAN,MEHALAAN,56,978,83,556,338,MANDIRI,7603017,PKM MEHALAAN,9,1
SULAWESI BARAT,MAMASA,MEHALAAN,MEHALAAN,56,978,83,556,338,MANDIRI,760301706,Pustu Mehalaan,2,0
SULAWESI BARAT,MAMASA,MEHALAAN,BOTTENG,29,727,37,969,129,BERKEMBANG,760301703,PUSTU BOTTENG,1,0
SULAWESI BARAT,MAMASA,MEHALAAN,SALUKONTA,28,943,76,568,691,TERTINGGAL,760301711,pustu salukonta,0,1
SULAWESI BARAT,MAMASA,MEHALAAN,MESAKADA,92,845,79,782,831,MAJU,760301704,Pustu mesakada,1,0
SULAWESI BARAT,MAMASA,MEHALAAN,MEHALAAN BARAT,88,184,42,723,650,MANDIRI,760301707,PUSTU MEHALAAN BARAT,1,0
SULAWESI BARAT,MAMASA,MEHALAAN,SALUAHOK,50,446,85,697,966,BERKEMBANG,760301708,PUSTU SALUAHO',1,0
SULAWESI BARAT,MAMASA,MEHALAAN,SALUBALO,38,462,43,717,399,TERTINGGAL,760301701,PUSTU SALU BALO,1,0
SULAWESI BARAT,MAMASA,MEHALAAN,PASSEMBUK,48,606,92,864,813,MAJU,760301709,POSKESDES PASSEMBUK,1,0
SULAWESI BARAT,MAMASA,MEHALAAN,KONDO,43,434,91,751,320,MANDIRI,760301710,POSKESDES KONDO,1,0
SULAWESI BARAT,MAMASA,MEHALAAN,LEKO SUKAMAJU,40,238,75,108,583,BERKEMBANG,760301705,Pustu Leko sukamaju,2,0
SULAWESI BARAT,MAMASA,MEHALAAN,ULUMEA,78,684,49,407,207,TERTINGGAL,760301702,PUSTU ULUMEA',1,0
SULAWESI BARAT,MAMASA,MESSAWA,MESSAWA,63,990,57,642,317,MAJU,7603007,PUSKESMAS MESSAWA,2,2
SULAWESI BARAT,MAMASA,MESSAWA,RIPPUNG,22,829,36,767,358,MANDIRI,760300706,PUSTU RIPPUNG,2,0
SULAWESI BARAT,MAMASA,MESSAWA,MAKUANG,19,320,93,109,166,BERKEMBANG,760300705,PUSTU MAKUANG,1,0
SULAWESI BARAT,MAMASA,MESSAWA,SEPANG,33,348,73,522,988,TERTINGGAL,760300707,PUSTU SEPANG,2,0
SULAWESI BARAT,MAMASA,MESSAWA,MALIMBONG,70,606,74,344,116,MAJU,760300702,POSKESDES MALIMBONG,1,0
SULAWESI BARAT,MAMASA,MESSAWA,MATANDE,54,261,71,161,617,MANDIRI,760300704,PUSTU MATANDE,1,0
SULAWESI BARAT,MAMASA,MESSAWA,SIPAI,94,556,67,822,333,BERKEMBANG,760300701,PUSTU SIPAI,1,0
SULAWESI BARAT,MAMASA,MESSAWA,PASMA MAMBU,25,957,18,836,386,TERTINGGAL,760300703,PUSTU PASAPA MAMBU,1,0
SULAWESI BARAT,MAMASA,MESSAWA,TANETE BATU,81,548,93,539,464,MAJU,760300708,PUSTU TANETE BATU,3,0
SULAWESI BARAT,MAMASA,NOSU,NOSU,84,434,24,577,724,MANDIRI,7603013,PUSKESMAS NOSU,1,2
SULAWESI BARAT,MAMASA,NOSU,MINANGA,84,347,19,790,147,BERKEMBANG,760301301,PUSTU MINANGA TIMUR,0,1
SULAWESI BARAT,MAMASA,NOSU,MINANGA,84,347,19,790,147,BERKEMBANG,760301306,PUSTU MINANGA,1,0
SULAWESI BARAT,MAMASA,NOSU,BATUPAPAN,88,539,55,793,260,TERTINGGAL,760301303,PUSTU BATUPAPAN,1,0
SULAWESI BARAT,MAMASA,NOSU,MASEWWE,38,219,81,728,381,MAJU,760301305,PUSTU MASEWE,1,0
SULAWESI BARAT,MAMASA,NOSU,SIWI,83,178,76,629,620,MANDIRI,760301302,PUSTU SIWI,0,1
SULAWESI BARAT,MAMASA,NOSU,MINANGA TIMUR,50,270,34,215,248,BERKEMBANG,Tidak Ada,Tidak Ada,0,0
SULAWESI BARAT,MAMASA,NOSU,PARINDING,56,750,81,507,930,TERTINGGAL,760301304,PUSTU PARINDING,1,0
SULAWESI BARAT,MAMASA,PANA,PANA,96,528,74,637,501,MAJU,7603004,PUSKESMAS PANA',1,1
SULAWESI BARAT,MAMASA,PANA,MANIPI,60,976,52,641,435,MANDIRI,760300401,PUSTU MANIPI',3,0
SULAWESI BARAT,MAMASA,PANA,MAMULLU,29,928,14,650,537,BERKEMBANG,760300403,PUSTU MAMULLU,1,0
SULAWESI BARAT,MAMASA,PANA,SAPAN,74,333,53,851,557,TERTINGGAL,760300409,PUSTU SAPAN,1,0
SULAWESI BARAT,MAMASA,PANA,DATUBARINGAN,74,530,86,135,686,MAJU,760300408,PUSTU DATUBARINGAN,1,0
SULAWESI BARAT,MAMASA,PANA,PANURA,27,493,85,178,988,MANDIRI,760300406,PUSTU PANURA',2,0
SULAWESI BARAT,MAMASA,PANA,TALLANG BULAWAN,98,266,39,600,994,BERKEMBANG,760300404,PUSTU TALLANG BULAWAN,1,0
SULAWESI BARAT,MAMASA,PANA,KARAKA,99,370,79,536,635,TERTINGGAL,760300405,PUSTU KARAKA',1,0
SULAWESI BARAT,MAMASA,PANA,ULUSALU,23,839,73,150,185,MAJU,760300402,PUSTU ULUSALU,1,0
SULAWESI BARAT,MAMASA,PANA,WERI,39,593,17,780,209,MANDIRI,760300407,PUSTU WERI,2,0
SULAWESI BARAT,MAMASA,PANA,SALUTAMBUN,70,789,55,403,442,BERKEMBANG,760300410,PUSTU PAMETTA,1,0
SULAWESI BARAT,MAMASA,PANA,SALOAN,94,258,61,587,466,TERTINGGAL,760300412,PUSTU SALOAN,2,0
SULAWESI BARAT,MAMASA,PANA,ULUSALU INDAH,76,579,49,735,845,MAJU,760300411,PUSTU ULUSALU INDAH,1,0
SULAWESI BARAT,MAMASA,RANTEBULAHAN TIMUR,SALUMOKANAN,26,243,43,355,675,MANDIRI,760301506,PUSTU SALUMOKANAN,2,0
SULAWESI BARAT,MAMASA,RANTEBULAHAN TIMUR,SALUMOKANAN BARAT,42,215,57,760,295,BERKEMBANG,7603015,PUSKESMAS RANTEBULAHAN TIMUR,2,1
SULAWESI BARAT,MAMASA,RANTEBULAHAN TIMUR,BUANGIN,56,899,95,300,253,TERTINGGAL,760301501,PUSTU BUANGIN,2,0
SULAWESI BARAT,MAMASA,RANTEBULAHAN TIMUR,BAMBANG BUDA,48,118,72,196,985,MAJU,760301507,PUSTU BAMBANG BUDA,1,0
SULAWESI BARAT,MAMASA,RANTEBULAHAN TIMUR,LEKO,62,419,92,260,812,MANDIRI,760301502,PUSTU LEKO,1,0
SULAWESI BARAT,MAMASA,RANTEBULAHAN TIMUR,KIRAK,20,318,28,512,224,BERKEMBANG,760301508,POSKESDES KIRAK,1,0
SULAWESI BARAT,MAMASA,RANTEBULAHAN TIMUR,SALUMOKANAN UTARA,69,408,19,205,402,TERTINGGAL,760301505,PUSTU SALUMOKANAN UTARA,1,0
SULAWESI BARAT,MAMASA,RANTEBULAHAN TIMUR,SAMPALE,69,659,68,403,568,MAJU,760301504,PUSTU SAMPALE,1,0
SULAWESI BARAT,MAMASA,SESENAPADANG,OROBUA,47,550,42,725,194,MANDIRI,7603008,PKM OROBUA,6,2
SULAWESI BARAT,MAMASA,SESENAPADANG,PALADAN,58,315,60,918,504,BERKEMBANG,760300802,PUSTU PALADAN,2,0
SULAWESI BARAT,MAMASA,SESENAPADANG,OROBUA TIMUR,60,979,18,197,574,TERTINGGAL,760300805,PUSTU OROBUA TIMUR,0,1
SULAWESI BARAT,MAMASA,SESENAPADANG,RANTE PUANG,47,390,31,218,312,MAJU,760300807,PUSTU RANTEPUANG,1,0
SULAWESI BARAT,MAMASA,SESENAPADANG,SATENETEAN,62,521,62,497,908,MANDIRI,760300811,Pustu satanetean,1,0
SULAWESI BARAT,MAMASA,SESENAPADANG,LISUAN ADA,79,603,43,349,981,BERKEMBANG,760300803,PUSTU LUSUAN ADA',2,0
SULAWESI BARAT,MAMASA,SESENAPADANG,OROBUA SELATAN,36,844,59,481,356,TERTINGGAL,760300804,PUSTU OROBUA SELATAN,0,1
SULAWESI BARAT,MAMASA,SESENAPADANG,MALANGKENA PADANG,64,382,42,622,649,MAJU,760300806,PUSTU MELLANGKENA PADANG,1,0
SULAWESI BARAT,MAMASA,SESENAPADANG,MALIMBONG,11,786,42,567,666,MANDIRI,760300801,PUSTU MALIMBONG,1,0
SULAWESI BARAT,MAMASA,SESENAPADANG,MARAMPAN OROBUA,72,228,42,954,155,BERKEMBANG,760300810,PUSTU MARAMAPAN OROBUA,1,0
SULAWESI BARAT,MAMASA,SUMARORONG,SUMARORONG,17,380,93,487,113,TERTINGGAL,7603006,PUSKESMAS SUMARORONG,5,1
SULAWESI BARAT,MAMASA,SUMARORONG,TABONE,73,973,62,562,828,MAJU,760300608,PUSTU TABONE,3,0
SULAWESI BARAT,MAMASA,SUMARORONG,BATANG URU,34,624,84,887,219,MANDIRI,760300605,PUSTU BATANGURU,3,0
SULAWESI BARAT,MAMASA,SUMARORONG,SASAKAN,14,525,41,522,721,BERKEMBANG,760300606,PUSTU SASAKAN,2,0
SULAWESI BARAT,MAMASA,SUMARORONG,TADISI,43,828,74,612,435,TERTINGGAL,760300607,POSKESDES TADISI,3,0
SULAWESI BARAT,MAMASA,SUMARORONG,SIBANAWA,13,341,52,788,664,MAJU,760300604,PUSTU SIBANAWA,2,0
SULAWESI BARAT,MAMASA,SUMARORONG,BATANGNGURU TIMUR,70,134,17,398,555,MANDIRI,760300602,PUSTU BATANGURU TIMUR,4,0
SULAWESI BARAT,MAMASA,SUMARORONG,SALUBALO,70,462,79,614,152,BERKEMBANG,760300603,POSKESDES SALUBALO,2,0
SULAWESI BARAT,MAMASA,SUMARORONG,BANEA,29,550,40,439,491,TERTINGGAL,760300601,PUSTU BANEA,1,0
SULAWESI BARAT,MAMASA,SUMARORONG,RANTE KAMASE,100,152,11,340,477,MAJU,Tidak Ada,Tidak Ada,0,0
SULAWESI BARAT,MAMASA,TABANG,TABANG,41,681,47,492,561,MANDIRI,7603010,PUSKESMAS TABANG,16,3
SULAWESI BARAT,MAMASA,TABANG,TADOKALUA,21,756,55,994,516,BERKEMBANG,760301001,Pustu Tadokkalua,4,0
SULAWESI BARAT,MAMASA,TABANG,TABANG BARAT,82,279,16,450,553,TERTINGGAL,760301002,Pustu Tabang Barat,0,1
SULAWESI BARAT,MAMASA,TABANG,MASUPU,69,419,83,623,688,MAJU,760301003,Pustu Masuppu,2,0
SULAWESI BARAT,MAMASA,TABANG,KALAMA,76,144,74,234,338,MANDIRI,760301004,Pustu Kalama,2,0
SULAWESI BARAT,MAMASA,TABANG,BAKADISURA,10,436,47,191,291,BERKEMBANG,760301005,Pustu Bakadisura,2,1
SULAWESI BARAT,MAMASA,TABANG,SALUKONA,17,843,20,308,559,TERTINGGAL,760301006,Pustu Salukona,4,0
SULAWESI BARAT,MAMASA,TABULAHAN,LAKAHANG,82,478,28,310,851,MAJU,7603005,PUSKESMAS TABULAHAN,3,1
SULAWESI BARAT,MAMASA,TABULAHAN,LAKAHANG,82,478,28,310,851,MAJU,760300509,PUSTU KELURAHAN LAKAHANG,4,0
SULAWESI BARAT,MAMASA,TABULAHAN,PERIANGAN,14,150,39,840,859,MANDIRI,760300510,PUSTU PERIANGAN,2,0
SULAWESI BARAT,MAMASA,TABULAHAN,MALATIRO,95,263,73,994,565,BERKEMBANG,760300511,PUSTU MALITIRO,3,0
SULAWESI BARAT,MAMASA,TABULAHAN,TABULAHAN,55,864,70,238,499,TERTINGGAL,760300514,PUSTU TABULAHAN,1,1
SULAWESI BARAT,MAMASA,TABULAHAN,SALULEANG,76,300,51,767,913,MAJU,760300513,PUSTU LEANG,0,1
SULAWESI BARAT,MAMASA,TABULAHAN,TAMPAK KURRA,40,361,69,815,794,MANDIRI,760300505,PUSTU TAMPA KURRA,1,0
SULAWESI BARAT,MAMASA,TABULAHAN,GANDANG DEWATA,62,247,57,642,623,BERKEMBANG,760300506,PUSTU GANDANG DEWATA,1,0
SULAWESI BARAT,MAMASA,TABULAHAN,BURANA,61,259,33,388,491,TERTINGGAL,760300503,PUSTU BURANA,1,0
SULAWESI BARAT,MAMASA,TABULAHAN,SALUBAKKA,64,568,22,750,599,MAJU,760300512,PUSTU SALUBAKKA,1,0
SULAWESI BARAT,MAMASA,TABULAHAN,PANGANDARAN,30,182,47,148,800,MANDIRI,760300502,PUSTU PENGANDARAN,2,0
SULAWESI BARAT,MAMASA,TABULAHAN,TALOPAK,11,388,96,921,453,BERKEMBANG,760300501,PUSTU TOLAPA,2,0
SULAWESI BARAT,MAMASA,TABULAHAN,PEU',27,306,39,361,945,TERTINGGAL,760300507,PUSTU PEU,2,0
SULAWESI BARAT,MAMASA,TABULAHAN,TIMORO,70,327,63,360,745,MAJU,760300508,PUSTU TIMORO,1,0
SULAWESI BARAT,MAMASA,TABULAHAN,LAKAHANG UTAMA,89,276,71,928,647,MANDIRI,760300504,PUSTU LAKAHANG UTAMA,3,0
SULAWESI BARAT,MAMASA,TANDUK KALUA,MINAKE,89,293,12,416,103,BERKEMBANG,760300910,Bidan Praktek Mandiri ( BPM ),2,1
SULAWESI BARAT,MAMASA,TANDUK KALUA,MALABO,79,237,90,118,898,TERTINGGAL,Tidak Ada,Tidak Ada,0,0
SULAWESI BARAT,MAMASA,TANDUK KALUA,SINDAGAMANIK,44,775,81,650,654,MAJU,760300902,PUSTU DESA SINDAGAMANIK,0,1
SULAWESI BARAT,MAMASA,TANDUK KALUA,PARONDOBULAWAN,46,550,91,326,177,MANDIRI,760300903,PUSTU PARONDOBULAWAN,1,0
SULAWESI BARAT,MAMASA,TANDUK KALUA,TAMALANTIK,29,175,64,227,531,BERKEMBANG,760300908,PUSTU TAMALANTIK,1,0
SULAWESI BARAT,MAMASA,TANDUK KALUA,MANNABABA,50,718,57,854,710,TERTINGGAL,760300905,PUSTU MANNABABA,0,1
SULAWESI BARAT,MAMASA,TANDUK KALUA,MESAKADA,67,387,17,320,119,MAJU,760300901,PUSTU MESAKADA,1,0
SULAWESI BARAT,MAMASA,TANDUK KALUA,BALLABATU,95,411,93,530,585,MANDIRI,760300909,POSKESDES BALABATU,1,0
SULAWESI BARAT,MAMASA,TANDUK KALUA,PAMBE,56,350,34,168,469,BERKEMBANG,7603009,PUSKESMAS MALABO,3,4
SULAWESI BARAT,MAMASA,TANDUK KALUA,SALURANO,28,228,16,244,458,TERTINGGAL,Tidak Ada,Tidak Ada,0,0
SULAWESI BARAT,MAMASA,TANDUK KALUA,TALIMBUNG,41,830,75,102,252,MAJU,760300904,POSKESDES TALIMBUNG,1,0
SULAWESI BARAT,MAMASA,TANDUK KALUA,KANAN,94,214,18,391,946,MANDIRI,760300907,PUSTU KANAN,1,0
SULAWESI BARAT,MAMASA,TAWALIAN,TAWALIAN,28,620,81,803,452,BERKEMBANG,7603014,PUSKESMAS TAWALIAN,9,1
SULAWESI BARAT,MAMASA,TAWALIAN,TAWALIAN TIMUR,74,387,24,187,228,TERTINGGAL,760301401,PUSTU TAWALIAN TIMUR,4,0
SULAWESI BARAT,MAMASA,TAWALIAN,KARIANGO,15,655,23,279,438,MAJU,760301402,PUSTU KARIANGO,5,0
SULAWESI BARAT,MAMASA,TAWALIAN,KARIANGO,15,655,23,279,438,MAJU,760301403,POSKESDES KOPIAN,1,0
SULAWESI BARAT,MAMASA,TAWALIAN,RANTETANGNGA,78,821,20,289,248,MANDIRI,760301404,POSKESDES RANTETANGNGA,3,0
SULAWESI BARAT,POLEWALI MANDAR,ALLU,PETOOSANG,26,734,53,578,631,BERKEMBANG,760402101,PUSTU PETOOSANG,1,0
SULAWESI BARAT,POLEWALI MANDAR,ALLU,MOMBI,16,964,28,181,140,TERTINGGAL,7604021,PUSKESMAS TUTALLU,2,1
SULAWESI BARAT,POLEWALI MANDAR,ALLU,KALUMAMMANG,20,539,42,482,380,MAJU,760402102,POSKESDES KALUMAMMANG,0,1
SULAWESI BARAT,POLEWALI MANDAR,ALLU,PAO-PAO,99,288,100,816,349,MANDIRI,760402103,POSKESDES PAO - PAO,1,0
SULAWESI BARAT,POLEWALI MANDAR,ALLU,PUPPU URING,37,450,34,987,559,BERKEMBANG,760402104,POSKESDES PUPPURING,1,0
SULAWESI BARAT,POLEWALI MANDAR,ALLU,SARAGIAN,28,682,50,192,144,TERTINGGAL,760402105,POSKESDES SARAGIAN,1,0
SULAWESI BARAT,POLEWALI MANDAR,ALLU,SAYOANG,77,446,74,278,276,MAJU,760402106,Poskesdes Sayoang,1,0
SULAWESI BARAT,POLEWALI MANDAR,ALLU,ALU,84,802,10,413,836,MANDIRI,760402107,Poskesdes Alu,1,0
SULAWESI BARAT,POLEWALI MANDAR,ANREAPI,ANREAPI,91,755,62,323,793,BERKEMBANG,7604036,PKM Anreapi,1,1
SULAWESI BARAT,POLEWALI MANDAR,ANREAPI,DUAMPANUA,61,383,14,991,683,TERTINGGAL,760403607,Pustu Duampanua,1,0
SULAWESI BARAT,POLEWALI MANDAR,ANREAPI,KELAPA DUA,48,586,52,714,531,MAJU,760403608,Poskesdes Kelapa Dua,0,1
SULAWESI BARAT,POLEWALI MANDAR,ANREAPI,KELAPA DUA,48,586,52,714,531,MAJU,760403609,Pustu Pirattean,1,0
SULAWESI BARAT,POLEWALI MANDAR,ANREAPI,PAPPANDANGAN,100,825,60,321,186,MANDIRI,760403605,Poskesdes Papandangan,0,1
SULAWESI BARAT,POLEWALI MANDAR,ANREAPI,KUNYI,15,585,97,395,489,BERKEMBANG,760403606,Pustu Kunyi,0,1
SULAWESI BARAT,POLEWALI MANDAR,BALANIPA,BALANIPA,21,755,53,236,304,TERTINGGAL,760401801,PUSTU BALANIPA,2,0
SULAWESI BARAT,POLEWALI MANDAR,BALANIPA,TAMMAJARRA,54,939,17,530,860,MAJU,760401806,PUSTU TAMMAJARRA,1,0
SULAWESI BARAT,POLEWALI MANDAR,BALANIPA,TAMANGGALLE,73,187,52,370,841,MANDIRI,7604018,PUSKESMAS PAMBUSUANG,1,4
SULAWESI BARAT,POLEWALI MANDAR,BALANIPA,MOSSO,71,940,32,871,903,BERKEMBANG,760401805,PUSTU MOSSO,1,0
SULAWESI BARAT,POLEWALI MANDAR,BALANIPA,GALUNG TULUK,63,661,34,472,136,TERTINGGAL,760401807,PUSTU GALUNG TULUK,1,0
SULAWESI BARAT,POLEWALI MANDAR,BALANIPA,SABANG SUBIK,58,158,62,803,707,MAJU,760401803,POSKESDES SABANG SUBIK,1,0
SULAWESI BARAT,POLEWALI MANDAR,BALANIPA,PAMBUSUANG,83,924,36,918,844,MANDIRI,760401813,PMB ZAHRA,1,0
SULAWESI BARAT,POLEWALI MANDAR,BALANIPA,BALA,11,643,76,772,687,BERKEMBANG,760401802,POSKESDES BALA,3,0
SULAWESI BARAT,POLEWALI MANDAR,BALANIPA,LAMBANAN,30,512,29,831,613,TERTINGGAL,760401804,POSKESDES LAMBANAN,1,0
SULAWESI BARAT,POLEWALI MANDAR,BALANIPA,LEGO,96,249,21,503,470,MAJU,760401809,PUSTU LEGO,1,0
SULAWESI BARAT,POLEWALI MANDAR,BALANIPA,PALLIS,96,318,54,696,619,MANDIRI,760401808,POSKESDES PALLIS,1,1
SULAWESI BARAT,POLEWALI MANDAR,BINUANG,AMASSANGAN,94,897,79,843,495,BERKEMBANG,7604033,PKM Binuang,1,2
SULAWESI BARAT,POLEWALI MANDAR,BINUANG,AMASSANGAN,94,897,79,843,495,BERKEMBANG,760403207,Pustu Pulau Salama,1,0
SULAWESI BARAT,POLEWALI MANDAR,BINUANG,TONYAMAN,83,410,38,334,932,TERTINGGAL,760403204,Pulkades Tonyaman,3,0
SULAWESI BARAT,POLEWALI MANDAR,BINUANG,TONYAMAN,83,410,38,334,932,TERTINGGAL,760403208,Pustu Pulau Battoa,1,0
SULAWESI BARAT,POLEWALI MANDAR,BINUANG,KUAJANG,32,887,54,376,318,MAJU,7604032,Puskesmas Polewali,1,1
SULAWESI BARAT,POLEWALI MANDAR,BINUANG,KUAJANG,32,887,54,376,318,MAJU,760403201,Pustu Kuajang,0,1
SULAWESI BARAT,POLEWALI MANDAR,BINUANG,KUAJANG,32,887,54,376,318,MAJU,760403209,PRAKTEK MANDIRI dr. IWAN KATILI,1,0
SULAWESI BARAT,POLEWALI MANDAR,BINUANG,PAKU,90,232,94,543,509,MANDIRI,760403306,Pustu Paku,1,0
SULAWESI BARAT,POLEWALI MANDAR,BINUANG,MIRRING,10,650,71,953,758,BERKEMBANG,760403302,Polindes Mirring,1,0
SULAWESI BARAT,POLEWALI MANDAR,BINUANG,BATETANGNGA,91,149,20,425,735,TERTINGGAL,760403305,Pustu Kanang,0,1
SULAWESI BARAT,POLEWALI MANDAR,BINUANG,MAMMI,100,928,40,452,954,MAJU,760403203,Pustu Mammi,3,0
SULAWESI BARAT,POLEWALI MANDAR,BINUANG,KALEOK,20,377,34,306,366,MANDIRI,760403304,Pustu Tandipura,1,0
SULAWESI BARAT,POLEWALI MANDAR,BINUANG,AMOLA,44,815,30,201,682,BERKEMBANG,760403303,Poskesdes Amola,0,1
SULAWESI BARAT,POLEWALI MANDAR,BINUANG,REA,96,483,61,756,789,TERTINGGAL,760403301,POSKESDES REA TIMUR,1,0
SULAWESI BARAT,POLEWALI MANDAR,BULO,BULO,95,238,78,789,672,MAJU,7604037,Klinik KB Puskesmas Kec. Bulo,6,1
SULAWESI BARAT,POLEWALI MANDAR,BULO,PULLIWA,33,252,17,899,186,MANDIRI,760403705,Poskesdes Pulliwa,2,0
SULAWESI BARAT,POLEWALI MANDAR,BULO,PATAMBANUA,31,523,92,541,330,BERKEMBANG,760403707,Poskesdes Patambanua,0,1
SULAWESI BARAT,POLEWALI MANDAR,BULO,KAROMBANG,59,661,44,279,792,TERTINGGAL,760403702,Poskesdes Karombang,1,0
SULAWESI BARAT,POLEWALI MANDAR,BULO,DAALA TIMUR,41,953,55,643,164,MAJU,760403704,Poskesdes Daala Timur,1,0
SULAWESI BARAT,POLEWALI MANDAR,BULO,LENGGO,36,527,56,527,585,MANDIRI,760403708,Poskesdes Lenggo,1,0
SULAWESI BARAT,POLEWALI MANDAR,BULO,SABURA,98,786,57,579,385,BERKEMBANG,760403703,Poskesdes Sabura,1,0
SULAWESI BARAT,POLEWALI MANDAR,BULO,SEPPORRAKI,23,735,23,673,420,TERTINGGAL,760403706,Poskesdes Sepporraki,1,0
SULAWESI BARAT,POLEWALI MANDAR,BULO,IHING,62,644,27,683,733,MAJU,760403701,Poskesdes Ihing,1,0
SULAWESI BARAT,POLEWALI MANDAR,CAMPALAGIAN,PAPPANG,80,115,48,252,673,MANDIRI,7604010,PUSKESMAS CAMPALAGIAN,15,4
SULAWESI BARAT,POLEWALI MANDAR,CAMPALAGIAN,LALIKO,97,471,67,939,349,BERKEMBANG,760401004,POSKESDES LALIKO,6,0
SULAWESI BARAT,POLEWALI MANDAR,CAMPALAGIAN,BONDE,65,164,41,675,280,TERTINGGAL,Tidak Ada,Tidak Ada,0,0
SULAWESI BARAT,POLEWALI MANDAR,CAMPALAGIAN,KATUMBANGAN LEMO,15,352,43,126,966,MAJU,760400104,POSKESDES KATUMBANGAN LEMO,3,0
SULAWESI BARAT,POLEWALI MANDAR,CAMPALAGIAN,PANYAMPA,99,573,48,939,346,MANDIRI,760400103,PUSTU DESA PANYAMPA,2,2
SULAWESI BARAT,POLEWALI MANDAR,CAMPALAGIAN,SURUANG,19,807,80,681,147,BERKEMBANG,760401010,PUSTU SURUANG,7,0
SULAWESI BARAT,POLEWALI MANDAR,CAMPALAGIAN,LAMPOKO,38,595,84,884,382,TERTINGGAL,760401009,POSKESDES LAMPOKO,7,0
SULAWESI BARAT,POLEWALI MANDAR,CAMPALAGIAN,KATUMBANGAN,27,465,78,611,235,MAJU,7604001,PUSKESMAS KATUMBANGAN,10,2
SULAWESI BARAT,POLEWALI MANDAR,CAMPALAGIAN,LAPEO,52,798,92,812,940,MANDIRI,760401002,POSKESDES LAPEO,2,0
SULAWESI BARAT,POLEWALI MANDAR,CAMPALAGIAN,PARAPPE,57,501,94,874,724,BERKEMBANG,760401005,POSKESDES PARAPPE,0,1
SULAWESI BARAT,POLEWALI MANDAR,CAMPALAGIAN,ONGKO,79,927,89,943,620,TERTINGGAL,760401011,PUSTU ONGKO,1,0
SULAWESI BARAT,POLEWALI MANDAR,CAMPALAGIAN,KENJE,79,747,62,892,610,MAJU,760401006,POSKESDES KENJE,9,1
SULAWESI BARAT,POLEWALI MANDAR,CAMPALAGIAN,SUMARRANG,78,989,100,371,196,MANDIRI,760401007,POSKESDES SUMARRANG,3,2
SULAWESI BARAT,POLEWALI MANDAR,CAMPALAGIAN,BOTTO,71,395,55,757,497,BERKEMBANG,760400101,POLINDES BOTTO,3,0
SULAWESI BARAT,POLEWALI MANDAR,CAMPALAGIAN,GATTUNGAN,80,699,66,962,887,TERTINGGAL,760400102,POSKESDES GATTUNGAN,3,0
SULAWESI BARAT,POLEWALI MANDAR,CAMPALAGIAN,PADANG TIMUR,61,167,20,290,293,MAJU,760401008,POSKESDES PADANG TIMUR,4,0
SULAWESI BARAT,POLEWALI MANDAR,CAMPALAGIAN,PADANG,75,663,39,521,811,MANDIRI,760401012,POSKESDES PADANG,1,0
SULAWESI BARAT,POLEWALI MANDAR,CAMPALAGIAN,LAGI-AGI,78,299,78,570,534,BERKEMBANG,760401003,POSKESDES LAGI-AGI,1,0
SULAWESI BARAT,POLEWALI MANDAR,LIMBORO,LIMBORO,67,754,13,877,819,TERTINGGAL,Tidak Ada,Tidak Ada,0,0
SULAWESI BARAT,POLEWALI MANDAR,LIMBORO,LEMBANG LEMBANG,100,911,25,124,842,MAJU,760402001,PUSTU LEMBANG - LEMBANG,1,0
SULAWESI BARAT,POLEWALI MANDAR,LIMBORO,TANDASURA,87,555,86,372,936,MANDIRI,760402006,PUSTU TANDASSURA,2,0
SULAWESI BARAT,POLEWALI MANDAR,LIMBORO,SAMASUNDU,61,525,83,647,222,BERKEMBANG,760402002,PUSTU SAMASUNDU,1,0
SULAWESI BARAT,POLEWALI MANDAR,LIMBORO,NAPO,51,649,37,976,260,TERTINGGAL,760402003,PUSTU NAPO,1,0
SULAWESI BARAT,POLEWALI MANDAR,LIMBORO,TODANG TODANG,58,226,96,178,369,MAJU,760402007,PUSTU TODANG - TODANG,1,0
SULAWESI BARAT,POLEWALI MANDAR,LIMBORO,PENDULANGAN,99,736,36,524,442,MANDIRI,760402009,POSKESDES PENDULANGAN,1,0
SULAWESI BARAT,POLEWALI MANDAR,LIMBORO,RENGGEANG,82,821,59,426,134,BERKEMBANG,760402005,PUSTU RENGGEANG,0,1
SULAWESI BARAT,POLEWALI MANDAR,LIMBORO,SALARRI,17,183,26,881,811,TERTINGGAL,760402004,Poskesdes Salarri,1,0
SULAWESI BARAT,POLEWALI MANDAR,LIMBORO,TANGAN BARU,19,670,54,440,374,MAJU,760402008,POSKESDES TANGAN BARU,0,1
SULAWESI BARAT,POLEWALI MANDAR,LIMBORO,PALECE,34,339,68,910,436,MANDIRI,7604020,PUSKESMAS LIMBORO,2,2
SULAWESI BARAT,POLEWALI MANDAR,LUYO,BATUPANGA,74,458,25,186,163,BERKEMBANG,7604034,PUSKESMAS BATUPANGA,6,4
SULAWESI BARAT,POLEWALI MANDAR,LUYO,MAMBU,79,418,27,814,871,TERTINGGAL,760403411,POSTU MAMBU,0,1
SULAWESI BARAT,POLEWALI MANDAR,LUYO,TENGGELANG,96,512,88,469,174,MAJU,760403412,PUSTU TENGGELANG,1,0
SULAWESI BARAT,POLEWALI MANDAR,LUYO,BARU,64,483,36,870,410,MANDIRI,760403415,PUSTU DESA BARU,1,0
SULAWESI BARAT,POLEWALI MANDAR,LUYO,PUSSUI,57,818,17,276,278,BERKEMBANG,760403416,PUSTU PUSSUI INDUK,0,1
SULAWESI BARAT,POLEWALI MANDAR,LUYO,MAPILI BARAT,80,656,16,831,515,TERTINGGAL,760403413,PUSTU MAPILLI BARAT,1,0
SULAWESI BARAT,POLEWALI MANDAR,LUYO,SAMBALI WALI,43,771,58,422,834,MAJU,760403419,PUSTU SAMBALI WALI,1,0
SULAWESI BARAT,POLEWALI MANDAR,LUYO,BATUPANGA DAALA,17,170,95,733,698,MANDIRI,760403417,PUSTU BATUPANGA DAALA,0,1
SULAWESI BARAT,POLEWALI MANDAR,LUYO,LUYO,13,576,74,504,880,BERKEMBANG,760403420,PUSTU LUYO,1,0
SULAWESI BARAT,POLEWALI MANDAR,LUYO,PUSSUI BARAT,83,488,73,327,429,TERTINGGAL,760403418,PUSTU PUSSUI BARAT,0,1
SULAWESI BARAT,POLEWALI MANDAR,LUYO,PUCCADI,12,957,34,257,471,MAJU,760403414,poskesdes puccadi,1,0
SULAWESI BARAT,POLEWALI MANDAR,MAPILLI,MAPILI,40,134,97,961,873,MANDIRI,7604028,Puskesmas Mapilli,0,2
SULAWESI BARAT,POLEWALI MANDAR,MAPILLI,UGIBARU,28,122,18,783,806,BERKEMBANG,760402803,POSKESDES UGI BARU,1,0
SULAWESI BARAT,POLEWALI MANDAR,MAPILLI,RUMPA,95,987,95,466,458,TERTINGGAL,760402807,PUSTU RUMPA,1,0
SULAWESI BARAT,POLEWALI MANDAR,MAPILLI,KURMA,74,808,53,942,444,MAJU,760402810,POSKESDES KURMA,1,0
SULAWESI BARAT,POLEWALI MANDAR,MAPILLI,BUKU,71,505,91,918,312,MANDIRI,760402805,POSKESDES BUKU,2,0
SULAWESI BARAT,POLEWALI MANDAR,MAPILLI,BONNE BONNE,74,355,89,280,342,BERKEMBANG,7604051,BIDAN PRAKTEK MANDIRI MASSANRA,1,1
SULAWESI BARAT,POLEWALI MANDAR,MAPILLI,BEROANGIN,31,294,22,251,422,TERTINGGAL,760402806,POSKESDES BEROANGIN,1,0
SULAWESI BARAT,POLEWALI MANDAR,MAPILLI,SEGERANG,53,616,82,217,109,MAJU,760402808,POSKESDES SEGERANG,2,0
SULAWESI BARAT,POLEWALI MANDAR,MAPILLI,BONRA,25,664,77,264,508,MANDIRI,760402809,POSKESDES BONRA,1,0
SULAWESI BARAT,POLEWALI MANDAR,MAPILLI,SATTOKO,96,736,71,431,915,BERKEMBANG,760402802,POSKESDES SATTOKO,1,0
SULAWESI BARAT,POLEWALI MANDAR,MAPILLI,RAPPANG BARAT,80,242,54,997,864,TERTINGGAL,760402801,POSKESDES RAPPANG BARAT,2,1
SULAWESI BARAT,POLEWALI MANDAR,MAPILLI,LANDI KANUSUANG,39,152,57,289,642,MAJU,760402804,POSKESDES LANDI KANUSUANG,2,0
SULAWESI BARAT,POLEWALI MANDAR,MATAKALI,MATAKALI,59,393,79,824,209,MANDIRI,7604038,PUSKESMAS MATAKALI,4,3
SULAWESI BARAT,POLEWALI MANDAR,MATAKALI,MATAKALI,59,393,79,824,209,MANDIRI,760403808,POSKESDES SEPPONG,4,0
SULAWESI BARAT,POLEWALI MANDAR,MATAKALI,PETAMPANUA,36,847,53,182,299,BERKEMBANG,760403803,PUSTU PATAMPANUA,4,0
SULAWESI BARAT,POLEWALI MANDAR,MATAKALI,BARUMBUNG,43,545,11,798,174,TERTINGGAL,760403805,POSKESDES BARUMBUNG,3,0
SULAWESI BARAT,POLEWALI MANDAR,MATAKALI,PASIANG,10,663,53,727,866,MAJU,760403807,PUSTU PASIANG,2,0
SULAWESI BARAT,POLEWALI MANDAR,MATAKALI,TONROLIMA,74,863,13,173,809,MANDIRI,760403809,PUSTU TONROLIMA,3,0
SULAWESI BARAT,POLEWALI MANDAR,MATAKALI,INDOMAKKOMBONG,40,137,78,115,327,BERKEMBANG,760403804,PUSTU INDO MAKKOMBONG,3,0
SULAWESI BARAT,POLEWALI MANDAR,MATAKALI,BUNGA-BUNGA,44,411,54,562,643,TERTINGGAL,760403801,POSKESDES BUNGA-BUNGA,3,0
SULAWESI BARAT,POLEWALI MANDAR,MATANGNGA,MATANGNGA,59,380,84,497,370,MAJU,7604023,PUSKESMAS MATANGNGA,0,1
SULAWESI BARAT,POLEWALI MANDAR,MATANGNGA,LILLI,67,972,24,648,229,MANDIRI,760402304,PUSTU LILLI,0,1
SULAWESI BARAT,POLEWALI MANDAR,MATANGNGA,RANGOAN,23,269,65,766,854,BERKEMBANG,760402301,pustu rangoan,0,1
SULAWESI BARAT,POLEWALI MANDAR,MATANGNGA,RANGOAN,23,269,65,766,854,BERKEMBANG,760402305,PUSTU RINGINAN,0,1
SULAWESI BARAT,POLEWALI MANDAR,MATANGNGA,TAPUA,43,264,84,809,319,TERTINGGAL,760402306,PUSKESDES DESA TAPUA,0,1
SULAWESI BARAT,POLEWALI MANDAR,MATANGNGA,MAMBU TAPUA,44,330,99,897,127,MAJU,760402303,pustu mambu tapua,1,0
SULAWESI BARAT,POLEWALI MANDAR,MATANGNGA,BA'BA TAPUA,82,556,91,723,853,MANDIRI,760402302,Puskesedes Desa Ba'ba tapua,1,1
SULAWESI BARAT,POLEWALI MANDAR,MATANGNGA,KATIMBANG,82,637,56,197,879,BERKEMBANG,760402308,PUSKESDES KATIMBANG,0,1
SULAWESI BARAT,POLEWALI MANDAR,POLEWALI,POLEWALI,10,520,92,867,339,TERTINGGAL,7604025,RSB MIFTA,5,1
SULAWESI BARAT,POLEWALI MANDAR,POLEWALI,POLEWALI,10,520,92,867,339,TERTINGGAL,7604035,PUSKESMAS MASSENGA,6,4
SULAWESI BARAT,POLEWALI MANDAR,POLEWALI,POLEWALI,10,520,92,867,339,TERTINGGAL,7604042,KB MATTIRO DECENG,2,0
SULAWESI BARAT,POLEWALI MANDAR,POLEWALI,WATTANG,35,868,47,719,906,MAJU,Tidak Ada,Tidak Ada,0,0
SULAWESI BARAT,POLEWALI MANDAR,POLEWALI,SULEWATANG,92,454,46,280,892,MANDIRI,760403501,POSKESDES SULEWATANG,4,0
SULAWESI BARAT,POLEWALI MANDAR,POLEWALI,LANTORA,74,789,22,148,551,BERKEMBANG,Tidak Ada,Tidak Ada,0,0
SULAWESI BARAT,POLEWALI MANDAR,POLEWALI,TAKATIDUNG,58,898,38,344,686,TERTINGGAL,760404703,PUSTU TAKATIDUNG,6,0
SULAWESI BARAT,POLEWALI MANDAR,POLEWALI,PEKKABATA,98,333,16,392,668,MAJU,7604040,Klinik Bhayangkara Polres,4,0
SULAWESI BARAT,POLEWALI MANDAR,POLEWALI,PEKKABATA,98,333,16,392,668,MAJU,7604047,PUSKESMAS PEKKABATA,2,2
SULAWESI BARAT,POLEWALI MANDAR,POLEWALI,MADATE,70,949,62,222,734,MANDIRI,7604048,KLINIK MANDING,4,4
SULAWESI BARAT,POLEWALI MANDAR,POLEWALI,MADATE,70,949,62,222,734,MANDIRI,760404702,PUSTU MADATTE,7,0
SULAWESI BARAT,POLEWALI MANDAR,POLEWALI,MANDING,76,739,86,212,188,BERKEMBANG,760404704,POSKESDES MANDING,6,0
SULAWESI BARAT,POLEWALI MANDAR,POLEWALI,DARMA,49,200,35,910,528,TERTINGGAL,7604041,RSUD POLEWALI,3,1
SULAWESI BARAT,POLEWALI MANDAR,POLEWALI,DARMA,49,200,35,910,528,TERTINGGAL,760404701,PUSTU DARMA,3,0
SULAWESI BARAT,POLEWALI MANDAR,TAPANGO,PELITAKAN,30,635,17,739,765,MAJU,7604027,PUSKESMAS PERAWATAN PELITAKAN,14,1
SULAWESI BARAT,POLEWALI MANDAR,TAPANGO,TAPANGO,75,583,63,122,125,MANDIRI,760402702,PUSTU TAPANGO,2,0
SULAWESI BARAT,POLEWALI MANDAR,TAPANGO,RAPPANG,52,686,70,401,663,BERKEMBANG,760402703,PUSTU RAPPANG,1,0
SULAWESI BARAT,POLEWALI MANDAR,TAPANGO,DAKKA,57,778,28,208,111,TERTINGGAL,760402704,POSKESDES DAKKA,1,0
SULAWESI BARAT,POLEWALI MANDAR,TAPANGO,BATU,12,808,35,203,873,MAJU,760402706,PUSTU BATU,1,0
SULAWESI BARAT,POLEWALI MANDAR,TAPANGO,RISO,46,271,48,999,143,MANDIRI,760402705,PUSTU RISO,1,0
SULAWESI BARAT,POLEWALI MANDAR,TAPANGO,PALATTA,72,927,96,579,401,BERKEMBANG,760402711,POSKESDES PALATTA,2,0
SULAWESI BARAT,POLEWALI MANDAR,TAPANGO,TAPANGO BARAT,44,215,12,677,225,TERTINGGAL,760402708,PUSTU TAPANGO BARAT,2,0
SULAWESI BARAT,POLEWALI MANDAR,TAPANGO,KURRAK,24,472,44,431,551,MAJU,760402713,POSKESDES KURRAK,1,0
SULAWESI BARAT,POLEWALI MANDAR,TAPANGO,BUSSU,96,293,87,241,461,MANDIRI,760402709,PUSTU BUSSU,2,0
SULAWESI BARAT,POLEWALI MANDAR,TAPANGO,TUTTULA,67,127,40,343,229,BERKEMBANG,760402701,POSKESDES TUTTULA,1,0
SULAWESI BARAT,POLEWALI MANDAR,TAPANGO,JAMBU MALEA,36,784,80,396,864,TERTINGGAL,760402710,POSKESDES JAMBUMALEA,1,0
SULAWESI BARAT,POLEWALI MANDAR,TAPANGO,KALIMBUA,94,209,35,744,575,MAJU,760402707,POSKESDES KALIMBUA,3,0
SULAWESI BARAT,POLEWALI MANDAR,TAPANGO,BANATO REJO,75,164,26,892,153,MANDIRI,760402712,PUSTU BANATO REJO,2,0
SULAWESI BARAT,POLEWALI MANDAR,TINAMBUNG,TINAMBUNG,65,578,14,672,512,BERKEMBANG,7604019,PUSKESMAS TINAMBUNG,3,4
SULAWESI BARAT,POLEWALI MANDAR,TINAMBUNG,KARAMA,41,583,67,891,944,TERTINGGAL,760401905,PUSTU KARAMA,5,1
SULAWESI BARAT,POLEWALI MANDAR,TINAMBUNG,TANGNGA TANGNGA,17,588,15,755,614,MAJU,760401906,POSKESDES TANGNGA TANGNGA,5,0
SULAWESI BARAT,POLEWALI MANDAR,TINAMBUNG,LEKOPADIS,69,134,47,463,972,MANDIRI,760401904,POSKESDES LEKOPADIS,6,0
SULAWESI BARAT,POLEWALI MANDAR,TINAMBUNG,GALUNG LOMBOK,34,965,57,926,970,BERKEMBANG,760401903,PUSTU GALUNG LOMBOK,5,0
SULAWESI BARAT,POLEWALI MANDAR,TINAMBUNG,TANDUNG,85,325,21,505,403,TERTINGGAL,760401901,PUSTU TANDUNG,3,0
SULAWESI BARAT,POLEWALI MANDAR,TINAMBUNG,BATULAYA,56,766,83,342,911,MAJU,760401902,POSKESDES BATULAYA,4,0
SULAWESI BARAT,POLEWALI MANDAR,TINAMBUNG,SEPABATU,21,427,59,871,981,MANDIRI,760401907,PUSTU SEPABATU,3,0
SULAWESI BARAT,POLEWALI MANDAR,TUTAR,TARAMANU,83,594,65,287,254,BERKEMBANG,7604022,PKM TUTAR,0,1
SULAWESI BARAT,POLEWALI MANDAR,TUTAR,AMBOPADANG,77,273,46,696,376,TERTINGGAL,760402202,PUSTU AMBOPADANG,1,0
SULAWESI BARAT,POLEWALI MANDAR,TUTAR,TUBBI,50,885,52,788,127,MAJU,760402208,POSKESDES TUBBI,2,0
SULAWESI BARAT,POLEWALI MANDAR,TUTAR,RATTE,98,578,100,209,609,MANDIRI,760402201,POSKESDES RATTE,2,0
SULAWESI BARAT,POLEWALI MANDAR,TUTAR,BESOANGIN,91,586,17,228,942,BERKEMBANG,760402211,POSKESDES BESOANGIN,1,0
SULAWESI BARAT,POLEWALI MANDAR,TUTAR,PIRIANG TAPIKO,28,837,58,123,824,TERTINGGAL,760402209,POSKESDER PIRIANG TAPIKO,2,2
SULAWESI BARAT,POLEWALI MANDAR,TUTAR,PEBURRU,73,343,75,267,592,MAJU,760402206,POSKESDES PEBURRU,1,0
SULAWESI BARAT,POLEWALI MANDAR,TUTAR,TALOBA,14,668,41,285,826,MANDIRI,760402210,POSKESDES TALOBA,1,0
SULAWESI BARAT,POLEWALI MANDAR,TUTAR,POLLEWANI,74,380,89,487,785,BERKEMBANG,760402212,PUSTU PULLEWANI,1,0
SULAWESI BARAT,POLEWALI MANDAR,TUTAR,ARABUA,72,462,60,437,587,TERTINGGAL,760402204,POSKESDES ARABUA,1,0
SULAWESI BARAT,POLEWALI MANDAR,TUTAR,BESOANGIN UTARA,58,381,91,394,581,MAJU,760402203,PUSTU BESOANGIN UTARA,1,0
SULAWESI BARAT,POLEWALI MANDAR,TUTAR,PODA,82,931,86,250,787,MANDIRI,760402205,POSKESDES PODA-PODA,2,0
SULAWESI BARAT,POLEWALI MANDAR,TUTAR,TARAMANU TUA,96,418,58,750,361,BERKEMBANG,760402207,POSKESDES DESA TARAMANU TUA,2,0
SULAWESI BARAT,POLEWALI MANDAR,WONOMULYO,SIDODADI,33,273,58,448,810,TERTINGGAL,7604029,PUSKESMAS WONOMULYO,0,6
SULAWESI BARAT,POLEWALI MANDAR,WONOMULYO,SIDODADI,33,273,58,448,810,TERTINGGAL,7604050,RSUD WONOMULYO,10,2
SULAWESI BARAT,POLEWALI MANDAR,WONOMULYO,SIDOREJO,88,247,23,231,884,MAJU,760402902,Poskesdes Sidorejo,1,0
SULAWESI BARAT,POLEWALI MANDAR,WONOMULYO,SUMBEREJO,90,790,47,678,529,MANDIRI,760402903,Poskesdes Sumberjo,1,0
SULAWESI BARAT,POLEWALI MANDAR,WONOMULYO,SUMBEREJO,90,790,47,678,529,MANDIRI,760402911,BPM HIDAYAH,0,1
SULAWESI BARAT,POLEWALI MANDAR,WONOMULYO,BUMIAYU,66,399,46,385,502,BERKEMBANG,7604052,PMB FATIMAZZAHRA,1,0
SULAWESI BARAT,POLEWALI MANDAR,WONOMULYO,BUMIAYU,66,399,46,385,502,BERKEMBANG,760403003,Poskesdes Bumiayu,2,0
SULAWESI BARAT,POLEWALI MANDAR,WONOMULYO,BUMIAYU,66,399,46,385,502,BERKEMBANG,760403004,Pustu Kebundalam,2,0
SULAWESI BARAT,POLEWALI MANDAR,WONOMULYO,KEBUNSARI,98,965,68,836,888,TERTINGGAL,7604030,PUSKESMAS KEBUNSARI,3,2
SULAWESI BARAT,POLEWALI MANDAR,WONOMULYO,BANUA BARU,22,963,53,359,605,MAJU,760402904,Pustu Banua - Baru,3,0
SULAWESI BARAT,POLEWALI MANDAR,WONOMULYO,NEPO,16,858,33,920,908,MANDIRI,760403005,Poskesdes Nepo,2,0
SULAWESI BARAT,POLEWALI MANDAR,WONOMULYO,SUGIHWARAS,70,255,20,806,165,BERKEMBANG,760402905,Poskesdes Sugiwaras,2,0
SULAWESI BARAT,POLEWALI MANDAR,WONOMULYO,CAMPURJO,79,919,37,566,771,TERTINGGAL,760402910,Poskesdes Campurjo,1,0
SULAWESI BARAT,POLEWALI MANDAR,WONOMULYO,BUMIMULYO,34,867,58,290,390,MAJU,760403001,Poskesdes Bumimulyo,2,0
SULAWESI BARAT,POLEWALI MANDAR,WONOMULYO,TUMPILING,55,683,86,375,244,MANDIRI,760402907,Poskesdes Tumpiling,1,0
SULAWESI BARAT,POLEWALI MANDAR,WONOMULYO,BAKKA-BAKKA,80,950,46,146,194,BERKEMBANG,760402909,Poskesdes Bakka - Bakka,1,0
SULAWESI BARAT,POLEWALI MANDAR,WONOMULYO,ARJO SARI,82,932,94,985,313,TERTINGGAL,760403002,Poskesdes Arjosari,2,0
SULAWESI BARAT,POLEWALI MANDAR,WONOMULYO,GALESON,57,304,92,462,401,MAJU,760402906,Poskesdes Mampie,1,0
SULAWESI BARAT,POLEWALI MANDAR,WONOMULYO,GALESON,57,304,92,462,401,MAJU,760402908,Pustu Galeso,1,1
SULAWESI BARAT,MAMUJU,MAMUJU,BINANGA,65,429,100,849,602,MANDIRI,7602008,PKM BINANGA,7,6
SULAWESI BARAT,MAMUJU,MAMUJU,BINANGA,65,429,100,849,602,MANDIRI,7602050,BIDAN MANDIRI HJ. MAENIAH OTONG,0,1
SULAWESI BARAT,MAMUJU,MAMUJU,BINANGA,65,429,100,849,602,MANDIRI,7602052,POLIKLINIK KESEHATAN 14.09.16 MAMUJU,4,0
SULAWESI BARAT,MAMUJU,MAMUJU,MAMUNYU,38,364,100,378,955,BERKEMBANG,7602044,POLIKLINIK BIDOKKES POLDA SULBAR,1,0
SULAWESI BARAT,MAMUJU,MAMUJU,MAMUNYU,38,364,100,378,955,BERKEMBANG,760200801,Pustu Tambi,2,1
SULAWESI BARAT,MAMUJU,MAMUJU,MAMUNYU,38,364,100,378,955,BERKEMBANG,760200802,Pustu Tamasapi,1,2
SULAWESI BARAT,MAMUJU,MAMUJU,KAREMA,80,170,41,432,654,TERTINGGAL,7602010,"FASKES dr KHADIJAH TUAMI, KLINIK KB BPS UMMY",4,0
SULAWESI BARAT,MAMUJU,MAMUJU,KAREMA,80,170,41,432,654,TERTINGGAL,7602057,DPD dr. SRI RIZKY Y DJURAEDJO,3,0
SULAWESI BARAT,MAMUJU,MAMUJU,KAREMA,80,170,41,432,654,TERTINGGAL,760200803,Poskesdes Tahaya-haya,7,0
SULAWESI BARAT,MAMUJU,MAMUJU,KAREMA,80,170,41,432,654,TERTINGGAL,760200805,Poskesdes Karema Utara,6,0
SULAWESI BARAT,MAMUJU,MAMUJU,KAREMA,80,170,41,432,654,TERTINGGAL,760200806,PUSTU PADANG PANGA,9,1
SULAWESI BARAT,MAMUJU,MAMUJU,RIMUKU,54,166,56,709,217,MAJU,7602006,PKBRS RSUD MAMUJU,0,5
SULAWESI BARAT,MAMUJU,MAMUJU,RIMUKU,54,166,56,709,217,MAJU,7602007,RS MITRA MANAKARRA,9,2
SULAWESI BARAT,MAMUJU,MAMUJU,RIMUKU,54,166,56,709,217,MAJU,7602011,PRAKTEK DOKTER LINDAWATY HARIANDJA,2,0
SULAWESI BARAT,MAMUJU,MAMUJU,RIMUKU,54,166,56,709,217,MAJU,7602041,KLINIK WIRASATYA,4,1
SULAWESI BARAT,MAMUJU,MAMUJU,RIMUKU,54,166,56,709,217,MAJU,7602049,RSIA MUTIARA IBU,1,1
SULAWESI BARAT,MAMUJU,MAMUJU,RIMUKU,54,166,56,709,217,MAJU,7602056,PMB AZ.ZAHRA,1,2
SULAWESI BARAT,MAMUJU,MAMUJU,BAMBU,73,564,15,439,422,MANDIRI,7602009,PUSKESMAS BAMBU,4,1
SULAWESI BARAT,MAMUJU,MAMUJU,KARAMPUANG,49,118,56,508,257,BERKEMBANG,760200901,Poskesdes Ujung Bulo,1,0
SULAWESI BARAT,MAMUJU,MAMUJU,KARAMPUANG,49,118,56,508,257,BERKEMBANG,760200902,Poskesdes Bajak,1,0
SULAWESI BARAT,MAMUJU,MAMUJU,KARAMPUANG,49,118,56,508,257,BERKEMBANG,760200903,Pustu Karampuang,2,0
SULAWESI BARAT,MAMUJU,MAMUJU,TADUI,42,949,34,600,498,TERTINGGAL,760200904,Poskesdes Tadui,6,0
SULAWESI BARAT,MAMUJU,MAMUJU,BATU PANNU,81,206,93,628,789,MAJU,Tidak Ada,Tidak Ada,0,0
SULAWESI BARAT,MAMUJU,TAPALANG,GALUNG,79,171,80,205,824,MANDIRI,7602026,Puskesmas Tapalang,8,4
SULAWESI BARAT,MAMUJU,TAPALANG,KASAMBANG,81,226,71,729,753,BERKEMBANG,760202603,Poskesdes Kasambang,2,0
SULAWESI BARAT,MAMUJU,TAPALANG,DAYANGINNA,48,198,85,443,510,TERTINGGAL,Tidak Ada,Tidak Ada,0,0
SULAWESI BARAT,MAMUJU,TAPALANG,OROBATU,72,543,74,757,553,MAJU,760202606,Poskesdes Orobatu,0,1
SULAWESI BARAT,MAMUJU,TAPALANG,TAKANDEANG,77,904,58,535,947,MANDIRI,760202607,Pustu Takandeang,2,0
SULAWESI BARAT,MAMUJU,TAPALANG,BELA,47,161,75,270,754,BERKEMBANG,760202602,Pustu Bela,2,0
SULAWESI BARAT,MAMUJU,TAPALANG,TAAN,61,664,55,346,506,TERTINGGAL,760202601,Pustu Taan,1,2
SULAWESI BARAT,MAMUJU,TAPALANG,TAMPALANG,87,509,61,444,524,MAJU,760202608,Pustu Tampalang,2,0
SULAWESI BARAT,MAMUJU,TAPALANG,RANTEDODA,31,274,57,531,339,MANDIRI,760202604,Poskesdes Rantedoda,2,0
SULAWESI BARAT,MAMUJU,TAPALANG,KOPEANG,85,468,16,405,729,BERKEMBANG,760202605,Pustu Kopeang,2,0
SULAWESI BARAT,MAMUJU,KALUKKU,SINYONYOI,49,261,16,768,618,TERTINGGAL,7602020,Puskesmas Tampa Padang,4,3
SULAWESI BARAT,MAMUJU,KALUKKU,SINYONYOI,49,261,16,768,618,TERTINGGAL,760202204,UPTD Sinyonyoi Marano,1,0
SULAWESI BARAT,MAMUJU,KALUKKU,BEBANGA,21,491,11,335,479,MAJU,760202001,Pustu Bebanga,3,0
SULAWESI BARAT,MAMUJU,KALUKKU,BEBANGA,21,491,11,335,479,MAJU,760202004,Poskesdes Galung,1,0
SULAWESI BARAT,MAMUJU,KALUKKU,BEBANGA,21,491,11,335,479,MAJU,760202013,BPS HASNAWATI,1,0
SULAWESI BARAT,MAMUJU,KALUKKU,KALUKKU,70,585,39,520,718,MANDIRI,7602055,Klinik dr Dewi sartika,2,1
SULAWESI BARAT,MAMUJU,KALUKKU,KALUKKU,70,585,39,520,718,MANDIRI,760202003,Poskesdes Le'beng,3,0
SULAWESI BARAT,MAMUJU,KALUKKU,KALUKKU,70,585,39,520,718,MANDIRI,760202005,Pustu Kalukku,4,0
SULAWESI BARAT,MAMUJU,KALUKKU,SINYONYOI SELATAN,63,723,16,890,453,BERKEMBANG,7602022,Puskesmas Ranga-Ranga,11,0
SULAWESI BARAT,MAMUJU,KALUKKU,SONDOANG,61,668,32,706,980,TERTINGGAL,760202009,Pustu Sondoang,5,0
SULAWESI BARAT,MAMUJU,KALUKKU,SONDOANG,61,668,32,706,980,TERTINGGAL,760202012,Poskesdes Kasso,2,0
SULAWESI BARAT,MAMUJU,KALUKKU,BERU-BERU,87,545,14,708,925,MAJU,7602027,PKM Beru-Beru,5,1
SULAWESI BARAT,MAMUJU,KALUKKU,BERU-BERU,87,545,14,708,925,MAJU,760202702,Poskesdes Kampung Baru,3,0
SULAWESI BARAT,MAMUJU,KALUKKU,BELANG BELANG,40,593,53,238,683,MANDIRI,760202701,Poskesdes Belang-Belang,3,0
SULAWESI BARAT,MAMUJU,KALUKKU,BELANG BELANG,40,593,53,238,683,MANDIRI,760202707,Puskesdes Bakengkeng,2,0
SULAWESI BARAT,MAMUJU,KALUKKU,KABULOANG,45,727,30,281,195,BERKEMBANG,760202703,Poskesdes Kabuloang,6,0
SULAWESI BARAT,MAMUJU,KALUKKU,KABULOANG,45,727,30,281,195,BERKEMBANG,760202704,Poskesdes Kalilung,4,0
SULAWESI BARAT,MAMUJU,KALUKKU,KABULOANG,45,727,30,281,195,BERKEMBANG,760202705,Poskesdes Rarani,3,0
SULAWESI BARAT,MAMUJU,KALUKKU,KABULOANG,45,727,30,281,195,BERKEMBANG,760202706,Poskesdes Salupompong,3,1
SULAWESI BARAT,MAMUJU,KALUKKU,KEANG,47,700,27,315,932,TERTINGGAL,7602021,Puskesmas Keang,8,1
SULAWESI BARAT,MAMUJU,KALUKKU,POKKANG,97,880,66,762,350,MAJU,760202709,Poskesdes Pokkang,2,0
SULAWESI BARAT,MAMUJU,KALUKKU,GULILING,39,625,69,752,640,MANDIRI,760202708,Poskesdes Guliling,4,0
SULAWESI BARAT,MAMUJU,KALUKKU,UHAIMATE,33,685,65,533,181,BERKEMBANG,760202101,Poskesdes Uhaimate,3,0
SULAWESI BARAT,MAMUJU,KALUKKU,KALUKKU BARAT,12,893,97,265,642,TERTINGGAL,760202002,Poskesdes Kalukku Barat,4,0
SULAWESI BARAT,MAMUJU,KALUKKU,PAMMULUKANG,75,135,72,695,828,MAJU,760202203,Poskesdes Pamulukang,4,0
SULAWESI BARAT,MAMUJU,KALUKKU,PAMMULUKANG,75,135,72,695,828,MAJU,760202205,Poskesdes Rombi APo,1,0
SULAWESI BARAT,MAMUJU,KALUMPANG,KALUMPANG,90,533,33,885,755,MANDIRI,7602018,PKM Kurrusumanga,12,0
SULAWESI BARAT,MAMUJU,KALUMPANG,KARATAUN,20,493,26,184,938,BERKEMBANG,7602017,Puskesmas Unit Tambang raya,0,1
SULAWESI BARAT,MAMUJU,KALUMPANG,KARAMA,87,663,58,847,904,TERTINGGAL,7602016,Puskesmas Sipatuo,1,0
SULAWESI BARAT,MAMUJU,KALUMPANG,SIRAUN,92,667,60,446,119,MAJU,760201703,Puskesdes Siraun,1,0
SULAWESI BARAT,MAMUJU,KALUMPANG,TUMOGA,58,766,31,738,300,MANDIRI,760201603,Pustu Tumonga,1,0
SULAWESI BARAT,MAMUJU,KALUMPANG,SALUMAKKI,95,500,16,1000,322,BERKEMBANG,760201702,Pustu Salumakki,1,0
SULAWESI BARAT,MAMUJU,KALUMPANG,POLIO,100,821,39,533,723,TERTINGGAL,760201601,Poskesdes Polio,1,0
SULAWESI BARAT,MAMUJU,KALUMPANG,LIMBONG,78,334,78,438,438,MAJU,760201802,Pustu Limbong,0,1
SULAWESI BARAT,MAMUJU,KALUMPANG,SANDAPANG,24,943,41,399,453,MANDIRI,760201604,Pustu Sandapang,0,1
SULAWESI BARAT,MAMUJU,KALUMPANG,KONDO BULO,89,254,58,761,512,BERKEMBANG,760201801,Pustu Kondo Bulo,2,0
SULAWESI BARAT,MAMUJU,KALUMPANG,KONDO BULO,89,254,58,761,512,BERKEMBANG,760201803,Poskesdes Peragian,3,0
SULAWESI BARAT,MAMUJU,KALUMPANG,MAKKALIKI,62,773,87,144,546,TERTINGGAL,760201804,Pustu makkaliki,0,1
SULAWESI BARAT,MAMUJU,KALUMPANG,BATU MAKKADA,99,187,97,426,673,MAJU,760201602,pustu batu makkada,1,0
SULAWESI BARAT,MAMUJU,KALUMPANG,LASA',46,379,60,946,903,MANDIRI,760201701,Poskesdes Lasa,1,0
SULAWESI BARAT,MAMUJU,PAPALANG,TOABO,22,798,81,665,713,BERKEMBANG,760201208,Poskesdes Wanua Baru,1,0
SULAWESI BARAT,MAMUJU,PAPALANG,TOABO,22,798,81,665,713,BERKEMBANG,760201209,Poskesdes Toabo,2,1
SULAWESI BARAT,MAMUJU,PAPALANG,PAPALANG,42,278,19,324,356,TERTINGGAL,760201207,Poskesdes Papalang,4,0
SULAWESI BARAT,MAMUJU,PAPALANG,BONDA,70,333,92,945,744,MAJU,760201201,Poskesdes Bonda,5,0
SULAWESI BARAT,MAMUJU,PAPALANG,TOPORE,25,722,11,579,360,MANDIRI,7602012,PUSKESMAS TOPORE,5,2
SULAWESI BARAT,MAMUJU,PAPALANG,SALUKAYU,78,375,64,880,622,BERKEMBANG,760201206,Puskesdes Salukayu,1,0
SULAWESI BARAT,MAMUJU,PAPALANG,SALUKAYU,78,375,64,880,622,BERKEMBANG,760201211,Poskesdes Salubotteng,1,0
SULAWESI BARAT,MAMUJU,PAPALANG,SUKADAMAI,33,184,99,739,190,TERTINGGAL,760201210,Poskesdes Sukadamai,1,0
SULAWESI BARAT,MAMUJU,PAPALANG,BODA-BODA,89,248,58,751,801,MAJU,760201203,Poskesdes Boda-boda,4,0
SULAWESI BARAT,MAMUJU,PAPALANG,SISANGO,71,207,93,326,290,MANDIRI,760201204,Puskesdes Sisango I/ Sisango Selatan,2,0
SULAWESI BARAT,MAMUJU,PAPALANG,SISANGO,71,207,93,326,290,MANDIRI,760201205,Puskesdes Sisango II/Sisango Utara,2,0
SULAWESI BARAT,MAMUJU,PAPALANG,BATU AMPA,34,321,48,719,367,BERKEMBANG,760201202,POSKESDES BATUAMPA,2,0
SULAWESI BARAT,MAMUJU,SAMPAGA,BUNDE,54,491,97,182,111,TERTINGGAL,760202507,Pustu Bunde,2,0
SULAWESI BARAT,MAMUJU,SAMPAGA,BUNDE,54,491,97,182,111,TERTINGGAL,760202509,Poskesdes Takosang,2,0
SULAWESI BARAT,MAMUJU,SAMPAGA,KALONDING,69,757,57,605,966,MAJU,760202501,Pustu Kalonding,3,0
SULAWESI BARAT,MAMUJU,SAMPAGA,KALONDING,69,757,57,605,966,MAJU,760202502,Posksdes Pedasi,1,0
SULAWESI BARAT,MAMUJU,SAMPAGA,KALONDING,69,757,57,605,966,MAJU,760202503,Poskesdes Sidomakmur,3,0
SULAWESI BARAT,MAMUJU,SAMPAGA,TARAILU,98,861,12,396,694,MANDIRI,7602025,Puskesmas Tarailu,2,1
SULAWESI BARAT,MAMUJU,SAMPAGA,SAMPAGA,76,199,81,647,933,BERKEMBANG,760202504,Poskesdes Sampaga,4,0
SULAWESI BARAT,MAMUJU,SAMPAGA,TANAMBUAH,92,207,53,806,788,TERTINGGAL,760202508,Pustu Tanambuah,4,0
SULAWESI BARAT,MAMUJU,SAMPAGA,SALUBARANA,84,639,41,882,362,MAJU,760202506,Pustu Salubarana,3,0
SULAWESI BARAT,MAMUJU,SAMPAGA,LOSSO,60,131,99,116,635,MANDIRI,760202505,Poskesdes Losso,1,0
SULAWESI BARAT,MAMUJU,TOMMO,TOMMO,58,615,87,309,485,BERKEMBANG,7602014,Klinik KB Puskesmas Tommo,1,7
SULAWESI BARAT,MAMUJU,TOMMO,CAMPALOGA,77,697,46,114,895,TERTINGGAL,7602013,Puskesmas Campaloga,8,3
SULAWESI BARAT,MAMUJU,TOMMO,CAMPALOGA,77,697,46,114,895,TERTINGGAL,760201304,POSKESDES SALUMANU,2,0
SULAWESI BARAT,MAMUJU,TOMMO,BUANA SAKTI,96,328,57,778,146,MAJU,760201401,Poskesdes Buana Sakti,4,0
SULAWESI BARAT,MAMUJU,TOMMO,TAMEMONGGA,68,492,16,825,246,MANDIRI,760201402,POSKESDES TAMEMONGGA,1,0
SULAWESI BARAT,MAMUJU,TOMMO,TAMEMONGGA,68,492,16,825,246,MANDIRI,760201403,PUSTU SALUMADINGIN,1,0
SULAWESI BARAT,MAMUJU,TOMMO,TAMEJARRA,30,541,29,237,178,BERKEMBANG,760201303,pustu tammejarra,2,0
SULAWESI BARAT,MAMUJU,TOMMO,RANTEMARIO,17,547,17,518,486,TERTINGGAL,760201301,Pustu Rante Mario,1,0
SULAWESI BARAT,MAMUJU,TOMMO,MALINO,29,692,25,981,565,MAJU,760201305,POSKESDES MALINO,1,0
SULAWESI BARAT,MAMUJU,TOMMO,KAKULLASANG,72,288,63,835,467,MANDIRI,760201302,Puskesmas Pembantu Kakulassan,4,2
SULAWESI BARAT,MAMUJU,TOMMO,KAKULLASANG,72,288,63,835,467,MANDIRI,760201306,PUSTU KALKULASSANG,2,0
SULAWESI BARAT,MAMUJU,TOMMO,LELING,33,560,49,169,111,BERKEMBANG,760201501,Pustu Leling,2,0
SULAWESI BARAT,MAMUJU,TOMMO,KALEPU,43,223,59,889,108,TERTINGGAL,760201405,PUSTU KALEPU,1,0
SULAWESI BARAT,MAMUJU,TOMMO,SANDANA,72,451,80,468,720,MAJU,760201503,Poskesdes Mariri,2,0
SULAWESI BARAT,MAMUJU,TOMMO,LELING BARAT,59,129,19,776,679,MANDIRI,7602015,PKM Leling,11,1
SULAWESI BARAT,MAMUJU,TOMMO,LELING BARAT,59,129,19,776,679,MANDIRI,760201502,Poskesdes Lomban Baraba,0,1
SULAWESI BARAT,MAMUJU,TOMMO,LELING UTARA,20,980,38,332,978,BERKEMBANG,760201504,POSKESDES SALUPATTUNG,2,0
SULAWESI BARAT,MAMUJU,TOMMO,LELING UTARA,20,980,38,332,978,BERKEMBANG,760201505,Poskesdes Salulassa,0,1
SULAWESI BARAT,MAMUJU,TOMMO,SALUDENGEN,49,314,72,836,319,TERTINGGAL,760201404,PUSTU SALUDENGEN,1,0
SULAWESI BARAT,MAMUJU,SIMBORO,SIMBORO,43,524,53,340,669,MAJU,7602001,RSUD PROV SULBAR,3,4
SULAWESI BARAT,MAMUJU,SIMBORO,SIMBORO,43,524,53,340,669,MAJU,7602002,RS BHAYANGKARA HOEGENG IMAN SANTOSO,3,1
SULAWESI BARAT,MAMUJU,SIMBORO,SIMBORO,43,524,53,340,669,MAJU,760200504,PUSTU SIMBORO,2,0
SULAWESI BARAT,MAMUJU,SIMBORO,SIMBORO,43,524,53,340,669,MAJU,760200512,BPM HJ. ADRIANY,1,0
SULAWESI BARAT,MAMUJU,SIMBORO,RANGAS,68,240,85,363,271,MANDIRI,7602003,KLINIK PRATAMA KANTOR GUBERNUR,1,2
SULAWESI BARAT,MAMUJU,SIMBORO,RANGAS,68,240,85,363,271,MANDIRI,7602005,PUSKESMAS RANGAS,19,7
SULAWESI BARAT,MAMUJU,SIMBORO,RANGAS,68,240,85,363,271,MANDIRI,760200404,POSKESDES SALUNANGKA,1,0
SULAWESI BARAT,MAMUJU,SIMBORO,RANGAS,68,240,85,363,271,MANDIRI,760200501,PUSKESDES SESE SELATAN,2,0
SULAWESI BARAT,MAMUJU,SIMBORO,RANGAS,68,240,85,363,271,MANDIRI,760200507,POSKESDES SESES UTARA,1,0
SULAWESI BARAT,MAMUJU,SIMBORO,BOTTENG,51,801,47,147,110,BERKEMBANG,7602004,PUSKESMAS BOTTENG,14,2
SULAWESI BARAT,MAMUJU,SIMBORO,SALETTO,61,577,57,888,627,TERTINGGAL,760200401,POSKESDES SALLETTO,5,0
SULAWESI BARAT,MAMUJU,SIMBORO,SUMARE,63,382,57,114,102,MAJU,760200503,POSKESDES SUMARE,3,0
SULAWESI BARAT,MAMUJU,SIMBORO,BOTTENG UTARA,47,986,96,895,672,MANDIRI,760200403,POSKESDES POPANGA,2,1
SULAWESI BARAT,MAMUJU,SIMBORO,TAPANDULLU,88,818,12,198,633,BERKEMBANG,760200506,PUSTU TAPANDULLU,1,0
SULAWESI BARAT,MAMUJU,SIMBORO,PATI'DI,81,460,96,684,602,TERTINGGAL,760200407,POSKESDES PATIDDI,3,0
SULAWESI BARAT,MAMUJU,TAPALANG BARAT,DUNGKAIT,54,997,91,134,498,MAJU,7602019,Puskesmas Dungkait,10,0
SULAWESI BARAT,MAMUJU,TAPALANG BARAT,LEBANI,21,418,17,661,410,MANDIRI,760201908,Pustu Lebani,2,0
SULAWESI BARAT,MAMUJU,TAPALANG BARAT,LABUANG RANO,45,994,50,139,559,BERKEMBANG,760201902,Pustu Labuang Rano,2,1
SULAWESI BARAT,MAMUJU,TAPALANG BARAT,LABUANG RANO,45,994,50,139,559,BERKEMBANG,760201903,Poskesdes Turadu,3,0
SULAWESI BARAT,MAMUJU,TAPALANG BARAT,PASABU,70,278,46,381,116,TERTINGGAL,7602042,PUSKESMAS TAPALANG BARAT,3,1
SULAWESI BARAT,MAMUJU,TAPALANG BARAT,PASABU,70,278,46,381,116,TERTINGGAL,760204201,Pustu Pasabu,2,0
SULAWESI BARAT,MAMUJU,TAPALANG BARAT,TANETE PAO,77,340,73,927,447,MAJU,760204203,pustu tenetepao,4,0
SULAWESI BARAT,MAMUJU,TAPALANG BARAT,PANGASAAN,80,717,66,760,333,MANDIRI,760201906,Poskesdes Pangasaaan,1,0
SULAWESI BARAT,MAMUJU,TAPALANG BARAT,AHU,59,914,25,948,662,BERKEMBANG,760204202,poskesdes ahu,4,0
SULAWESI BARAT,MAMUJU,BONEHAU,BONEHAU,97,939,100,552,741,TERTINGGAL,760202303,Pustu Talondo Kondo,2,0
SULAWESI BARAT,MAMUJU,BONEHAU,BONEHAU,97,939,100,552,741,TERTINGGAL,760202304,Puskesdes Tamalea,0,1
SULAWESI BARAT,MAMUJU,BONEHAU,BONEHAU,97,939,100,552,741,TERTINGGAL,760203002,Pustu Bonehau,1,0
SULAWESI BARAT,MAMUJU,BONEHAU,SALUTIWO,51,947,39,650,742,MAJU,760203004,Pustu Salutiwo,2,0
SULAWESI BARAT,MAMUJU,BONEHAU,BUTTUADA,76,254,64,142,482,MANDIRI,7602024,PKM BUTTUADA,7,0
SULAWESI BARAT,MAMUJU,BONEHAU,BUTTUADA,76,254,64,142,482,MANDIRI,760202401,Poskesdes Mao,2,0
SULAWESI BARAT,MAMUJU,BONEHAU,BUTTUADA,76,254,64,142,482,MANDIRI,760202402,Poskesdes Pelosian,1,0
SULAWESI BARAT,MAMUJU,BONEHAU,TAMALEA,52,525,32,780,101,BERKEMBANG,760203003,Poskesdes Talondo 1,1,1
SULAWESI BARAT,MAMUJU,BONEHAU,LUMIKA,32,167,11,965,462,TERTINGGAL,7602030,PKM Bonehau Mesa Kada,6,1
SULAWESI BARAT,MAMUJU,BONEHAU,MAPPU,89,977,46,518,716,MAJU,760203001,Poskesdes Dengen,2,0
SULAWESI BARAT,MAMUJU,BONEHAU,BANUADA,13,789,18,276,309,MANDIRI,760202403,Poskesdes Banuada,1,0
SULAWESI BARAT,MAMUJU,BONEHAU,HINUA,21,114,23,697,721,BERKEMBANG,7602023,PKM HINUA,5,1
SULAWESI BARAT,MAMUJU,BONEHAU,KINATANG,50,901,98,480,436,TERTINGGAL,760202301,Poskesdes Kinatang,2,0
SULAWESI BARAT,MAMUJU,KEP. BALA BALAKANG,BALA BALAKANG,84,575,72,139,168,MAJU,7602031,Puskesmas Salissingan,2,0
SULAWESI BARAT,MAMUJU,KEP. BALA BALAKANG,BALA BALAKANG,84,575,72,139,168,MAJU,760203101,Pustu Popoongan,1,1
SULAWESI BARAT,MAMUJU,KEP. BALA BALAKANG,BALA BALAKANG,84,575,72,139,168,MAJU,760203102,Pustu Sabakkatang,1,0
SULAWESI BARAT,MAMUJU,KEP. BALA BALAKANG,BALA-BALAKANG TIMUR,84,176,49,467,938,MANDIRI,760203103,Pustu Ambo',5,0
